case_id,customer_id,customer_type,warehouse,shipping_method,product_category,order_value,start_time,end_time,total_hours,delayed,manual_approval,rework
ORD00001,CUST0655,Enterprise,WH_NORTH,Priority,Clothing,2690.2,2026-03-04 11:08:00,2026-03-13 10:14:00,215.1,1,0,1
ORD00002,CUST0460,Enterprise,WH_EAST,Standard,Industrial,1618.72,2026-03-29 12:09:00,2026-04-06 21:20:00,201.18,1,1,0
ORD00003,CUST0301,Retail,WH_EAST,Standard,Electronics,3035.56,2026-01-12 11:49:00,2026-01-16 22:58:00,107.15,0,0,0
ORD00004,CUST0624,Retail,WH_SOUTH,Priority,Furniture,6114.53,2026-02-11 15:24:00,2026-02-14 16:46:00,73.37,0,0,0
ORD00005,CUST0217,Enterprise,WH_EAST,Priority,Industrial,1499.19,2026-04-12 15:09:00,2026-04-16 22:37:00,103.47,0,0,0
ORD00006,CUST0157,Retail,WH_SOUTH,Express,Office Supplies,1499.21,2026-01-17 14:24:00,2026-01-24 16:18:00,169.9,1,0,0
ORD00007,CUST0115,SMB,WH_EAST,Standard,Industrial,6395.63,2026-01-01 12:32:00,2026-01-04 16:21:00,75.82,0,0,0
ORD00008,CUST0614,SMB,WH_EAST,Standard,Electronics,3340.74,2026-04-03 12:15:00,2026-04-08 23:21:00,131.1,0,0,0
ORD00009,CUST0272,Enterprise,WH_WEST,Priority,Furniture,1241.93,2026-03-21 14:42:00,2026-03-24 18:46:00,76.07,0,0,0
ORD00010,CUST0235,Enterprise,WH_NORTH,Express,Electronics,2790.7,2026-05-12 11:17:00,2026-05-18 19:25:00,152.13,0,0,0
ORD00011,CUST0363,SMB,WH_WEST,Express,Electronics,1247.96,2026-06-22 09:03:00,2026-06-26 17:47:00,104.73,0,0,0
ORD00012,CUST0454,Enterprise,WH_NORTH,Priority,Office Supplies,1245.65,2026-01-04 09:59:00,2026-01-12 19:15:00,201.27,1,0,0
ORD00013,CUST0949,SMB,WH_WEST,Express,Office Supplies,2194.19,2026-06-19 15:09:00,2026-06-23 10:29:00,91.33,0,0,0
ORD00014,CUST0059,Enterprise,WH_NORTH,Standard,Office Supplies,391.26,2026-01-18 11:25:00,2026-01-26 23:33:00,204.13,1,0,0
ORD00015,CUST0245,SMB,WH_EAST,Standard,Clothing,454.89,2026-04-28 13:59:00,2026-05-04 05:05:00,135.1,0,1,1
ORD00016,CUST0449,Retail,WH_EAST,Priority,Office Supplies,1153.05,2026-01-03 16:19:00,2026-01-09 21:20:00,149.02,0,0,0
ORD00017,CUST0209,Retail,WH_EAST,Express,Clothing,804.11,2026-01-14 09:40:00,2026-01-18 10:28:00,96.8,0,1,0
ORD00018,CUST0968,Retail,WH_SOUTH,Standard,Clothing,2324.82,2026-05-30 16:09:00,2026-06-09 07:06:00,230.95,1,1,0
ORD00019,CUST0998,Enterprise,WH_SOUTH,Standard,Furniture,874.44,2026-04-16 08:11:00,2026-04-27 14:16:00,270.08,1,0,0
ORD00020,CUST0313,Enterprise,WH_SOUTH,Standard,Furniture,584.15,2026-04-13 13:17:00,2026-04-19 20:08:00,150.85,0,0,0
ORD00021,CUST0112,SMB,WH_WEST,Priority,Clothing,5840.19,2026-04-22 17:32:00,2026-04-28 09:36:00,136.07,0,0,0
ORD00022,CUST0639,Retail,WH_EAST,Standard,Clothing,1509.27,2026-05-10 12:42:00,2026-05-15 00:32:00,107.83,0,0,0
ORD00023,CUST0312,Enterprise,WH_EAST,Express,Office Supplies,1908.4,2026-06-05 13:29:00,2026-06-11 12:31:00,143.03,0,0,0
ORD00024,CUST0026,Enterprise,WH_NORTH,Express,Office Supplies,578.36,2026-01-19 15:26:00,2026-01-30 19:58:00,268.53,1,0,0
ORD00025,CUST0052,Enterprise,WH_SOUTH,Express,Furniture,1169.69,2026-04-29 16:35:00,2026-05-06 22:30:00,173.92,1,0,0
ORD00026,CUST0785,Retail,WH_WEST,Standard,Clothing,1975.82,2026-04-23 09:45:00,2026-05-01 06:51:00,189.1,1,0,0
ORD00027,CUST0418,Retail,WH_EAST,Express,Industrial,719.97,2026-01-16 11:53:00,2026-01-24 05:16:00,185.38,1,0,1
ORD00028,CUST0874,Retail,WH_WEST,Priority,Office Supplies,2441.97,2026-06-04 11:31:00,2026-06-06 17:43:00,54.2,0,0,0
ORD00029,CUST0929,Retail,WH_WEST,Priority,Electronics,1118.22,2026-01-22 14:08:00,2026-01-30 16:40:00,194.53,1,1,0
ORD00030,CUST0020,SMB,WH_NORTH,Standard,Electronics,1431.74,2026-06-16 08:48:00,2026-06-23 18:33:00,177.75,1,0,0
ORD00031,CUST0786,Enterprise,WH_EAST,Priority,Office Supplies,1117.26,2026-01-30 10:19:00,2026-02-08 08:30:00,214.18,1,0,0
ORD00032,CUST0825,Retail,WH_NORTH,Standard,Clothing,7957.12,2026-05-17 14:42:00,2026-05-24 11:16:00,164.57,0,0,1
ORD00033,CUST0752,Retail,WH_EAST,Priority,Industrial,1788.62,2026-04-30 14:52:00,2026-05-03 07:45:00,64.88,0,0,0
ORD00034,CUST0507,Enterprise,WH_EAST,Express,Furniture,775.75,2026-04-01 12:21:00,2026-04-12 04:03:00,255.7,1,0,0
ORD00035,CUST0812,Enterprise,WH_NORTH,Express,Furniture,3491.32,2026-04-14 11:19:00,2026-04-22 12:09:00,192.83,1,0,0
ORD00036,CUST0237,Retail,WH_NORTH,Standard,Clothing,680.84,2026-01-31 16:48:00,2026-02-08 17:03:00,192.25,1,0,0
ORD00037,CUST0233,Enterprise,WH_EAST,Express,Electronics,2136.86,2026-05-17 10:17:00,2026-05-28 05:57:00,259.67,1,0,0
ORD00038,CUST0349,Enterprise,WH_SOUTH,Express,Industrial,377.01,2026-01-30 09:25:00,2026-02-08 01:20:00,207.92,1,0,0
ORD00039,CUST0390,SMB,WH_WEST,Express,Office Supplies,624.81,2026-04-20 12:36:00,2026-04-24 16:34:00,99.97,0,0,0
ORD00040,CUST0161,SMB,WH_NORTH,Express,Office Supplies,2116.44,2026-05-01 12:02:00,2026-05-07 02:48:00,134.77,0,0,1
ORD00041,CUST0664,SMB,WH_SOUTH,Standard,Electronics,3264.21,2026-01-16 10:50:00,2026-01-26 23:17:00,252.45,1,0,0
ORD00042,CUST0553,SMB,WH_WEST,Standard,Office Supplies,2073.71,2026-01-11 14:47:00,2026-01-21 12:15:00,237.47,1,0,0
ORD00043,CUST0532,SMB,WH_WEST,Standard,Office Supplies,1648.27,2026-04-22 15:05:00,2026-04-27 18:12:00,123.12,0,0,0
ORD00044,CUST0466,SMB,WH_NORTH,Express,Clothing,1421.0,2026-01-30 14:55:00,2026-02-07 04:55:00,182.0,1,0,0
ORD00045,CUST0779,Enterprise,WH_NORTH,Express,Office Supplies,554.01,2026-02-03 12:28:00,2026-02-09 11:25:00,142.95,0,0,0
ORD00046,CUST0473,Retail,WH_NORTH,Standard,Industrial,1016.5,2026-03-16 16:45:00,2026-03-21 16:02:00,119.28,0,0,0
ORD00047,CUST0885,SMB,WH_NORTH,Express,Clothing,1250.74,2026-05-10 12:52:00,2026-05-17 03:53:00,159.02,0,0,0
ORD00048,CUST0566,SMB,WH_WEST,Express,Furniture,4212.02,2026-06-28 11:36:00,2026-07-03 07:58:00,116.37,0,0,1
ORD00049,CUST0515,Enterprise,WH_EAST,Express,Electronics,2380.09,2026-05-15 15:00:00,2026-05-27 13:45:00,286.75,1,0,0
ORD00050,CUST0037,Enterprise,WH_NORTH,Priority,Clothing,441.23,2026-02-28 09:27:00,2026-03-08 07:03:00,189.6,1,0,0
ORD00051,CUST0251,Retail,WH_WEST,Priority,Furniture,2343.19,2026-02-13 10:05:00,2026-02-15 17:46:00,55.68,0,0,0
ORD00052,CUST0921,SMB,WH_WEST,Priority,Office Supplies,1328.67,2026-02-10 09:28:00,2026-02-15 13:46:00,124.3,0,0,0
ORD00053,CUST0391,Retail,WH_EAST,Express,Clothing,1052.01,2026-01-06 14:17:00,2026-01-11 14:47:00,120.5,0,0,0
ORD00054,CUST0636,Retail,WH_EAST,Priority,Furniture,2949.35,2026-06-10 09:57:00,2026-06-15 13:58:00,124.02,0,0,0
ORD00055,CUST0136,Retail,WH_EAST,Priority,Clothing,4124.91,2026-02-12 12:58:00,2026-02-19 06:26:00,161.47,0,0,0
ORD00056,CUST0991,Enterprise,WH_EAST,Express,Electronics,3808.63,2026-03-09 16:07:00,2026-03-19 11:58:00,235.85,1,0,0
ORD00057,CUST0665,Enterprise,WH_WEST,Standard,Electronics,923.92,2026-01-10 12:31:00,2026-01-20 15:44:00,243.22,1,0,0
ORD00058,CUST0034,Enterprise,WH_EAST,Express,Industrial,1411.81,2026-03-02 13:06:00,2026-03-10 08:02:00,186.93,1,1,0
ORD00059,CUST0129,Enterprise,WH_SOUTH,Priority,Furniture,2356.68,2026-05-31 11:52:00,2026-06-03 07:10:00,67.3,0,0,0
ORD00060,CUST0016,Enterprise,WH_EAST,Priority,Clothing,3945.91,2026-01-05 10:16:00,2026-01-15 17:59:00,247.72,1,1,0
ORD00061,CUST0470,Enterprise,WH_NORTH,Express,Industrial,1232.33,2026-04-20 09:31:00,2026-04-29 03:49:00,210.3,1,0,0
ORD00062,CUST0518,Enterprise,WH_WEST,Priority,Electronics,1558.49,2026-06-17 16:46:00,2026-06-25 13:22:00,188.6,1,0,0
ORD00063,CUST0094,Enterprise,WH_NORTH,Express,Electronics,746.15,2026-04-06 10:35:00,2026-04-13 09:42:00,167.12,0,0,0
ORD00064,CUST0520,Enterprise,WH_SOUTH,Priority,Industrial,694.39,2026-02-27 09:22:00,2026-03-05 03:13:00,137.85,0,0,0
ORD00065,CUST0720,SMB,WH_EAST,Express,Electronics,3463.45,2026-02-16 10:36:00,2026-02-23 13:21:00,170.75,1,1,0
ORD00066,CUST0796,Enterprise,WH_NORTH,Standard,Furniture,5350.75,2026-06-08 08:43:00,2026-06-18 02:44:00,234.02,1,0,0
ORD00067,CUST0499,Enterprise,WH_EAST,Standard,Industrial,1706.83,2026-06-03 08:00:00,2026-06-12 16:46:00,224.77,1,0,1
ORD00068,CUST0407,SMB,WH_NORTH,Standard,Industrial,4035.26,2026-01-20 13:36:00,2026-01-27 23:45:00,178.15,1,0,0
ORD00069,CUST0091,Enterprise,WH_WEST,Standard,Industrial,2414.65,2026-05-31 14:33:00,2026-06-11 16:25:00,265.87,1,0,0
ORD00070,CUST0242,Enterprise,WH_NORTH,Express,Furniture,1079.12,2026-02-14 17:09:00,2026-02-22 01:24:00,176.25,1,0,0
ORD00071,CUST0451,SMB,WH_NORTH,Express,Clothing,2414.18,2026-03-12 17:03:00,2026-03-21 18:38:00,217.58,1,1,1
ORD00072,CUST0595,SMB,WH_NORTH,Priority,Furniture,6188.38,2026-03-24 17:30:00,2026-03-29 14:48:00,117.3,0,0,0
ORD00073,CUST0725,SMB,WH_WEST,Priority,Office Supplies,1756.96,2026-06-06 10:23:00,2026-06-13 23:38:00,181.25,1,0,0
ORD00074,CUST0291,Retail,WH_EAST,Priority,Office Supplies,6321.52,2026-02-08 13:05:00,2026-02-15 01:09:00,156.07,0,0,0
ORD00075,CUST0659,Enterprise,WH_EAST,Priority,Office Supplies,222.34,2026-01-24 14:32:00,2026-01-31 06:42:00,160.17,0,0,0
ORD00076,CUST0790,Retail,WH_NORTH,Express,Office Supplies,3489.53,2026-02-03 17:24:00,2026-02-09 20:05:00,146.68,0,0,0
ORD00077,CUST0771,Enterprise,WH_WEST,Priority,Furniture,1938.44,2026-03-21 15:57:00,2026-03-26 20:54:00,124.95,0,0,0
ORD00078,CUST0054,SMB,WH_WEST,Priority,Electronics,1423.39,2026-05-13 09:18:00,2026-05-16 06:33:00,69.25,0,0,0
ORD00079,CUST0406,Enterprise,WH_EAST,Express,Electronics,1945.76,2026-04-06 11:01:00,2026-04-11 06:28:00,115.45,0,0,0
ORD00080,CUST0221,Retail,WH_SOUTH,Priority,Office Supplies,368.69,2026-05-16 14:07:00,2026-05-24 15:03:00,192.93,1,0,1
ORD00081,CUST0589,Retail,WH_SOUTH,Standard,Clothing,1516.65,2026-04-20 08:39:00,2026-04-29 01:28:00,208.82,1,0,0
ORD00082,CUST0568,SMB,WH_NORTH,Express,Electronics,2405.93,2026-06-12 14:23:00,2026-06-18 22:34:00,152.18,0,0,0
ORD00083,CUST0560,Retail,WH_EAST,Standard,Industrial,5897.69,2026-06-28 15:40:00,2026-07-03 18:04:00,122.4,0,1,0
ORD00084,CUST0772,SMB,WH_SOUTH,Express,Electronics,1194.38,2026-06-17 13:17:00,2026-06-26 05:26:00,208.15,1,0,0
ORD00085,CUST0274,Retail,WH_NORTH,Express,Electronics,946.91,2026-04-21 17:52:00,2026-04-29 14:02:00,188.17,1,0,0
ORD00086,CUST0360,Enterprise,WH_WEST,Priority,Clothing,1210.26,2026-06-07 14:17:00,2026-06-17 12:54:00,238.62,1,1,0
ORD00087,CUST0393,Retail,WH_NORTH,Standard,Industrial,3760.55,2026-04-05 13:28:00,2026-04-11 06:36:00,137.13,0,0,0
ORD00088,CUST0512,Retail,WH_WEST,Standard,Clothing,2351.95,2026-03-08 15:13:00,2026-03-16 09:33:00,186.33,1,0,0
ORD00089,CUST0684,Retail,WH_EAST,Standard,Office Supplies,1183.45,2026-05-19 12:57:00,2026-05-26 21:57:00,177.0,1,0,0
ORD00090,CUST0479,Retail,WH_SOUTH,Standard,Electronics,2726.06,2026-03-21 14:45:00,2026-04-01 01:41:00,250.93,1,0,0
ORD00091,CUST0353,Retail,WH_SOUTH,Priority,Office Supplies,1954.06,2026-02-16 10:27:00,2026-02-21 22:41:00,132.23,0,0,0
ORD00092,CUST0867,SMB,WH_NORTH,Standard,Office Supplies,3924.19,2026-03-12 10:40:00,2026-03-17 14:37:00,123.95,0,0,0
ORD00093,CUST0846,Enterprise,WH_NORTH,Standard,Office Supplies,1031.08,2026-03-09 11:49:00,2026-03-15 09:14:00,141.42,0,0,0
ORD00094,CUST0162,SMB,WH_WEST,Express,Industrial,1391.13,2026-02-22 13:38:00,2026-02-27 20:43:00,127.08,0,0,0
ORD00095,CUST0478,SMB,WH_NORTH,Express,Furniture,1321.22,2026-02-06 09:03:00,2026-02-11 02:36:00,113.55,0,0,0
ORD00096,CUST0511,SMB,WH_WEST,Express,Industrial,560.7,2026-01-06 09:25:00,2026-01-10 04:31:00,91.1,0,0,0
ORD00097,CUST0442,SMB,WH_SOUTH,Priority,Clothing,2291.35,2026-04-14 13:02:00,2026-04-20 01:50:00,132.8,0,0,0
ORD00098,CUST0846,Enterprise,WH_NORTH,Standard,Industrial,2227.97,2026-04-06 13:35:00,2026-04-15 05:27:00,207.87,1,0,0
ORD00099,CUST0915,SMB,WH_SOUTH,Priority,Clothing,1815.45,2026-02-11 14:39:00,2026-02-14 11:56:00,69.28,0,0,0
ORD00100,CUST0378,Retail,WH_EAST,Standard,Industrial,1498.67,2026-05-30 12:50:00,2026-06-08 08:11:00,211.35,1,0,0
ORD00101,CUST0645,Enterprise,WH_WEST,Priority,Furniture,582.72,2026-01-09 17:44:00,2026-01-13 16:23:00,94.65,0,0,0
ORD00102,CUST0532,Retail,WH_SOUTH,Express,Industrial,1291.4,2026-05-15 14:20:00,2026-05-21 08:06:00,137.77,0,0,0
ORD00103,CUST0231,SMB,WH_EAST,Priority,Furniture,1374.48,2026-06-26 15:20:00,2026-06-29 19:40:00,76.33,0,0,0
ORD00104,CUST0295,SMB,WH_NORTH,Express,Clothing,951.63,2026-05-03 11:12:00,2026-05-06 23:32:00,84.33,0,0,0
ORD00105,CUST0686,Retail,WH_SOUTH,Standard,Electronics,1589.18,2026-01-26 14:21:00,2026-02-03 06:10:00,183.82,1,1,0
ORD00106,CUST0329,Retail,WH_EAST,Standard,Electronics,2497.99,2026-06-16 17:14:00,2026-06-20 20:50:00,99.6,0,0,0
ORD00107,CUST0306,SMB,WH_NORTH,Express,Industrial,8175.92,2026-06-14 16:33:00,2026-06-19 13:08:00,116.58,0,0,0
ORD00108,CUST0015,SMB,WH_EAST,Priority,Furniture,2079.04,2026-02-14 17:54:00,2026-02-17 02:03:00,56.15,0,0,0
ORD00109,CUST0268,Enterprise,WH_WEST,Express,Clothing,2221.73,2026-03-26 12:37:00,2026-04-03 00:08:00,179.52,1,0,1
ORD00110,CUST0655,SMB,WH_EAST,Priority,Furniture,1703.51,2026-02-26 10:30:00,2026-03-03 13:00:00,122.5,0,0,0
ORD00111,CUST0697,Retail,WH_NORTH,Express,Office Supplies,389.55,2026-06-30 13:04:00,2026-07-04 23:40:00,106.6,0,1,0
ORD00112,CUST0697,Retail,WH_SOUTH,Priority,Industrial,1770.1,2026-01-24 16:28:00,2026-01-27 06:32:00,62.07,0,0,0
ORD00113,CUST0406,Enterprise,WH_EAST,Priority,Furniture,1897.29,2026-05-29 09:02:00,2026-06-07 16:23:00,223.35,1,0,1
ORD00114,CUST0913,SMB,WH_WEST,Express,Industrial,12972.59,2026-01-21 16:08:00,2026-01-29 07:14:00,183.1,1,1,0
ORD00115,CUST0545,Enterprise,WH_WEST,Standard,Industrial,1550.16,2026-03-30 10:17:00,2026-04-10 13:04:00,266.78,1,1,0
ORD00116,CUST0240,Enterprise,WH_SOUTH,Standard,Office Supplies,2301.32,2026-03-16 11:52:00,2026-03-23 20:35:00,176.72,1,0,0
ORD00117,CUST0972,Retail,WH_SOUTH,Priority,Industrial,1758.52,2026-05-23 15:03:00,2026-05-31 02:51:00,179.8,1,0,0
ORD00118,CUST0247,SMB,WH_SOUTH,Priority,Furniture,709.85,2026-04-29 08:35:00,2026-05-05 09:48:00,145.22,0,0,0
ORD00119,CUST0095,Enterprise,WH_SOUTH,Express,Industrial,4510.93,2026-06-22 17:38:00,2026-06-26 11:54:00,90.27,0,0,0
ORD00120,CUST0960,Retail,WH_SOUTH,Standard,Industrial,3299.57,2026-03-04 17:45:00,2026-03-12 01:44:00,175.98,1,0,0
ORD00121,CUST0369,SMB,WH_WEST,Standard,Industrial,3404.41,2026-03-23 11:23:00,2026-03-30 16:12:00,172.82,1,1,1
ORD00122,CUST0512,SMB,WH_EAST,Express,Industrial,873.48,2026-04-28 10:46:00,2026-05-01 22:39:00,83.88,0,0,0
ORD00123,CUST0783,SMB,WH_NORTH,Standard,Furniture,5553.79,2026-01-18 10:00:00,2026-01-21 09:02:00,71.03,0,0,0
ORD00124,CUST0543,Retail,WH_EAST,Express,Electronics,589.05,2026-05-09 14:51:00,2026-05-16 15:50:00,168.98,1,0,0
ORD00125,CUST0983,SMB,WH_WEST,Priority,Furniture,2891.37,2026-06-28 11:19:00,2026-07-02 05:50:00,90.52,0,0,0
ORD00126,CUST0085,SMB,WH_WEST,Priority,Clothing,10429.2,2026-05-25 09:57:00,2026-05-28 02:43:00,64.77,0,0,0
ORD00127,CUST0184,Enterprise,WH_EAST,Standard,Office Supplies,818.58,2026-02-06 14:59:00,2026-02-15 16:06:00,217.12,1,0,0
ORD00128,CUST0101,Enterprise,WH_WEST,Standard,Clothing,1149.36,2026-06-04 17:38:00,2026-06-13 22:27:00,220.82,1,1,0
ORD00129,CUST0085,Enterprise,WH_EAST,Express,Furniture,1958.08,2026-04-10 13:23:00,2026-04-14 19:41:00,102.3,0,0,0
ORD00130,CUST0363,Retail,WH_NORTH,Priority,Clothing,1208.6,2026-04-09 08:18:00,2026-04-13 08:14:00,95.93,0,0,0
ORD00131,CUST0276,SMB,WH_EAST,Express,Furniture,522.94,2026-01-17 10:27:00,2026-01-21 05:47:00,91.33,0,0,0
ORD00132,CUST0312,SMB,WH_NORTH,Express,Office Supplies,1909.98,2026-04-08 13:28:00,2026-04-14 02:36:00,133.13,0,0,0
ORD00133,CUST0753,Retail,WH_WEST,Standard,Clothing,772.91,2026-04-07 12:52:00,2026-04-11 07:58:00,91.1,0,0,0
ORD00134,CUST0839,Retail,WH_WEST,Express,Furniture,2640.9,2026-06-12 12:15:00,2026-06-19 21:22:00,177.12,1,0,1
ORD00135,CUST0719,Enterprise,WH_NORTH,Standard,Clothing,866.5,2026-02-12 17:02:00,2026-02-24 17:05:00,288.05,1,0,0
ORD00136,CUST0595,SMB,WH_SOUTH,Express,Industrial,6247.57,2026-04-29 17:44:00,2026-05-05 08:50:00,135.1,0,0,0
ORD00137,CUST0352,Enterprise,WH_WEST,Priority,Industrial,966.23,2026-03-31 15:06:00,2026-04-08 16:47:00,193.68,1,0,1
ORD00138,CUST0179,SMB,WH_SOUTH,Priority,Industrial,1397.38,2026-04-29 11:51:00,2026-05-04 05:26:00,113.58,0,0,0
ORD00139,CUST0211,Retail,WH_EAST,Standard,Office Supplies,3466.2,2026-01-27 16:11:00,2026-02-05 16:22:00,216.18,1,0,0
ORD00140,CUST0866,Retail,WH_WEST,Standard,Clothing,675.4,2026-06-07 17:05:00,2026-06-16 04:00:00,202.92,1,0,0
ORD00141,CUST0434,SMB,WH_SOUTH,Priority,Office Supplies,2168.88,2026-06-27 10:35:00,2026-06-30 20:23:00,81.8,0,0,0
ORD00142,CUST0200,Retail,WH_WEST,Priority,Industrial,5144.66,2026-04-15 15:26:00,2026-04-22 20:31:00,173.08,1,0,0
ORD00143,CUST0580,Retail,WH_WEST,Priority,Electronics,499.7,2026-05-27 09:17:00,2026-06-01 08:49:00,119.53,0,0,0
ORD00144,CUST0305,SMB,WH_NORTH,Express,Clothing,2095.83,2026-01-23 15:55:00,2026-01-28 06:58:00,111.05,0,0,0
ORD00145,CUST0825,Retail,WH_NORTH,Express,Office Supplies,2225.88,2026-03-13 17:34:00,2026-03-21 10:16:00,184.7,1,0,0
ORD00146,CUST0941,SMB,WH_NORTH,Priority,Furniture,3379.42,2026-06-29 10:15:00,2026-07-07 01:08:00,182.88,1,0,0
ORD00147,CUST0078,SMB,WH_NORTH,Priority,Clothing,672.12,2026-06-27 13:29:00,2026-07-04 08:00:00,162.52,0,0,0
ORD00148,CUST0224,Enterprise,WH_WEST,Express,Clothing,628.69,2026-03-24 12:21:00,2026-04-06 00:02:00,299.68,1,0,0
ORD00149,CUST0001,Enterprise,WH_WEST,Priority,Furniture,2745.05,2026-06-16 12:10:00,2026-06-20 17:57:00,101.78,0,1,0
ORD00150,CUST0219,Enterprise,WH_WEST,Standard,Office Supplies,2292.93,2026-02-27 16:43:00,2026-03-08 20:26:00,219.72,1,0,0
ORD00151,CUST0793,Retail,WH_SOUTH,Priority,Furniture,2209.22,2026-01-18 16:36:00,2026-01-22 03:48:00,83.2,0,0,0
ORD00152,CUST0919,Enterprise,WH_NORTH,Standard,Office Supplies,2385.49,2026-04-09 13:27:00,2026-04-20 21:53:00,272.43,1,0,0
ORD00153,CUST0766,SMB,WH_WEST,Priority,Electronics,1049.41,2026-03-03 15:24:00,2026-03-10 14:57:00,167.55,0,0,0
ORD00154,CUST0375,SMB,WH_SOUTH,Standard,Electronics,2177.22,2026-05-31 09:00:00,2026-06-06 07:59:00,142.98,0,1,0
ORD00155,CUST0285,SMB,WH_NORTH,Standard,Office Supplies,2285.77,2026-02-22 10:34:00,2026-02-26 15:10:00,100.6,0,0,0
ORD00156,CUST0465,SMB,WH_NORTH,Priority,Furniture,1020.98,2026-01-31 08:45:00,2026-02-03 19:55:00,83.17,0,0,0
ORD00157,CUST0790,SMB,WH_NORTH,Express,Clothing,8043.5,2026-05-15 09:16:00,2026-05-20 02:40:00,113.4,0,0,0
ORD00158,CUST0262,Retail,WH_NORTH,Priority,Electronics,2641.41,2026-02-28 16:00:00,2026-03-06 14:14:00,142.23,0,0,0
ORD00159,CUST0255,Retail,WH_WEST,Express,Clothing,697.12,2026-01-20 17:23:00,2026-01-26 08:39:00,135.27,0,0,0
ORD00160,CUST0336,Retail,WH_NORTH,Express,Electronics,3057.16,2026-04-05 11:18:00,2026-04-08 09:50:00,70.53,0,0,0
ORD00161,CUST0955,Enterprise,WH_WEST,Standard,Office Supplies,829.03,2026-03-30 08:21:00,2026-04-05 06:11:00,141.83,0,0,0
ORD00162,CUST0919,Retail,WH_WEST,Express,Industrial,3393.67,2026-01-22 17:06:00,2026-01-29 23:07:00,174.02,1,0,1
ORD00163,CUST0718,SMB,WH_EAST,Express,Clothing,4568.21,2026-03-01 09:12:00,2026-03-09 04:26:00,187.23,1,1,0
ORD00164,CUST0272,Enterprise,WH_NORTH,Standard,Clothing,937.72,2026-06-30 17:02:00,2026-07-07 11:55:00,162.88,0,0,0
ORD00165,CUST0975,SMB,WH_WEST,Priority,Office Supplies,3907.69,2026-03-05 09:29:00,2026-03-08 12:15:00,74.77,0,0,0
ORD00166,CUST0597,Enterprise,WH_EAST,Standard,Electronics,2515.49,2026-02-20 15:51:00,2026-03-03 00:27:00,248.6,1,1,0
ORD00167,CUST0931,SMB,WH_SOUTH,Express,Industrial,3489.97,2026-02-08 08:39:00,2026-02-12 05:08:00,92.48,0,0,0
ORD00168,CUST0430,Retail,WH_SOUTH,Priority,Furniture,8245.59,2026-06-11 16:50:00,2026-06-17 01:06:00,128.27,0,0,0
ORD00169,CUST0185,SMB,WH_NORTH,Priority,Furniture,1485.77,2026-01-08 12:03:00,2026-01-11 08:02:00,67.98,0,0,0
ORD00170,CUST0783,Retail,WH_SOUTH,Express,Clothing,989.31,2026-02-14 10:15:00,2026-02-19 04:24:00,114.15,0,0,0
ORD00171,CUST0857,Retail,WH_WEST,Express,Furniture,887.48,2026-05-06 08:05:00,2026-05-12 02:18:00,138.22,0,0,0
ORD00172,CUST0061,Enterprise,WH_NORTH,Priority,Furniture,941.38,2026-01-29 16:55:00,2026-02-08 13:13:00,236.3,1,0,0
ORD00173,CUST0665,Enterprise,WH_EAST,Priority,Office Supplies,1699.89,2026-06-27 17:50:00,2026-07-01 13:29:00,91.65,0,0,0
ORD00174,CUST0617,Retail,WH_EAST,Standard,Office Supplies,2375.4,2026-01-27 15:09:00,2026-02-01 01:35:00,106.43,0,0,0
ORD00175,CUST0359,Enterprise,WH_EAST,Priority,Electronics,2256.01,2026-01-13 14:28:00,2026-01-21 06:09:00,183.68,1,0,0
ORD00176,CUST0819,SMB,WH_NORTH,Standard,Clothing,3504.3,2026-03-08 09:04:00,2026-03-12 10:34:00,97.5,0,0,0
ORD00177,CUST0442,Retail,WH_SOUTH,Express,Furniture,1826.95,2026-01-14 09:21:00,2026-01-17 23:05:00,85.73,0,0,0
ORD00178,CUST0051,Retail,WH_WEST,Priority,Industrial,5783.86,2026-02-09 08:23:00,2026-02-13 11:00:00,98.62,0,1,0
ORD00179,CUST0316,SMB,WH_WEST,Express,Clothing,1463.04,2026-01-24 16:24:00,2026-01-28 00:12:00,79.8,0,0,0
ORD00180,CUST0155,Enterprise,WH_NORTH,Priority,Clothing,15932.8,2026-05-19 14:48:00,2026-05-25 17:57:00,147.15,0,0,0
ORD00181,CUST0405,Retail,WH_NORTH,Priority,Office Supplies,2982.55,2026-05-27 17:09:00,2026-06-03 12:06:00,162.95,0,0,0
ORD00182,CUST0207,Retail,WH_SOUTH,Express,Clothing,910.76,2026-01-18 09:24:00,2026-01-26 04:46:00,187.37,1,0,0
ORD00183,CUST0116,Enterprise,WH_WEST,Standard,Office Supplies,767.61,2026-05-31 17:48:00,2026-06-05 18:32:00,120.73,0,0,0
ORD00184,CUST0283,Enterprise,WH_WEST,Priority,Office Supplies,2659.72,2026-06-24 14:02:00,2026-07-01 23:11:00,177.15,1,0,0
ORD00185,CUST0864,Retail,WH_WEST,Priority,Electronics,1512.06,2026-02-28 10:19:00,2026-03-07 07:31:00,165.2,0,0,0
ORD00186,CUST0759,Retail,WH_WEST,Express,Electronics,3200.94,2026-05-12 10:04:00,2026-05-15 08:21:00,70.28,0,0,0
ORD00187,CUST0941,Retail,WH_EAST,Standard,Clothing,2640.15,2026-04-05 15:32:00,2026-04-11 22:50:00,151.3,0,0,0
ORD00188,CUST0858,Retail,WH_EAST,Priority,Electronics,1705.71,2026-03-14 08:24:00,2026-03-16 18:36:00,58.2,0,0,0
ORD00189,CUST0486,Retail,WH_SOUTH,Standard,Office Supplies,918.34,2026-01-03 11:16:00,2026-01-11 01:27:00,182.18,1,0,0
ORD00190,CUST0694,Retail,WH_WEST,Standard,Electronics,538.14,2026-05-11 13:35:00,2026-05-18 12:00:00,166.42,0,0,0
ORD00191,CUST0193,Retail,WH_SOUTH,Standard,Electronics,1264.95,2026-06-03 14:42:00,2026-06-09 19:55:00,149.22,0,0,0
ORD00192,CUST0352,Retail,WH_SOUTH,Priority,Industrial,3587.17,2026-06-21 13:32:00,2026-06-27 12:24:00,142.87,0,0,0
ORD00193,CUST0671,Enterprise,WH_NORTH,Express,Furniture,2145.82,2026-03-20 14:50:00,2026-03-29 03:47:00,204.95,1,0,0
ORD00194,CUST0889,Retail,WH_WEST,Express,Industrial,667.41,2026-01-14 10:08:00,2026-01-18 20:06:00,105.97,0,0,0
ORD00195,CUST0321,Enterprise,WH_NORTH,Express,Clothing,2076.72,2026-02-23 10:36:00,2026-03-02 10:01:00,167.42,0,0,0
ORD00196,CUST0973,SMB,WH_NORTH,Priority,Furniture,2460.83,2026-01-05 08:40:00,2026-01-08 06:48:00,70.13,0,0,0
ORD00197,CUST0844,SMB,WH_NORTH,Express,Industrial,891.51,2026-05-14 17:33:00,2026-05-19 12:29:00,114.93,0,0,0
ORD00198,CUST0230,Enterprise,WH_SOUTH,Priority,Electronics,2044.65,2026-05-31 16:10:00,2026-06-03 01:29:00,57.32,0,0,0
ORD00199,CUST0707,SMB,WH_NORTH,Express,Industrial,1894.23,2026-02-01 16:16:00,2026-02-05 04:25:00,84.15,0,0,0
ORD00200,CUST0524,SMB,WH_NORTH,Standard,Electronics,724.6,2026-05-08 11:38:00,2026-05-16 15:18:00,195.67,1,0,0
ORD00201,CUST0339,Enterprise,WH_SOUTH,Standard,Electronics,2407.22,2026-01-29 17:42:00,2026-02-05 14:16:00,164.57,0,1,0
ORD00202,CUST0873,SMB,WH_EAST,Priority,Clothing,2831.69,2026-04-20 09:06:00,2026-04-24 04:41:00,91.58,0,1,0
ORD00203,CUST0411,SMB,WH_WEST,Express,Industrial,4300.3,2026-06-26 15:51:00,2026-07-05 06:50:00,206.98,1,1,0
ORD00204,CUST0627,Retail,WH_NORTH,Priority,Furniture,4200.85,2026-05-04 15:07:00,2026-05-11 16:11:00,169.07,1,1,1
ORD00205,CUST0532,SMB,WH_NORTH,Priority,Furniture,600.56,2026-05-04 13:42:00,2026-05-12 17:59:00,196.28,1,0,0
ORD00206,CUST0891,Enterprise,WH_SOUTH,Express,Clothing,853.84,2026-03-03 13:17:00,2026-03-14 14:04:00,264.78,1,0,0
ORD00207,CUST0324,SMB,WH_NORTH,Priority,Electronics,2729.92,2026-01-27 14:26:00,2026-02-03 22:41:00,176.25,1,0,0
ORD00208,CUST0974,SMB,WH_EAST,Standard,Furniture,2727.19,2026-04-27 13:35:00,2026-05-07 07:08:00,233.55,1,0,0
ORD00209,CUST0383,Enterprise,WH_NORTH,Standard,Industrial,2729.95,2026-02-05 14:06:00,2026-02-12 15:57:00,169.85,1,0,0
ORD00210,CUST0469,SMB,WH_SOUTH,Standard,Office Supplies,39426.17,2026-01-13 16:59:00,2026-01-20 19:59:00,171.0,1,0,0
ORD00211,CUST0517,SMB,WH_WEST,Priority,Furniture,2854.67,2026-03-12 14:21:00,2026-03-17 07:28:00,113.12,0,0,0
ORD00212,CUST0206,Retail,WH_SOUTH,Priority,Clothing,4484.81,2026-06-25 13:58:00,2026-07-02 20:17:00,174.32,1,0,0
ORD00213,CUST0691,SMB,WH_EAST,Standard,Office Supplies,3878.49,2026-01-28 08:24:00,2026-02-02 12:57:00,124.55,0,0,0
ORD00214,CUST0368,Enterprise,WH_WEST,Priority,Office Supplies,3044.56,2026-02-27 16:24:00,2026-03-08 19:12:00,218.8,1,0,0
ORD00215,CUST0934,Retail,WH_EAST,Priority,Office Supplies,1404.99,2026-02-20 11:18:00,2026-02-25 21:18:00,130.0,0,0,0
ORD00216,CUST0134,Retail,WH_SOUTH,Express,Electronics,3318.19,2026-03-26 15:45:00,2026-04-01 23:47:00,152.03,0,0,0
ORD00217,CUST0539,Enterprise,WH_SOUTH,Priority,Electronics,974.32,2026-05-10 10:26:00,2026-05-13 14:56:00,76.5,0,0,0
ORD00218,CUST0685,SMB,WH_EAST,Standard,Office Supplies,1495.99,2026-06-09 11:02:00,2026-06-18 18:10:00,223.13,1,0,0
ORD00219,CUST0045,Retail,WH_EAST,Standard,Clothing,1226.24,2026-05-12 09:06:00,2026-05-16 20:52:00,107.77,0,0,0
ORD00220,CUST0765,Enterprise,WH_SOUTH,Express,Clothing,1930.43,2026-01-10 09:04:00,2026-01-16 19:27:00,154.38,0,0,0
ORD00221,CUST0399,Retail,WH_NORTH,Standard,Office Supplies,11518.7,2026-01-17 17:02:00,2026-01-21 14:15:00,93.22,0,0,0
ORD00222,CUST0486,Retail,WH_SOUTH,Standard,Furniture,405.93,2026-04-11 16:18:00,2026-04-19 07:04:00,182.77,1,0,0
ORD00223,CUST0551,SMB,WH_NORTH,Standard,Clothing,3130.69,2026-02-24 14:57:00,2026-03-05 01:41:00,202.73,1,0,0
ORD00224,CUST0661,SMB,WH_NORTH,Priority,Electronics,497.62,2026-03-06 09:12:00,2026-03-11 20:58:00,131.77,0,0,0
ORD00225,CUST0498,SMB,WH_WEST,Priority,Clothing,1239.49,2026-06-27 17:09:00,2026-07-04 19:08:00,169.98,1,0,0
ORD00226,CUST0284,Enterprise,WH_EAST,Priority,Clothing,4320.65,2026-05-03 15:28:00,2026-05-07 01:09:00,81.68,0,0,0
ORD00227,CUST0914,Retail,WH_NORTH,Priority,Electronics,1903.45,2026-05-29 17:25:00,2026-06-05 07:21:00,157.93,0,0,0
ORD00228,CUST0229,Enterprise,WH_EAST,Express,Office Supplies,763.42,2026-05-11 09:25:00,2026-05-21 17:02:00,247.62,1,0,0
ORD00229,CUST0042,SMB,WH_SOUTH,Standard,Electronics,1020.2,2026-03-09 13:14:00,2026-03-18 06:05:00,208.85,1,0,0
ORD00230,CUST0649,Retail,WH_EAST,Express,Office Supplies,3114.05,2026-05-20 17:11:00,2026-05-28 16:42:00,191.52,1,0,0
ORD00231,CUST0909,Retail,WH_NORTH,Standard,Industrial,1007.98,2026-02-12 11:04:00,2026-02-21 18:31:00,223.45,1,0,0
ORD00232,CUST0491,Retail,WH_SOUTH,Standard,Industrial,2149.88,2026-01-06 11:02:00,2026-01-11 17:14:00,126.2,0,0,0
ORD00233,CUST0530,Retail,WH_WEST,Priority,Electronics,1875.18,2026-06-19 12:05:00,2026-06-23 15:42:00,99.62,0,0,0
ORD00234,CUST0639,Enterprise,WH_EAST,Priority,Clothing,1073.54,2026-04-27 17:37:00,2026-05-04 03:58:00,154.35,0,0,0
ORD00235,CUST0516,Enterprise,WH_NORTH,Express,Furniture,10048.27,2026-06-04 16:52:00,2026-06-11 00:11:00,151.32,0,0,0
ORD00236,CUST0138,SMB,WH_EAST,Standard,Electronics,3002.3,2026-03-14 17:56:00,2026-03-21 06:06:00,156.17,0,0,0
ORD00237,CUST0705,SMB,WH_EAST,Express,Electronics,357.77,2026-02-09 14:41:00,2026-02-17 14:14:00,191.55,1,0,0
ORD00238,CUST0184,Retail,WH_EAST,Priority,Industrial,2098.89,2026-03-06 12:36:00,2026-03-12 16:07:00,147.52,0,0,0
ORD00239,CUST0821,Enterprise,WH_NORTH,Express,Electronics,1064.83,2026-01-24 10:30:00,2026-01-28 16:29:00,101.98,0,0,0
ORD00240,CUST0656,SMB,WH_WEST,Standard,Furniture,3575.81,2026-06-18 16:18:00,2026-06-25 00:27:00,152.15,0,0,0
ORD00241,CUST0089,SMB,WH_EAST,Express,Industrial,959.09,2026-04-14 17:12:00,2026-04-20 11:38:00,138.43,0,0,0
ORD00242,CUST0232,SMB,WH_SOUTH,Express,Office Supplies,1649.47,2026-01-02 12:11:00,2026-01-10 08:50:00,188.65,1,1,0
ORD00243,CUST0990,Retail,WH_WEST,Express,Furniture,2708.07,2026-03-28 15:43:00,2026-04-04 02:27:00,154.73,0,0,0
ORD00244,CUST0529,Retail,WH_NORTH,Express,Furniture,3614.12,2026-03-15 09:25:00,2026-03-20 11:58:00,122.55,0,1,0
ORD00245,CUST0511,Enterprise,WH_SOUTH,Priority,Furniture,692.12,2026-03-09 11:14:00,2026-03-14 12:49:00,121.58,0,0,0
ORD00246,CUST0381,SMB,WH_EAST,Priority,Clothing,1383.54,2026-05-06 10:48:00,2026-05-14 05:41:00,186.88,1,0,0
ORD00247,CUST0882,SMB,WH_SOUTH,Standard,Office Supplies,1236.5,2026-04-28 13:44:00,2026-05-04 18:43:00,148.98,0,0,0
ORD00248,CUST0483,SMB,WH_EAST,Standard,Industrial,1072.06,2026-04-19 11:26:00,2026-04-27 21:45:00,202.32,1,0,0
ORD00249,CUST0877,Enterprise,WH_WEST,Standard,Furniture,7423.18,2026-05-02 08:11:00,2026-05-11 13:06:00,220.92,1,0,0
ORD00250,CUST0488,SMB,WH_NORTH,Priority,Clothing,2499.85,2026-03-08 13:23:00,2026-03-12 15:51:00,98.47,0,0,0
ORD00251,CUST0800,SMB,WH_EAST,Express,Office Supplies,659.38,2026-05-05 15:56:00,2026-05-09 04:57:00,85.02,0,0,0
ORD00252,CUST0166,Enterprise,WH_EAST,Express,Clothing,3767.96,2026-06-17 12:45:00,2026-06-21 05:21:00,88.6,0,0,0
ORD00253,CUST0746,Retail,WH_SOUTH,Express,Electronics,9874.64,2026-02-23 10:25:00,2026-02-28 12:39:00,122.23,0,1,1
ORD00254,CUST0087,SMB,WH_WEST,Standard,Furniture,4129.75,2026-03-14 15:40:00,2026-03-21 03:15:00,155.58,0,0,1
ORD00255,CUST0606,Retail,WH_WEST,Priority,Office Supplies,536.2,2026-04-22 16:40:00,2026-04-26 19:20:00,98.67,0,0,0
ORD00256,CUST0311,Enterprise,WH_NORTH,Priority,Furniture,1227.35,2026-03-30 12:30:00,2026-04-10 09:10:00,260.67,1,0,0
ORD00257,CUST0448,Enterprise,WH_WEST,Standard,Industrial,4981.71,2026-04-07 11:16:00,2026-04-20 05:22:00,306.1,1,0,0
ORD00258,CUST0279,Enterprise,WH_WEST,Express,Electronics,1026.45,2026-02-08 08:34:00,2026-02-16 22:34:00,206.0,1,0,0
ORD00259,CUST0805,SMB,WH_WEST,Express,Electronics,2578.74,2026-03-26 09:53:00,2026-04-02 23:27:00,181.57,1,1,0
ORD00260,CUST0395,Enterprise,WH_WEST,Priority,Electronics,3360.04,2026-02-20 15:47:00,2026-03-01 13:50:00,214.05,1,0,0
ORD00261,CUST0370,Retail,WH_NORTH,Standard,Electronics,861.31,2026-03-02 14:20:00,2026-03-08 15:37:00,145.28,0,0,0
ORD00262,CUST0381,Enterprise,WH_NORTH,Standard,Industrial,1723.96,2026-01-24 17:21:00,2026-02-03 04:20:00,226.98,1,0,0
ORD00263,CUST0022,SMB,WH_WEST,Priority,Furniture,135.23,2026-03-06 08:31:00,2026-03-11 22:19:00,133.8,0,0,0
ORD00264,CUST0889,Enterprise,WH_SOUTH,Priority,Furniture,796.71,2026-04-26 12:52:00,2026-05-04 05:23:00,184.52,1,1,0
ORD00265,CUST0739,Retail,WH_NORTH,Priority,Industrial,1477.26,2026-02-18 16:43:00,2026-02-21 23:49:00,79.1,0,0,0
ORD00266,CUST0183,Enterprise,WH_NORTH,Standard,Industrial,666.32,2026-02-19 09:02:00,2026-02-27 21:13:00,204.18,1,0,0
ORD00267,CUST0951,SMB,WH_NORTH,Priority,Electronics,6673.7,2026-04-03 16:47:00,2026-04-08 06:19:00,109.53,0,0,0
ORD00268,CUST0984,Enterprise,WH_NORTH,Priority,Furniture,575.87,2026-05-17 14:12:00,2026-05-27 13:31:00,239.32,1,0,0
ORD00269,CUST0905,Enterprise,WH_NORTH,Standard,Office Supplies,1271.52,2026-04-13 16:21:00,2026-04-24 22:02:00,269.68,1,0,0
ORD00270,CUST0247,SMB,WH_SOUTH,Priority,Clothing,2007.39,2026-04-03 15:28:00,2026-04-08 04:54:00,109.43,0,0,0
ORD00271,CUST0877,Enterprise,WH_EAST,Priority,Clothing,5727.41,2026-05-22 16:35:00,2026-06-02 13:27:00,260.87,1,1,0
ORD00272,CUST0940,Retail,WH_SOUTH,Standard,Clothing,573.24,2026-05-04 10:31:00,2026-05-12 03:43:00,185.2,1,0,0
ORD00273,CUST0357,SMB,WH_WEST,Standard,Furniture,4584.93,2026-06-17 17:59:00,2026-06-28 12:17:00,258.3,1,1,0
ORD00274,CUST0995,Retail,WH_WEST,Priority,Office Supplies,1822.9,2026-01-24 11:27:00,2026-02-01 16:07:00,196.67,1,0,0
ORD00275,CUST0445,Enterprise,WH_SOUTH,Express,Office Supplies,824.51,2026-02-20 15:25:00,2026-03-02 06:55:00,231.5,1,0,0
ORD00276,CUST0375,Enterprise,WH_EAST,Express,Clothing,2616.74,2026-06-02 08:49:00,2026-06-06 14:51:00,102.03,0,0,0
ORD00277,CUST0758,Enterprise,WH_NORTH,Priority,Furniture,2120.16,2026-03-15 08:21:00,2026-03-23 22:39:00,206.3,1,0,0
ORD00278,CUST0495,Retail,WH_SOUTH,Priority,Electronics,1118.59,2026-04-07 17:57:00,2026-04-14 02:37:00,152.67,0,1,0
ORD00279,CUST0677,Retail,WH_EAST,Priority,Clothing,1911.88,2026-01-28 08:18:00,2026-02-01 13:37:00,101.32,0,0,0
ORD00280,CUST0513,Retail,WH_WEST,Priority,Electronics,1328.42,2026-01-11 11:59:00,2026-01-19 10:51:00,190.87,1,0,0
ORD00281,CUST0283,Retail,WH_NORTH,Express,Industrial,1979.92,2026-01-08 16:17:00,2026-01-14 04:57:00,132.67,0,0,0
ORD00282,CUST0587,SMB,WH_SOUTH,Express,Office Supplies,3070.83,2026-03-26 15:34:00,2026-04-03 02:17:00,178.72,1,0,0
ORD00283,CUST0931,Retail,WH_SOUTH,Priority,Furniture,6430.54,2026-03-23 09:35:00,2026-03-28 18:07:00,128.53,0,0,0
ORD00284,CUST0156,Enterprise,WH_SOUTH,Standard,Furniture,671.66,2026-01-07 17:39:00,2026-01-19 18:28:00,288.82,1,0,0
ORD00285,CUST0189,SMB,WH_WEST,Express,Furniture,9960.94,2026-02-11 11:14:00,2026-02-21 06:17:00,235.05,1,0,0
ORD00286,CUST0705,SMB,WH_EAST,Standard,Industrial,379.3,2026-04-14 08:38:00,2026-04-19 02:17:00,113.65,0,0,0
ORD00287,CUST0899,Retail,WH_SOUTH,Priority,Industrial,1601.3,2026-01-11 16:24:00,2026-01-17 03:28:00,131.07,0,0,0
ORD00288,CUST0628,Retail,WH_NORTH,Priority,Furniture,2894.75,2026-04-29 15:05:00,2026-05-04 17:15:00,122.17,0,1,0
ORD00289,CUST0904,Enterprise,WH_WEST,Express,Clothing,2263.79,2026-06-27 10:45:00,2026-07-02 03:59:00,113.23,0,0,0
ORD00290,CUST0935,Retail,WH_EAST,Priority,Furniture,1098.65,2026-02-11 10:11:00,2026-02-13 10:25:00,48.23,0,0,0
ORD00291,CUST0638,Enterprise,WH_EAST,Express,Industrial,1530.73,2026-05-08 16:51:00,2026-05-14 00:01:00,127.17,0,0,0
ORD00292,CUST0057,Enterprise,WH_EAST,Standard,Electronics,1218.77,2026-06-20 17:53:00,2026-06-27 16:20:00,166.45,0,1,0
ORD00293,CUST0331,SMB,WH_EAST,Standard,Industrial,1128.35,2026-05-21 09:18:00,2026-05-26 20:13:00,130.92,0,0,0
ORD00294,CUST0496,SMB,WH_EAST,Priority,Clothing,3567.72,2026-03-08 16:36:00,2026-03-14 08:17:00,135.68,0,0,0
ORD00295,CUST0199,Enterprise,WH_NORTH,Standard,Industrial,2405.74,2026-06-10 09:47:00,2026-06-17 13:43:00,171.93,1,0,0
ORD00296,CUST0308,Enterprise,WH_EAST,Standard,Clothing,1038.65,2026-03-29 14:46:00,2026-04-05 22:43:00,175.95,1,0,0
ORD00297,CUST0914,SMB,WH_EAST,Express,Electronics,3713.31,2026-05-14 12:36:00,2026-05-21 13:04:00,168.47,1,0,0
ORD00298,CUST0642,Retail,WH_SOUTH,Priority,Industrial,2311.93,2026-02-17 17:07:00,2026-02-25 00:20:00,175.22,1,0,0
ORD00299,CUST0850,Enterprise,WH_EAST,Priority,Clothing,3464.38,2026-02-14 09:23:00,2026-02-21 15:13:00,173.83,1,0,0
ORD00300,CUST0788,Retail,WH_NORTH,Priority,Furniture,2992.02,2026-02-22 08:29:00,2026-02-28 03:36:00,139.12,0,1,0
ORD00301,CUST0024,Retail,WH_EAST,Standard,Clothing,931.51,2026-02-21 11:18:00,2026-02-26 11:49:00,120.52,0,0,0
ORD00302,CUST0556,Retail,WH_EAST,Express,Clothing,1155.0,2026-02-06 12:36:00,2026-02-13 19:18:00,174.7,1,1,1
ORD00303,CUST0184,Retail,WH_WEST,Express,Clothing,3287.34,2026-03-27 11:45:00,2026-04-01 05:08:00,113.38,0,1,0
ORD00304,CUST0882,SMB,WH_EAST,Express,Furniture,2946.27,2026-06-29 13:50:00,2026-07-03 13:08:00,95.3,0,0,0
ORD00305,CUST0521,SMB,WH_NORTH,Priority,Electronics,1778.06,2026-03-25 16:41:00,2026-04-01 03:02:00,154.35,0,0,0
ORD00306,CUST0068,Enterprise,WH_EAST,Priority,Office Supplies,1985.97,2026-04-21 14:36:00,2026-04-27 14:40:00,144.07,0,0,0
ORD00307,CUST0181,SMB,WH_EAST,Standard,Office Supplies,5024.75,2026-01-28 17:49:00,2026-02-05 21:43:00,195.9,1,0,0
ORD00308,CUST0400,Enterprise,WH_WEST,Standard,Clothing,1126.36,2026-03-18 17:50:00,2026-03-25 08:06:00,158.27,0,0,0
ORD00309,CUST0721,Enterprise,WH_EAST,Express,Electronics,2800.85,2026-03-02 14:44:00,2026-03-10 14:02:00,191.3,1,0,0
ORD00310,CUST0296,Enterprise,WH_SOUTH,Standard,Electronics,1538.01,2026-06-15 08:09:00,2026-06-24 20:29:00,228.33,1,0,0
ORD00311,CUST0522,Retail,WH_WEST,Express,Industrial,1519.07,2026-04-01 11:11:00,2026-04-11 03:37:00,232.43,1,1,0
ORD00312,CUST0722,Enterprise,WH_EAST,Priority,Industrial,4354.75,2026-06-26 09:09:00,2026-07-02 03:15:00,138.1,0,0,0
ORD00313,CUST0926,Retail,WH_EAST,Standard,Industrial,3499.35,2026-04-27 16:57:00,2026-05-03 13:44:00,140.78,0,0,0
ORD00314,CUST0063,Retail,WH_WEST,Standard,Office Supplies,3466.18,2026-01-14 12:51:00,2026-01-18 15:44:00,98.88,0,1,0
ORD00315,CUST0760,Retail,WH_NORTH,Standard,Office Supplies,5137.81,2026-02-08 15:23:00,2026-02-14 03:17:00,131.9,0,0,0
ORD00316,CUST0858,SMB,WH_WEST,Express,Furniture,1838.68,2026-06-19 15:46:00,2026-06-25 03:34:00,131.8,0,0,1
ORD00317,CUST0389,SMB,WH_WEST,Express,Furniture,3119.92,2026-05-16 14:00:00,2026-05-22 13:21:00,143.35,0,0,0
ORD00318,CUST0344,SMB,WH_EAST,Standard,Clothing,1410.62,2026-06-17 17:25:00,2026-06-20 13:20:00,67.92,0,0,0
ORD00319,CUST0422,Retail,WH_NORTH,Standard,Industrial,2343.34,2026-03-31 11:46:00,2026-04-06 05:39:00,137.88,0,0,0
ORD00320,CUST0089,SMB,WH_SOUTH,Priority,Office Supplies,1629.27,2026-02-17 09:44:00,2026-02-21 10:10:00,96.43,0,0,0
ORD00321,CUST0800,SMB,WH_NORTH,Standard,Industrial,1953.93,2026-04-10 13:03:00,2026-04-15 07:15:00,114.2,0,0,0
ORD00322,CUST0554,Enterprise,WH_WEST,Priority,Electronics,2910.63,2026-04-24 12:06:00,2026-04-30 09:57:00,141.85,0,0,0
ORD00323,CUST0927,Retail,WH_WEST,Standard,Office Supplies,939.57,2026-05-06 15:27:00,2026-05-11 10:33:00,115.1,0,0,0
ORD00324,CUST0648,SMB,WH_NORTH,Priority,Clothing,9642.25,2026-01-21 15:48:00,2026-01-28 02:03:00,154.25,0,0,0
ORD00325,CUST0499,Retail,WH_NORTH,Express,Furniture,808.5,2026-02-05 08:12:00,2026-02-12 07:32:00,167.33,0,0,1
ORD00326,CUST0058,Retail,WH_EAST,Standard,Industrial,684.47,2026-01-31 11:51:00,2026-02-05 17:40:00,125.82,0,0,0
ORD00327,CUST0249,Enterprise,WH_SOUTH,Standard,Electronics,4566.44,2026-03-20 09:29:00,2026-03-29 02:19:00,208.83,1,1,0
ORD00328,CUST0559,SMB,WH_SOUTH,Standard,Electronics,3406.12,2026-06-01 10:21:00,2026-06-06 10:52:00,120.52,0,0,0
ORD00329,CUST0811,Enterprise,WH_WEST,Standard,Industrial,2978.86,2026-01-21 08:00:00,2026-01-28 10:40:00,170.67,1,0,0
ORD00330,CUST0626,Retail,WH_NORTH,Standard,Industrial,2988.95,2026-06-06 09:40:00,2026-06-15 04:09:00,210.48,1,0,0
ORD00331,CUST0225,Retail,WH_WEST,Priority,Furniture,1790.41,2026-03-12 08:12:00,2026-03-17 13:06:00,124.9,0,0,0
ORD00332,CUST0343,Enterprise,WH_WEST,Standard,Electronics,882.0,2026-05-18 10:10:00,2026-05-27 03:08:00,208.97,1,1,0
ORD00333,CUST0243,Enterprise,WH_WEST,Express,Furniture,1921.08,2026-01-19 15:37:00,2026-01-26 23:51:00,176.23,1,0,0
ORD00334,CUST0033,SMB,WH_NORTH,Standard,Electronics,1051.81,2026-04-30 15:26:00,2026-05-09 16:21:00,216.92,1,0,0
ORD00335,CUST0883,Retail,WH_SOUTH,Express,Industrial,3944.57,2026-03-13 08:46:00,2026-03-15 21:48:00,61.03,0,0,0
ORD00336,CUST0482,SMB,WH_NORTH,Priority,Industrial,1607.37,2026-05-03 09:28:00,2026-05-10 21:00:00,179.53,1,1,0
ORD00337,CUST0686,Enterprise,WH_EAST,Priority,Industrial,934.12,2026-05-27 17:01:00,2026-06-06 10:02:00,233.02,1,0,0
ORD00338,CUST0034,SMB,WH_EAST,Express,Office Supplies,1398.13,2026-05-19 17:50:00,2026-05-27 20:23:00,194.55,1,0,1
ORD00339,CUST0634,SMB,WH_NORTH,Express,Furniture,2515.8,2026-06-15 16:45:00,2026-06-20 07:18:00,110.55,0,0,0
ORD00340,CUST0772,SMB,WH_SOUTH,Express,Clothing,1151.73,2026-05-09 14:17:00,2026-05-16 14:19:00,168.03,1,0,0
ORD00341,CUST0820,Enterprise,WH_NORTH,Express,Electronics,936.57,2026-01-21 14:57:00,2026-02-01 10:17:00,259.33,1,1,0
ORD00342,CUST0955,SMB,WH_SOUTH,Express,Industrial,2197.22,2026-04-24 08:18:00,2026-05-02 19:10:00,202.87,1,1,0
ORD00343,CUST0469,Retail,WH_EAST,Standard,Clothing,2199.47,2026-02-13 12:14:00,2026-02-19 18:12:00,149.97,0,0,0
ORD00344,CUST0166,Enterprise,WH_SOUTH,Standard,Clothing,1205.25,2026-05-28 10:28:00,2026-06-05 10:27:00,191.98,1,0,0
ORD00345,CUST0943,SMB,WH_NORTH,Express,Furniture,1240.38,2026-04-28 13:09:00,2026-05-06 12:49:00,191.67,1,0,0
ORD00346,CUST0347,Retail,WH_NORTH,Express,Electronics,2176.86,2026-02-05 16:07:00,2026-02-14 11:04:00,210.95,1,0,0
ORD00347,CUST0228,Enterprise,WH_EAST,Standard,Electronics,567.67,2026-05-18 15:43:00,2026-05-29 04:57:00,253.23,1,0,0
ORD00348,CUST0013,SMB,WH_EAST,Express,Clothing,586.42,2026-04-25 16:05:00,2026-04-30 08:31:00,112.43,0,0,0
ORD00349,CUST0311,Retail,WH_WEST,Express,Electronics,1017.64,2026-06-01 14:05:00,2026-06-10 15:35:00,217.5,1,0,0
ORD00350,CUST0044,Retail,WH_EAST,Express,Industrial,1524.23,2026-05-24 15:14:00,2026-05-29 13:23:00,118.15,0,0,0
ORD00351,CUST0504,Enterprise,WH_SOUTH,Standard,Clothing,2318.62,2026-05-07 09:38:00,2026-05-16 09:08:00,215.5,1,0,0
ORD00352,CUST0060,SMB,WH_SOUTH,Express,Furniture,5885.72,2026-04-02 10:03:00,2026-04-06 19:29:00,105.43,0,0,1
ORD00353,CUST0614,Retail,WH_SOUTH,Express,Clothing,3590.79,2026-06-25 12:17:00,2026-07-04 01:41:00,205.4,1,1,0
ORD00354,CUST0422,Enterprise,WH_EAST,Standard,Furniture,1590.89,2026-02-09 16:14:00,2026-02-20 02:39:00,250.42,1,0,0
ORD00355,CUST0320,Enterprise,WH_EAST,Express,Office Supplies,1780.74,2026-05-14 13:11:00,2026-05-19 23:28:00,130.28,0,0,0
ORD00356,CUST0776,Enterprise,WH_WEST,Standard,Electronics,810.76,2026-01-09 16:37:00,2026-01-16 03:19:00,154.7,0,1,0
ORD00357,CUST0867,Retail,WH_EAST,Express,Clothing,1781.46,2026-02-11 16:49:00,2026-02-15 01:26:00,80.62,0,0,0
ORD00358,CUST0997,Enterprise,WH_NORTH,Priority,Industrial,1435.22,2026-04-04 17:11:00,2026-04-11 06:55:00,157.73,0,0,0
ORD00359,CUST0478,Retail,WH_NORTH,Standard,Industrial,2340.63,2026-04-03 12:35:00,2026-04-13 08:31:00,235.93,1,1,0
ORD00360,CUST0298,Enterprise,WH_WEST,Standard,Industrial,932.82,2026-06-23 13:11:00,2026-06-30 00:57:00,155.77,0,0,0
ORD00361,CUST0999,SMB,WH_SOUTH,Standard,Office Supplies,2739.35,2026-04-14 09:14:00,2026-04-25 00:56:00,255.7,1,0,0
ORD00362,CUST0286,SMB,WH_SOUTH,Standard,Electronics,6162.21,2026-03-06 15:31:00,2026-03-14 23:43:00,200.2,1,0,0
ORD00363,CUST0620,Enterprise,WH_EAST,Express,Office Supplies,1657.38,2026-06-09 09:48:00,2026-06-15 17:40:00,151.87,0,0,0
ORD00364,CUST0902,SMB,WH_NORTH,Express,Clothing,2493.32,2026-04-07 15:29:00,2026-04-14 06:30:00,159.02,0,0,0
ORD00365,CUST0500,Retail,WH_NORTH,Priority,Industrial,3140.43,2026-06-18 16:43:00,2026-06-25 15:36:00,166.88,0,0,0
ORD00366,CUST0632,SMB,WH_EAST,Express,Electronics,1311.63,2026-01-08 17:02:00,2026-01-14 14:28:00,141.43,0,0,0
ORD00367,CUST0254,Retail,WH_SOUTH,Express,Office Supplies,2163.05,2026-01-22 09:55:00,2026-01-27 21:54:00,131.98,0,0,0
ORD00368,CUST0021,Retail,WH_WEST,Standard,Clothing,1826.35,2026-04-07 17:24:00,2026-04-18 11:17:00,257.88,1,1,0
ORD00369,CUST0207,Retail,WH_WEST,Standard,Office Supplies,1954.99,2026-02-24 12:16:00,2026-03-05 01:19:00,205.05,1,0,0
ORD00370,CUST0438,SMB,WH_SOUTH,Standard,Clothing,974.18,2026-05-10 12:27:00,2026-05-19 15:07:00,218.67,1,0,0
ORD00371,CUST0219,SMB,WH_WEST,Priority,Office Supplies,1843.84,2026-06-07 14:59:00,2026-06-12 15:18:00,120.32,0,1,0
ORD00372,CUST0867,SMB,WH_WEST,Express,Furniture,2692.97,2026-03-07 17:15:00,2026-03-12 23:53:00,126.63,0,1,0
ORD00373,CUST0164,Enterprise,WH_EAST,Standard,Clothing,5772.81,2026-03-13 16:11:00,2026-03-20 10:52:00,162.68,0,0,0
ORD00374,CUST0115,Retail,WH_NORTH,Priority,Office Supplies,3894.87,2026-05-15 12:31:00,2026-05-19 14:18:00,97.78,0,0,0
ORD00375,CUST0110,Enterprise,WH_SOUTH,Express,Industrial,10122.8,2026-04-15 12:55:00,2026-04-22 07:03:00,162.13,0,0,0
ORD00376,CUST0487,SMB,WH_EAST,Standard,Office Supplies,978.6,2026-01-09 08:44:00,2026-01-13 18:38:00,105.9,0,0,0
ORD00377,CUST0932,SMB,WH_WEST,Express,Electronics,3633.15,2026-03-02 12:13:00,2026-03-10 03:50:00,183.62,1,0,0
ORD00378,CUST0898,Enterprise,WH_NORTH,Priority,Clothing,2093.67,2026-05-10 09:22:00,2026-05-14 13:03:00,99.68,0,0,0
ORD00379,CUST0411,Retail,WH_SOUTH,Express,Clothing,10423.75,2026-05-28 09:07:00,2026-06-01 15:17:00,102.17,0,0,0
ORD00380,CUST0267,Retail,WH_SOUTH,Priority,Clothing,947.06,2026-03-14 11:05:00,2026-03-21 20:09:00,177.07,1,0,0
ORD00381,CUST0204,Retail,WH_EAST,Standard,Electronics,923.55,2026-04-13 17:27:00,2026-04-21 09:13:00,183.77,1,0,0
ORD00382,CUST0196,SMB,WH_EAST,Priority,Industrial,1119.33,2026-04-08 10:27:00,2026-04-13 07:14:00,116.78,0,0,0
ORD00383,CUST0633,Enterprise,WH_WEST,Express,Office Supplies,330.59,2026-06-25 15:05:00,2026-07-02 12:02:00,164.95,0,0,0
ORD00384,CUST0954,SMB,WH_SOUTH,Express,Office Supplies,1187.25,2026-06-21 17:45:00,2026-06-26 15:25:00,117.67,0,1,0
ORD00385,CUST0267,Retail,WH_SOUTH,Express,Clothing,985.05,2026-04-30 10:05:00,2026-05-06 00:11:00,134.1,0,0,0
ORD00386,CUST0925,Retail,WH_EAST,Express,Office Supplies,2039.2,2026-03-22 14:57:00,2026-03-26 22:31:00,103.57,0,0,0
ORD00387,CUST0037,SMB,WH_WEST,Standard,Industrial,2376.55,2026-04-22 09:57:00,2026-04-27 11:58:00,122.02,0,0,0
ORD00388,CUST0855,Retail,WH_SOUTH,Priority,Clothing,8110.68,2026-05-25 17:13:00,2026-05-27 21:59:00,52.77,0,0,0
ORD00389,CUST0292,SMB,WH_NORTH,Express,Office Supplies,3867.41,2026-01-28 13:09:00,2026-02-04 16:57:00,171.8,1,0,0
ORD00390,CUST0333,Enterprise,WH_SOUTH,Standard,Clothing,1139.65,2026-03-24 08:47:00,2026-04-03 03:38:00,234.85,1,0,0
ORD00391,CUST0292,Enterprise,WH_SOUTH,Express,Industrial,881.19,2026-04-21 12:57:00,2026-04-29 17:06:00,196.15,1,0,0
ORD00392,CUST0775,SMB,WH_WEST,Priority,Furniture,2679.9,2026-04-22 14:05:00,2026-04-27 12:30:00,118.42,0,0,0
ORD00393,CUST0929,SMB,WH_WEST,Standard,Furniture,628.8,2026-06-25 12:53:00,2026-07-02 17:47:00,172.9,1,0,1
ORD00394,CUST0364,Retail,WH_EAST,Standard,Office Supplies,7825.69,2026-01-05 09:47:00,2026-01-12 23:10:00,181.38,1,0,1
ORD00395,CUST0350,Enterprise,WH_SOUTH,Standard,Electronics,4645.03,2026-06-04 12:55:00,2026-06-16 05:54:00,280.98,1,1,0
ORD00396,CUST0824,Enterprise,WH_EAST,Standard,Furniture,1242.23,2026-01-04 11:07:00,2026-01-13 04:10:00,209.05,1,0,0
ORD00397,CUST0120,Enterprise,WH_SOUTH,Priority,Industrial,459.2,2026-05-05 15:01:00,2026-05-15 18:35:00,243.57,1,0,1
ORD00398,CUST0498,Enterprise,WH_WEST,Priority,Electronics,5340.62,2026-05-16 08:27:00,2026-05-19 19:01:00,82.57,0,0,0
ORD00399,CUST0295,SMB,WH_SOUTH,Express,Industrial,1649.73,2026-03-01 16:14:00,2026-03-09 21:23:00,197.15,1,0,0
ORD00400,CUST0819,Retail,WH_SOUTH,Standard,Clothing,4867.1,2026-06-26 09:42:00,2026-07-01 00:36:00,110.9,0,0,0
ORD00401,CUST0019,SMB,WH_EAST,Express,Furniture,504.95,2026-02-14 16:02:00,2026-02-17 17:11:00,73.15,0,0,0
ORD00402,CUST0789,Enterprise,WH_EAST,Priority,Office Supplies,1119.35,2026-06-04 09:45:00,2026-06-09 09:37:00,119.87,0,0,0
ORD00403,CUST0892,SMB,WH_SOUTH,Standard,Clothing,1815.64,2026-04-24 16:31:00,2026-05-03 21:59:00,221.47,1,0,0
ORD00404,CUST0350,Retail,WH_EAST,Standard,Electronics,1877.29,2026-03-10 13:45:00,2026-03-19 04:53:00,207.13,1,0,0
ORD00405,CUST0967,SMB,WH_NORTH,Standard,Electronics,1261.36,2026-05-13 09:05:00,2026-05-18 14:17:00,125.2,0,0,0
ORD00406,CUST0647,SMB,WH_EAST,Express,Office Supplies,2975.83,2026-03-19 13:58:00,2026-03-25 22:40:00,152.7,0,0,0
ORD00407,CUST0909,Enterprise,WH_WEST,Express,Electronics,769.63,2026-01-10 16:21:00,2026-01-15 04:39:00,108.3,0,0,0
ORD00408,CUST0029,Enterprise,WH_EAST,Express,Industrial,1613.4,2026-05-10 09:46:00,2026-05-18 02:24:00,184.63,1,0,0
ORD00409,CUST0307,Retail,WH_EAST,Priority,Office Supplies,1990.69,2026-06-22 10:45:00,2026-06-25 18:20:00,79.58,0,0,0
ORD00410,CUST0095,SMB,WH_NORTH,Standard,Industrial,2728.62,2026-02-24 15:04:00,2026-03-06 19:10:00,244.1,1,0,0
ORD00411,CUST0750,Enterprise,WH_WEST,Standard,Office Supplies,3194.84,2026-02-02 15:45:00,2026-02-11 12:01:00,212.27,1,1,0
ORD00412,CUST0536,Enterprise,WH_SOUTH,Express,Clothing,735.31,2026-04-06 12:18:00,2026-04-14 08:11:00,187.88,1,0,1
ORD00413,CUST0892,SMB,WH_NORTH,Express,Office Supplies,529.91,2026-03-21 17:28:00,2026-03-28 02:07:00,152.65,0,0,0
ORD00414,CUST0092,SMB,WH_WEST,Standard,Industrial,5024.8,2026-03-28 16:02:00,2026-04-04 01:41:00,153.65,0,0,0
ORD00415,CUST0979,Retail,WH_NORTH,Priority,Furniture,2358.67,2026-05-02 16:57:00,2026-05-08 15:49:00,142.87,0,0,0
ORD00416,CUST0412,SMB,WH_NORTH,Standard,Clothing,993.48,2026-04-22 10:26:00,2026-04-26 21:20:00,106.9,0,0,0
ORD00417,CUST0158,SMB,WH_EAST,Priority,Furniture,6253.66,2026-01-16 17:20:00,2026-01-19 14:57:00,69.62,0,0,0
ORD00418,CUST0208,Retail,WH_SOUTH,Priority,Furniture,1983.34,2026-05-07 16:48:00,2026-05-13 03:05:00,130.28,0,0,1
ORD00419,CUST0936,SMB,WH_NORTH,Priority,Office Supplies,4644.49,2026-06-22 09:15:00,2026-06-26 12:19:00,99.07,0,0,0
ORD00420,CUST0383,Enterprise,WH_SOUTH,Priority,Industrial,1908.39,2026-05-23 15:02:00,2026-06-01 05:47:00,206.75,1,0,1
ORD00421,CUST0861,Enterprise,WH_EAST,Standard,Office Supplies,9401.25,2026-05-25 09:19:00,2026-06-03 17:22:00,224.05,1,0,0
ORD00422,CUST0280,Retail,WH_SOUTH,Express,Clothing,7363.37,2026-02-23 15:38:00,2026-02-27 14:05:00,94.45,0,0,0
ORD00423,CUST0424,SMB,WH_WEST,Priority,Electronics,1481.53,2026-06-16 09:34:00,2026-06-20 19:01:00,105.45,0,0,0
ORD00424,CUST0128,SMB,WH_WEST,Standard,Industrial,3933.39,2026-01-03 11:47:00,2026-01-10 17:27:00,173.67,1,0,0
ORD00425,CUST0008,Retail,WH_SOUTH,Express,Electronics,3029.95,2026-03-13 17:32:00,2026-03-17 11:49:00,90.28,0,0,0
ORD00426,CUST0131,Retail,WH_EAST,Standard,Office Supplies,5404.06,2026-03-12 11:54:00,2026-03-21 23:59:00,228.08,1,0,0
ORD00427,CUST0865,SMB,WH_WEST,Standard,Office Supplies,835.53,2026-04-30 15:23:00,2026-05-04 04:59:00,85.6,0,0,1
ORD00428,CUST0756,Retail,WH_SOUTH,Express,Electronics,3130.17,2026-03-05 11:10:00,2026-03-11 11:34:00,144.4,0,1,1
ORD00429,CUST0982,Enterprise,WH_EAST,Express,Office Supplies,4216.41,2026-03-02 09:49:00,2026-03-10 03:34:00,185.75,1,0,0
ORD00430,CUST0309,Enterprise,WH_WEST,Standard,Electronics,442.75,2026-05-24 08:18:00,2026-05-31 07:49:00,167.52,0,0,0
ORD00431,CUST0530,Retail,WH_EAST,Standard,Electronics,701.62,2026-01-27 08:38:00,2026-02-02 23:30:00,158.87,0,0,0
ORD00432,CUST0141,Enterprise,WH_NORTH,Standard,Clothing,353.76,2026-05-30 14:32:00,2026-06-07 03:58:00,181.43,1,0,0
ORD00433,CUST0601,Enterprise,WH_SOUTH,Standard,Office Supplies,1457.5,2026-05-24 08:27:00,2026-06-05 02:39:00,282.2,1,0,0
ORD00434,CUST0580,Retail,WH_EAST,Express,Industrial,3210.02,2026-03-26 10:06:00,2026-04-01 13:16:00,147.17,0,0,0
ORD00435,CUST0827,Enterprise,WH_WEST,Express,Furniture,6014.24,2026-01-02 13:00:00,2026-01-10 06:17:00,185.28,1,1,0
ORD00436,CUST0737,SMB,WH_SOUTH,Priority,Furniture,1918.46,2026-02-15 11:01:00,2026-02-21 00:11:00,133.17,0,0,0
ORD00437,CUST0468,SMB,WH_SOUTH,Express,Furniture,6653.46,2026-05-15 17:56:00,2026-05-21 07:24:00,133.47,0,1,0
ORD00438,CUST0944,Retail,WH_NORTH,Priority,Furniture,599.39,2026-05-18 12:50:00,2026-05-25 21:46:00,176.93,1,0,0
ORD00439,CUST0810,Enterprise,WH_NORTH,Priority,Industrial,462.8,2026-06-15 16:23:00,2026-06-25 20:52:00,244.48,1,0,0
ORD00440,CUST0666,Enterprise,WH_NORTH,Standard,Furniture,1729.46,2026-04-26 11:25:00,2026-05-05 19:44:00,224.32,1,0,0
ORD00441,CUST0043,Retail,WH_WEST,Priority,Clothing,2458.37,2026-04-20 15:29:00,2026-04-26 20:00:00,148.52,0,0,0
ORD00442,CUST0924,SMB,WH_NORTH,Priority,Office Supplies,1761.36,2026-05-20 09:50:00,2026-05-26 07:29:00,141.65,0,1,1
ORD00443,CUST0196,Retail,WH_SOUTH,Priority,Office Supplies,345.86,2026-03-08 08:49:00,2026-03-16 20:13:00,203.4,1,0,0
ORD00444,CUST0780,SMB,WH_SOUTH,Standard,Furniture,1683.62,2026-02-23 15:14:00,2026-03-04 02:54:00,203.67,1,0,0
ORD00445,CUST0215,SMB,WH_WEST,Priority,Electronics,636.78,2026-04-06 10:36:00,2026-04-12 02:48:00,136.2,0,0,0
ORD00446,CUST0334,Retail,WH_NORTH,Standard,Furniture,3089.42,2026-02-09 13:36:00,2026-02-18 00:13:00,202.62,1,0,0
ORD00447,CUST0112,Retail,WH_EAST,Express,Clothing,2424.25,2026-01-24 10:06:00,2026-02-02 06:17:00,212.18,1,0,1
ORD00448,CUST0059,Retail,WH_EAST,Standard,Furniture,852.43,2026-03-25 14:25:00,2026-04-02 04:08:00,181.72,1,0,1
ORD00449,CUST0602,Retail,WH_SOUTH,Priority,Industrial,1198.6,2026-03-12 11:00:00,2026-03-15 22:45:00,83.75,0,1,0
ORD00450,CUST0755,SMB,WH_NORTH,Priority,Industrial,774.82,2026-03-30 12:25:00,2026-04-02 16:38:00,76.22,0,0,0
ORD00451,CUST0403,Enterprise,WH_NORTH,Standard,Clothing,1719.62,2026-06-10 16:18:00,2026-06-19 18:52:00,218.57,1,0,0
ORD00452,CUST0462,SMB,WH_SOUTH,Standard,Office Supplies,3882.03,2026-01-12 15:01:00,2026-01-21 04:57:00,205.93,1,0,0
ORD00453,CUST0497,Enterprise,WH_WEST,Standard,Office Supplies,821.74,2026-06-18 11:45:00,2026-06-28 14:21:00,242.6,1,0,0
ORD00454,CUST0452,Enterprise,WH_EAST,Standard,Electronics,2706.03,2026-06-22 16:13:00,2026-06-30 23:31:00,199.3,1,0,0
ORD00455,CUST0205,Enterprise,WH_NORTH,Express,Electronics,1182.98,2026-01-04 13:52:00,2026-01-09 16:27:00,122.58,0,0,0
ORD00456,CUST0331,Retail,WH_SOUTH,Standard,Office Supplies,958.82,2026-04-12 14:07:00,2026-04-20 11:17:00,189.17,1,1,1
ORD00457,CUST0666,Enterprise,WH_EAST,Standard,Furniture,1659.67,2026-04-16 12:49:00,2026-04-26 11:16:00,238.45,1,0,0
ORD00458,CUST0344,Retail,WH_NORTH,Priority,Industrial,789.82,2026-04-08 16:40:00,2026-04-11 15:20:00,70.67,0,0,0
ORD00459,CUST0062,SMB,WH_SOUTH,Express,Clothing,1161.05,2026-02-21 10:24:00,2026-02-28 14:39:00,172.25,1,0,0
ORD00460,CUST0664,Enterprise,WH_EAST,Standard,Clothing,693.46,2026-03-29 11:13:00,2026-04-04 13:28:00,146.25,0,0,0
ORD00461,CUST0129,Enterprise,WH_NORTH,Priority,Office Supplies,8706.11,2026-02-22 11:32:00,2026-03-02 22:21:00,202.82,1,0,0
ORD00462,CUST0279,Enterprise,WH_WEST,Express,Industrial,1859.78,2026-04-07 10:30:00,2026-04-14 22:06:00,179.6,1,0,0
ORD00463,CUST0745,SMB,WH_SOUTH,Express,Industrial,1033.0,2026-03-20 15:18:00,2026-03-28 12:44:00,189.43,1,0,0
ORD00464,CUST0748,SMB,WH_EAST,Express,Industrial,2145.62,2026-04-12 13:24:00,2026-04-20 08:48:00,187.4,1,0,1
ORD00465,CUST0981,Retail,WH_EAST,Express,Office Supplies,1652.65,2026-05-06 13:44:00,2026-05-14 01:23:00,179.65,1,0,0
ORD00466,CUST0967,SMB,WH_SOUTH,Standard,Office Supplies,1515.08,2026-05-29 10:00:00,2026-06-07 10:47:00,216.78,1,0,0
ORD00467,CUST0259,Retail,WH_EAST,Priority,Industrial,2955.23,2026-05-31 12:46:00,2026-06-05 05:38:00,112.87,0,1,0
ORD00468,CUST0836,Enterprise,WH_WEST,Standard,Electronics,3314.31,2026-06-28 14:33:00,2026-07-05 10:30:00,163.95,0,0,0
ORD00469,CUST0206,Retail,WH_NORTH,Standard,Furniture,1182.75,2026-03-08 14:28:00,2026-03-18 13:22:00,238.9,1,1,1
ORD00470,CUST0689,Enterprise,WH_NORTH,Standard,Clothing,1140.64,2026-01-02 17:50:00,2026-01-13 16:33:00,262.72,1,0,0
ORD00471,CUST0323,SMB,WH_SOUTH,Priority,Industrial,1450.93,2026-04-07 17:03:00,2026-04-12 20:19:00,123.27,0,0,0
ORD00472,CUST0974,SMB,WH_SOUTH,Express,Office Supplies,286.71,2026-06-25 15:32:00,2026-06-29 20:48:00,101.27,0,1,1
ORD00473,CUST0357,SMB,WH_WEST,Priority,Electronics,537.99,2026-04-09 12:38:00,2026-04-16 19:40:00,175.03,1,0,0
ORD00474,CUST0173,Enterprise,WH_WEST,Express,Office Supplies,5396.47,2026-03-03 11:13:00,2026-03-12 05:51:00,210.63,1,1,0
ORD00475,CUST0682,Retail,WH_SOUTH,Priority,Industrial,6741.07,2026-01-24 13:55:00,2026-01-29 18:30:00,124.58,0,0,0
ORD00476,CUST0229,Enterprise,WH_EAST,Express,Electronics,1481.44,2026-01-29 09:21:00,2026-02-04 16:21:00,151.0,0,0,0
ORD00477,CUST0434,SMB,WH_EAST,Priority,Furniture,2867.64,2026-05-14 17:37:00,2026-05-20 11:04:00,137.45,0,0,0
ORD00478,CUST0150,Retail,WH_NORTH,Express,Clothing,2319.25,2026-05-09 09:17:00,2026-05-14 06:15:00,116.97,0,0,0
ORD00479,CUST0718,Enterprise,WH_NORTH,Express,Industrial,21228.6,2026-03-18 10:01:00,2026-03-26 06:12:00,188.18,1,0,0
ORD00480,CUST0404,Enterprise,WH_NORTH,Express,Office Supplies,4427.81,2026-01-14 12:29:00,2026-01-18 19:50:00,103.35,0,0,0
ORD00481,CUST0386,Retail,WH_WEST,Standard,Electronics,1632.17,2026-01-25 13:30:00,2026-02-01 23:11:00,177.68,1,1,0
ORD00482,CUST0705,Retail,WH_SOUTH,Priority,Industrial,841.82,2026-06-27 09:49:00,2026-07-05 17:22:00,199.55,1,0,0
ORD00483,CUST0231,Retail,WH_NORTH,Priority,Office Supplies,500.12,2026-05-03 12:44:00,2026-05-06 03:03:00,62.32,0,0,0
ORD00484,CUST0731,SMB,WH_SOUTH,Priority,Electronics,2127.64,2026-04-11 16:52:00,2026-04-15 09:28:00,88.6,0,0,0
ORD00485,CUST0186,Enterprise,WH_SOUTH,Priority,Industrial,987.25,2026-03-22 09:02:00,2026-03-26 00:27:00,87.42,0,1,0
ORD00486,CUST0308,Retail,WH_NORTH,Express,Office Supplies,579.52,2026-04-24 10:36:00,2026-04-27 00:59:00,62.38,0,0,0
ORD00487,CUST0193,SMB,WH_SOUTH,Standard,Furniture,1077.87,2026-06-04 16:13:00,2026-06-13 16:23:00,216.17,1,0,1
ORD00488,CUST0963,Retail,WH_SOUTH,Standard,Electronics,761.1,2026-06-11 12:40:00,2026-06-20 13:32:00,216.87,1,0,0
ORD00489,CUST0389,Retail,WH_NORTH,Standard,Electronics,6972.39,2026-03-11 09:34:00,2026-03-15 02:55:00,89.35,0,0,0
ORD00490,CUST0101,Enterprise,WH_WEST,Express,Electronics,3660.34,2026-02-01 10:33:00,2026-02-07 18:40:00,152.12,0,0,0
ORD00491,CUST0970,Enterprise,WH_WEST,Express,Office Supplies,1796.55,2026-05-22 17:56:00,2026-06-01 22:58:00,245.03,1,0,0
ORD00492,CUST0695,Retail,WH_WEST,Express,Furniture,5907.37,2026-04-23 13:51:00,2026-04-26 19:22:00,77.52,0,0,0
ORD00493,CUST0650,Enterprise,WH_NORTH,Priority,Furniture,1923.49,2026-01-24 10:36:00,2026-02-05 05:04:00,282.47,1,0,0
ORD00494,CUST0715,SMB,WH_NORTH,Standard,Office Supplies,907.75,2026-02-18 08:45:00,2026-02-28 20:02:00,251.28,1,0,0
ORD00495,CUST0926,Enterprise,WH_SOUTH,Standard,Clothing,6115.0,2026-02-04 16:22:00,2026-02-12 15:50:00,191.47,1,0,0
ORD00496,CUST0219,Retail,WH_NORTH,Priority,Office Supplies,2782.56,2026-04-11 11:59:00,2026-04-17 05:34:00,137.58,0,0,0
ORD00497,CUST0363,Enterprise,WH_NORTH,Express,Furniture,788.56,2026-04-13 13:00:00,2026-04-24 11:36:00,262.6,1,1,0
ORD00498,CUST0384,SMB,WH_EAST,Express,Furniture,1552.67,2026-05-18 12:06:00,2026-05-25 20:09:00,176.05,1,0,1
ORD00499,CUST0762,Enterprise,WH_EAST,Standard,Furniture,897.4,2026-05-03 12:07:00,2026-05-07 15:54:00,99.78,0,0,0
ORD00500,CUST0160,Retail,WH_EAST,Standard,Furniture,598.1,2026-01-14 13:27:00,2026-01-20 05:20:00,135.88,0,0,0
ORD00501,CUST0885,Retail,WH_EAST,Standard,Industrial,3793.11,2026-02-20 15:45:00,2026-02-25 20:39:00,124.9,0,0,0
ORD00502,CUST0952,SMB,WH_SOUTH,Standard,Office Supplies,8329.29,2026-02-21 09:55:00,2026-03-02 04:08:00,210.22,1,0,0
ORD00503,CUST0660,SMB,WH_NORTH,Standard,Clothing,590.6,2026-04-04 12:22:00,2026-04-08 19:25:00,103.05,0,0,0
ORD00504,CUST0442,SMB,WH_SOUTH,Express,Clothing,2836.64,2026-03-27 12:07:00,2026-04-02 08:09:00,140.03,0,0,0
ORD00505,CUST0216,Enterprise,WH_WEST,Standard,Furniture,1074.37,2026-06-11 17:07:00,2026-06-16 11:13:00,114.1,0,0,0
ORD00506,CUST0197,Retail,WH_WEST,Priority,Clothing,1224.51,2026-05-24 13:57:00,2026-05-30 02:16:00,132.32,0,0,0
ORD00507,CUST0714,SMB,WH_SOUTH,Standard,Office Supplies,1125.62,2026-01-16 11:47:00,2026-01-23 20:20:00,176.55,1,0,0
ORD00508,CUST0212,Enterprise,WH_SOUTH,Standard,Office Supplies,905.79,2026-02-25 17:44:00,2026-03-05 14:02:00,188.3,1,0,0
ORD00509,CUST0244,Enterprise,WH_EAST,Priority,Furniture,1879.61,2026-03-13 10:17:00,2026-03-19 18:55:00,152.63,0,0,0
ORD00510,CUST0920,SMB,WH_EAST,Standard,Electronics,930.05,2026-04-02 11:46:00,2026-04-12 01:31:00,229.75,1,0,0
ORD00511,CUST0226,SMB,WH_EAST,Standard,Office Supplies,2244.79,2026-06-11 14:09:00,2026-06-21 03:08:00,228.98,1,0,0
ORD00512,CUST0966,Retail,WH_SOUTH,Express,Electronics,1736.82,2026-03-21 10:56:00,2026-03-30 07:11:00,212.25,1,0,1
ORD00513,CUST0141,Retail,WH_NORTH,Standard,Industrial,1493.45,2026-04-09 08:07:00,2026-04-13 18:58:00,106.85,0,0,0
ORD00514,CUST0981,Retail,WH_NORTH,Priority,Clothing,874.76,2026-01-22 11:08:00,2026-01-26 01:35:00,86.45,0,0,0
ORD00515,CUST0022,Enterprise,WH_NORTH,Priority,Clothing,1139.77,2026-01-27 16:56:00,2026-02-01 13:01:00,116.08,0,0,0
ORD00516,CUST0230,SMB,WH_NORTH,Express,Electronics,3308.71,2026-06-07 13:07:00,2026-06-13 03:55:00,134.8,0,0,0
ORD00517,CUST0640,SMB,WH_EAST,Standard,Clothing,2699.26,2026-05-08 13:59:00,2026-05-17 11:15:00,213.27,1,0,0
ORD00518,CUST0983,Enterprise,WH_EAST,Standard,Clothing,827.12,2026-02-02 10:49:00,2026-02-15 00:13:00,301.4,1,0,0
ORD00519,CUST0550,SMB,WH_SOUTH,Standard,Office Supplies,1957.58,2026-04-18 16:36:00,2026-04-23 14:25:00,117.82,0,0,0
ORD00520,CUST0062,SMB,WH_EAST,Standard,Clothing,3298.13,2026-04-28 10:53:00,2026-05-04 11:25:00,144.53,0,0,0
ORD00521,CUST0679,SMB,WH_NORTH,Priority,Furniture,475.55,2026-01-08 10:23:00,2026-01-13 16:50:00,126.45,0,0,0
ORD00522,CUST0482,Retail,WH_WEST,Express,Industrial,2792.49,2026-06-15 08:18:00,2026-06-23 02:10:00,185.87,1,1,0
ORD00523,CUST0568,Retail,WH_EAST,Priority,Clothing,1064.12,2026-02-28 14:59:00,2026-03-04 20:23:00,101.4,0,0,0
ORD00524,CUST0843,Retail,WH_NORTH,Express,Industrial,2854.01,2026-03-22 14:52:00,2026-03-28 04:40:00,133.8,0,1,0
ORD00525,CUST0289,Retail,WH_SOUTH,Standard,Electronics,981.8,2026-02-24 17:00:00,2026-03-05 02:37:00,201.62,1,0,0
ORD00526,CUST0047,SMB,WH_NORTH,Standard,Clothing,426.71,2026-01-03 13:48:00,2026-01-12 19:03:00,221.25,1,0,0
ORD00527,CUST0827,Enterprise,WH_SOUTH,Priority,Industrial,491.75,2026-05-03 17:55:00,2026-05-10 08:49:00,158.9,0,0,0
ORD00528,CUST0529,SMB,WH_EAST,Standard,Clothing,1878.95,2026-03-16 13:39:00,2026-03-23 13:17:00,167.63,0,0,0
ORD00529,CUST0561,SMB,WH_NORTH,Standard,Industrial,2225.59,2026-03-22 10:59:00,2026-03-31 12:59:00,218.0,1,1,0
ORD00530,CUST0666,Enterprise,WH_SOUTH,Priority,Industrial,877.03,2026-01-11 13:54:00,2026-01-21 12:35:00,238.68,1,0,0
ORD00531,CUST0461,Retail,WH_EAST,Standard,Office Supplies,3013.55,2026-06-14 08:47:00,2026-06-18 19:15:00,106.47,0,0,0
ORD00532,CUST0358,SMB,WH_WEST,Priority,Office Supplies,478.56,2026-04-30 09:05:00,2026-05-08 03:36:00,186.52,1,0,0
ORD00533,CUST0218,Enterprise,WH_WEST,Express,Industrial,1714.94,2026-01-10 16:09:00,2026-01-20 02:36:00,226.45,1,0,1
ORD00534,CUST0259,Enterprise,WH_SOUTH,Standard,Electronics,686.21,2026-03-12 14:05:00,2026-03-19 21:42:00,175.62,1,0,0
ORD00535,CUST0204,SMB,WH_EAST,Express,Industrial,1073.34,2026-05-18 10:44:00,2026-05-25 10:28:00,167.73,0,0,1
ORD00536,CUST0015,SMB,WH_SOUTH,Standard,Industrial,1877.92,2026-03-23 09:50:00,2026-03-30 08:47:00,166.95,0,0,0
ORD00537,CUST0764,SMB,WH_SOUTH,Priority,Office Supplies,908.39,2026-02-12 17:24:00,2026-02-17 22:41:00,125.28,0,0,0
ORD00538,CUST0515,Retail,WH_NORTH,Express,Industrial,1329.23,2026-04-16 14:22:00,2026-04-21 02:02:00,107.67,0,0,0
ORD00539,CUST0556,SMB,WH_WEST,Express,Industrial,4044.18,2026-06-12 12:44:00,2026-06-15 19:01:00,78.28,0,0,0
ORD00540,CUST0649,Retail,WH_WEST,Priority,Electronics,1139.66,2026-06-20 12:54:00,2026-06-27 12:08:00,167.23,0,0,0
ORD00541,CUST0930,Enterprise,WH_WEST,Express,Furniture,3528.24,2026-05-10 12:17:00,2026-05-21 20:56:00,272.65,1,0,0
ORD00542,CUST0326,Enterprise,WH_EAST,Priority,Industrial,732.33,2026-03-03 16:25:00,2026-03-10 09:45:00,161.33,0,0,0
ORD00543,CUST0237,Retail,WH_NORTH,Standard,Office Supplies,2762.37,2026-01-31 17:50:00,2026-02-05 10:30:00,112.67,0,0,0
ORD00544,CUST0029,Retail,WH_NORTH,Express,Electronics,5728.76,2026-02-03 15:40:00,2026-02-06 23:40:00,80.0,0,0,0
ORD00545,CUST0282,Enterprise,WH_NORTH,Priority,Electronics,250.31,2026-06-13 17:55:00,2026-06-19 21:27:00,147.53,0,0,0
ORD00546,CUST0815,SMB,WH_NORTH,Standard,Industrial,955.74,2026-06-10 09:13:00,2026-06-14 00:41:00,87.47,0,0,0
ORD00547,CUST0121,SMB,WH_EAST,Express,Office Supplies,2868.82,2026-06-03 16:00:00,2026-06-08 16:08:00,120.13,0,0,0
ORD00548,CUST0031,Enterprise,WH_EAST,Standard,Electronics,1536.96,2026-06-27 10:17:00,2026-07-05 05:57:00,187.67,1,0,0
ORD00549,CUST0985,Enterprise,WH_WEST,Priority,Office Supplies,2433.09,2026-03-21 10:50:00,2026-03-29 00:47:00,181.95,1,0,0
ORD00550,CUST0362,Retail,WH_EAST,Standard,Industrial,1115.23,2026-02-12 08:32:00,2026-02-20 16:49:00,200.28,1,0,1
ORD00551,CUST0381,SMB,WH_SOUTH,Standard,Electronics,1937.73,2026-03-23 08:45:00,2026-03-29 09:13:00,144.47,0,0,0
ORD00552,CUST0106,Retail,WH_EAST,Priority,Electronics,1596.32,2026-05-27 14:43:00,2026-06-03 22:49:00,176.1,1,0,0
ORD00553,CUST0176,Retail,WH_EAST,Express,Furniture,4601.91,2026-05-28 08:18:00,2026-06-01 10:05:00,97.78,0,0,1
ORD00554,CUST0850,Retail,WH_WEST,Express,Clothing,2216.17,2026-03-23 13:25:00,2026-03-30 12:47:00,167.37,0,0,0
ORD00555,CUST0961,Enterprise,WH_NORTH,Standard,Electronics,2368.67,2026-01-03 10:06:00,2026-01-07 08:33:00,94.45,0,0,0
ORD00556,CUST0050,Enterprise,WH_EAST,Express,Clothing,1300.49,2026-06-26 17:50:00,2026-07-03 22:13:00,172.38,1,0,0
ORD00557,CUST0541,Retail,WH_SOUTH,Express,Industrial,1224.04,2026-03-13 13:49:00,2026-03-16 21:37:00,79.8,0,0,0
ORD00558,CUST0077,Enterprise,WH_WEST,Standard,Electronics,1279.15,2026-06-21 11:29:00,2026-06-28 16:36:00,173.12,1,1,0
ORD00559,CUST0939,SMB,WH_EAST,Express,Office Supplies,2478.88,2026-05-12 11:49:00,2026-05-16 10:25:00,94.6,0,1,0
ORD00560,CUST0247,SMB,WH_NORTH,Standard,Clothing,1291.05,2026-01-08 15:42:00,2026-01-16 20:45:00,197.05,1,0,0
ORD00561,CUST0521,Enterprise,WH_EAST,Express,Clothing,2279.75,2026-04-05 09:03:00,2026-04-10 04:00:00,114.95,0,0,0
ORD00562,CUST0982,Enterprise,WH_NORTH,Standard,Electronics,9512.11,2026-01-10 17:17:00,2026-01-19 10:11:00,208.9,1,0,0
ORD00563,CUST0653,Retail,WH_EAST,Priority,Clothing,3629.68,2026-01-01 09:11:00,2026-01-07 04:18:00,139.12,0,0,0
ORD00564,CUST0922,Enterprise,WH_WEST,Standard,Industrial,1392.95,2026-04-20 13:01:00,2026-04-30 20:04:00,247.05,1,0,0
ORD00565,CUST0538,Enterprise,WH_SOUTH,Standard,Electronics,4726.65,2026-03-19 13:28:00,2026-03-29 10:42:00,237.23,1,0,0
ORD00566,CUST0277,Enterprise,WH_NORTH,Express,Furniture,1304.45,2026-06-18 10:22:00,2026-06-25 00:18:00,157.93,0,0,0
ORD00567,CUST0933,SMB,WH_EAST,Express,Office Supplies,354.07,2026-04-17 12:19:00,2026-04-25 13:50:00,193.52,1,0,0
ORD00568,CUST0950,SMB,WH_SOUTH,Priority,Furniture,807.17,2026-05-14 12:39:00,2026-05-22 03:58:00,183.32,1,0,1
ORD00569,CUST0314,SMB,WH_NORTH,Express,Electronics,404.79,2026-01-13 12:08:00,2026-01-18 07:02:00,114.9,0,0,0
ORD00570,CUST0443,SMB,WH_NORTH,Standard,Electronics,1364.84,2026-05-02 13:15:00,2026-05-09 11:54:00,166.65,0,0,0
ORD00571,CUST0824,Retail,WH_SOUTH,Standard,Clothing,1834.88,2026-02-04 14:35:00,2026-02-14 07:55:00,233.33,1,0,0
ORD00572,CUST0453,Retail,WH_EAST,Priority,Clothing,6912.94,2026-04-30 13:27:00,2026-05-06 19:05:00,149.63,0,0,1
ORD00573,CUST0595,Enterprise,WH_EAST,Priority,Office Supplies,2348.52,2026-05-25 12:03:00,2026-05-30 09:43:00,117.67,0,0,0
ORD00574,CUST0609,SMB,WH_NORTH,Priority,Industrial,1517.35,2026-06-26 13:55:00,2026-07-04 06:14:00,184.32,1,0,0
ORD00575,CUST0140,Retail,WH_SOUTH,Priority,Furniture,3510.54,2026-03-19 12:46:00,2026-03-24 16:24:00,123.63,0,0,0
ORD00576,CUST0210,SMB,WH_NORTH,Standard,Office Supplies,308.31,2026-04-24 14:03:00,2026-04-30 20:13:00,150.17,0,0,0
ORD00577,CUST0652,Enterprise,WH_NORTH,Standard,Furniture,2183.08,2026-02-13 16:47:00,2026-02-22 07:34:00,206.78,1,0,0
ORD00578,CUST0427,Enterprise,WH_WEST,Standard,Clothing,3349.92,2026-04-28 09:36:00,2026-05-07 06:39:00,213.05,1,0,1
ORD00579,CUST0925,Retail,WH_WEST,Standard,Furniture,553.98,2026-06-17 10:22:00,2026-06-22 13:03:00,122.68,0,0,0
ORD00580,CUST0590,Enterprise,WH_EAST,Priority,Clothing,4514.29,2026-05-31 17:22:00,2026-06-09 20:28:00,219.1,1,1,0
ORD00581,CUST0945,Enterprise,WH_NORTH,Priority,Clothing,2370.36,2026-01-30 08:54:00,2026-02-05 10:48:00,145.9,0,0,0
ORD00582,CUST0259,SMB,WH_WEST,Priority,Clothing,1296.95,2026-02-27 11:47:00,2026-03-06 10:33:00,166.77,0,0,0
ORD00583,CUST0793,Retail,WH_WEST,Priority,Electronics,2999.57,2026-03-29 10:43:00,2026-04-05 09:19:00,166.6,0,0,0
ORD00584,CUST0641,Enterprise,WH_WEST,Priority,Electronics,11120.6,2026-02-02 16:19:00,2026-02-08 23:51:00,151.53,0,0,1
ORD00585,CUST0548,Retail,WH_SOUTH,Priority,Office Supplies,2091.2,2026-03-21 14:39:00,2026-03-26 20:03:00,125.4,0,0,0
ORD00586,CUST0206,Enterprise,WH_EAST,Standard,Furniture,2205.21,2026-05-21 13:59:00,2026-05-31 11:04:00,237.08,1,0,0
ORD00587,CUST0278,Enterprise,WH_NORTH,Standard,Industrial,1252.02,2026-05-10 11:41:00,2026-05-21 02:27:00,254.77,1,0,1
ORD00588,CUST0397,Retail,WH_WEST,Standard,Industrial,916.1,2026-06-29 14:35:00,2026-07-07 13:31:00,190.93,1,0,0
ORD00589,CUST0766,Enterprise,WH_NORTH,Priority,Furniture,3513.15,2026-01-15 09:03:00,2026-01-19 01:38:00,88.58,0,1,0
ORD00590,CUST0257,SMB,WH_SOUTH,Priority,Clothing,911.54,2026-02-26 15:45:00,2026-03-01 17:37:00,73.87,0,0,0
ORD00591,CUST0355,Retail,WH_WEST,Priority,Industrial,1914.58,2026-03-13 09:13:00,2026-03-20 21:22:00,180.15,1,0,0
ORD00592,CUST0976,Enterprise,WH_NORTH,Express,Electronics,1233.82,2026-03-11 12:37:00,2026-03-19 13:23:00,192.77,1,1,0
ORD00593,CUST0676,Retail,WH_WEST,Standard,Clothing,2652.3,2026-01-09 16:48:00,2026-01-13 04:56:00,84.13,0,0,0
ORD00594,CUST0827,Retail,WH_NORTH,Express,Clothing,2361.21,2026-05-17 15:27:00,2026-05-23 01:05:00,129.63,0,0,0
ORD00595,CUST0088,Retail,WH_SOUTH,Express,Clothing,4146.55,2026-05-27 14:02:00,2026-06-01 08:07:00,114.08,0,0,0
ORD00596,CUST0455,Enterprise,WH_WEST,Express,Electronics,1202.29,2026-04-30 08:22:00,2026-05-06 14:18:00,149.93,0,0,0
ORD00597,CUST0785,SMB,WH_EAST,Express,Furniture,1456.95,2026-02-28 10:09:00,2026-03-06 14:53:00,148.73,0,0,0
ORD00598,CUST0999,Enterprise,WH_EAST,Priority,Clothing,826.33,2026-05-19 08:38:00,2026-05-28 01:23:00,208.75,1,0,0
ORD00599,CUST0147,SMB,WH_NORTH,Priority,Clothing,1267.2,2026-03-27 14:57:00,2026-03-29 22:51:00,55.9,0,0,0
ORD00600,CUST0109,SMB,WH_SOUTH,Priority,Office Supplies,2445.1,2026-05-29 13:13:00,2026-06-06 02:19:00,181.1,1,1,0
ORD00601,CUST0552,Retail,WH_NORTH,Standard,Office Supplies,3312.94,2026-05-01 16:33:00,2026-05-06 19:01:00,122.47,0,0,0
ORD00602,CUST0710,SMB,WH_SOUTH,Priority,Industrial,864.6,2026-04-03 09:22:00,2026-04-08 19:15:00,129.88,0,1,0
ORD00603,CUST0796,Retail,WH_WEST,Priority,Furniture,3625.27,2026-06-05 12:50:00,2026-06-07 16:50:00,52.0,0,0,0
ORD00604,CUST0171,SMB,WH_NORTH,Express,Office Supplies,5348.17,2026-05-01 09:08:00,2026-05-08 21:01:00,179.88,1,1,0
ORD00605,CUST0714,Retail,WH_SOUTH,Express,Electronics,2516.81,2026-03-28 13:37:00,2026-04-05 17:31:00,195.9,1,1,0
ORD00606,CUST0297,Retail,WH_WEST,Standard,Furniture,8114.73,2026-05-31 16:05:00,2026-06-05 16:40:00,120.58,0,0,0
ORD00607,CUST0238,SMB,WH_EAST,Express,Electronics,973.57,2026-05-25 16:57:00,2026-05-31 18:00:00,145.05,0,0,0
ORD00608,CUST0589,Enterprise,WH_EAST,Express,Clothing,667.99,2026-02-12 09:18:00,2026-02-17 15:01:00,125.72,0,0,0
ORD00609,CUST0566,Enterprise,WH_SOUTH,Priority,Electronics,435.73,2026-05-19 16:51:00,2026-05-26 02:45:00,153.9,0,0,0
ORD00610,CUST0911,SMB,WH_WEST,Express,Electronics,5983.95,2026-02-05 12:46:00,2026-02-13 03:05:00,182.32,1,0,0
ORD00611,CUST0646,Retail,WH_NORTH,Priority,Clothing,3051.82,2026-01-10 14:06:00,2026-01-17 02:41:00,156.58,0,0,0
ORD00612,CUST0894,Retail,WH_SOUTH,Standard,Clothing,1729.4,2026-05-01 10:31:00,2026-05-06 12:18:00,121.78,0,0,0
ORD00613,CUST0728,Enterprise,WH_SOUTH,Express,Clothing,2261.93,2026-06-07 14:40:00,2026-06-18 12:48:00,262.13,1,0,0
ORD00614,CUST0366,SMB,WH_WEST,Standard,Furniture,734.81,2026-01-29 12:26:00,2026-02-07 19:01:00,222.58,1,0,0
ORD00615,CUST0861,Retail,WH_WEST,Express,Furniture,12792.34,2026-01-08 12:17:00,2026-01-16 04:56:00,184.65,1,0,1
ORD00616,CUST0267,SMB,WH_NORTH,Express,Furniture,2004.96,2026-03-28 08:19:00,2026-03-31 02:20:00,66.02,0,0,0
ORD00617,CUST0974,SMB,WH_NORTH,Standard,Clothing,1973.41,2026-04-01 16:04:00,2026-04-07 13:16:00,141.2,0,0,0
ORD00618,CUST0933,SMB,WH_EAST,Express,Furniture,3231.21,2026-05-22 11:00:00,2026-05-28 02:36:00,135.6,0,0,0
ORD00619,CUST0035,Retail,WH_EAST,Standard,Industrial,2656.61,2026-06-17 14:08:00,2026-06-25 11:58:00,189.83,1,0,1
ORD00620,CUST0436,SMB,WH_NORTH,Express,Industrial,2162.69,2026-02-21 09:16:00,2026-03-01 14:52:00,197.6,1,0,0
ORD00621,CUST0251,Enterprise,WH_WEST,Express,Industrial,960.66,2026-04-06 16:45:00,2026-04-11 17:09:00,120.4,0,0,0
ORD00622,CUST0098,Enterprise,WH_SOUTH,Express,Office Supplies,2636.41,2026-03-05 09:09:00,2026-03-12 14:40:00,173.52,1,0,0
ORD00623,CUST0038,Retail,WH_EAST,Priority,Office Supplies,8148.75,2026-04-15 08:17:00,2026-04-18 20:54:00,84.62,0,0,0
ORD00624,CUST0944,SMB,WH_NORTH,Priority,Electronics,5304.63,2026-04-07 10:48:00,2026-04-11 18:52:00,104.07,0,0,0
ORD00625,CUST0642,Enterprise,WH_WEST,Priority,Office Supplies,6467.53,2026-04-18 14:00:00,2026-04-28 06:06:00,232.1,1,0,0
ORD00626,CUST0620,SMB,WH_EAST,Express,Furniture,1201.14,2026-03-26 10:10:00,2026-03-30 11:56:00,97.77,0,1,0
ORD00627,CUST0551,SMB,WH_WEST,Standard,Electronics,819.19,2026-06-09 15:38:00,2026-06-16 08:58:00,161.33,0,0,0
ORD00628,CUST0377,SMB,WH_WEST,Priority,Office Supplies,1634.95,2026-06-14 11:04:00,2026-06-20 07:30:00,140.43,0,1,0
ORD00629,CUST0990,Enterprise,WH_WEST,Standard,Electronics,1890.47,2026-03-01 11:05:00,2026-03-08 00:48:00,157.72,0,0,0
ORD00630,CUST0574,SMB,WH_WEST,Express,Industrial,4338.8,2026-04-01 12:53:00,2026-04-07 03:37:00,134.73,0,0,0
ORD00631,CUST0702,Retail,WH_NORTH,Express,Clothing,466.86,2026-02-15 08:55:00,2026-02-19 18:41:00,105.77,0,0,0
ORD00632,CUST0956,Enterprise,WH_NORTH,Express,Clothing,6146.51,2026-05-15 11:00:00,2026-05-25 05:58:00,234.97,1,0,0
ORD00633,CUST0045,SMB,WH_EAST,Priority,Electronics,1593.35,2026-05-27 08:55:00,2026-05-31 14:10:00,101.25,0,0,0
ORD00634,CUST0723,Enterprise,WH_SOUTH,Standard,Industrial,1284.98,2026-01-31 08:28:00,2026-02-09 19:49:00,227.35,1,1,0
ORD00635,CUST0740,Retail,WH_EAST,Standard,Industrial,804.58,2026-04-17 08:04:00,2026-04-26 17:20:00,225.27,1,0,1
ORD00636,CUST0121,SMB,WH_EAST,Priority,Electronics,481.12,2026-05-25 15:05:00,2026-05-30 19:42:00,124.62,0,0,0
ORD00637,CUST0316,Retail,WH_SOUTH,Priority,Furniture,3493.07,2026-03-21 08:24:00,2026-03-26 16:40:00,128.27,0,0,0
ORD00638,CUST0266,SMB,WH_WEST,Standard,Industrial,1917.26,2026-04-01 17:23:00,2026-04-09 23:35:00,198.2,1,0,1
ORD00639,CUST0213,Retail,WH_EAST,Priority,Office Supplies,644.21,2026-03-10 09:32:00,2026-03-17 07:10:00,165.63,0,0,0
ORD00640,CUST0675,SMB,WH_NORTH,Priority,Electronics,641.58,2026-06-11 13:55:00,2026-06-15 14:36:00,96.68,0,0,0
ORD00641,CUST0771,SMB,WH_NORTH,Priority,Industrial,1382.12,2026-06-01 17:44:00,2026-06-04 14:02:00,68.3,0,0,0
ORD00642,CUST0995,Retail,WH_SOUTH,Standard,Industrial,6872.05,2026-04-20 12:36:00,2026-04-24 22:49:00,106.22,0,1,0
ORD00643,CUST0994,SMB,WH_NORTH,Standard,Clothing,1468.98,2026-04-28 14:10:00,2026-05-02 16:25:00,98.25,0,0,0
ORD00644,CUST0742,Enterprise,WH_SOUTH,Priority,Office Supplies,543.2,2026-04-06 08:30:00,2026-04-11 23:13:00,134.72,0,0,0
ORD00645,CUST0132,Enterprise,WH_EAST,Express,Clothing,1485.35,2026-03-14 14:38:00,2026-03-22 19:36:00,196.97,1,0,0
ORD00646,CUST0662,Enterprise,WH_SOUTH,Express,Furniture,1453.63,2026-01-12 11:19:00,2026-01-22 23:10:00,251.85,1,0,0
ORD00647,CUST0855,SMB,WH_NORTH,Standard,Clothing,209.03,2026-06-25 09:41:00,2026-06-28 18:48:00,81.12,0,0,0
ORD00648,CUST0311,SMB,WH_WEST,Priority,Electronics,1731.19,2026-06-04 15:32:00,2026-06-08 18:45:00,99.22,0,0,0
ORD00649,CUST0008,Retail,WH_EAST,Priority,Clothing,1503.05,2026-02-20 16:52:00,2026-02-28 06:06:00,181.23,1,0,0
ORD00650,CUST0346,Enterprise,WH_EAST,Priority,Clothing,3155.7,2026-02-15 12:22:00,2026-02-22 14:57:00,170.58,1,0,1
ORD00651,CUST0442,SMB,WH_EAST,Express,Office Supplies,7936.0,2026-03-04 16:36:00,2026-03-07 22:34:00,77.97,0,1,0
ORD00652,CUST0189,Retail,WH_EAST,Priority,Electronics,4452.64,2026-04-21 09:50:00,2026-04-28 21:10:00,179.33,1,0,0
ORD00653,CUST0282,SMB,WH_SOUTH,Priority,Electronics,1458.1,2026-06-04 14:58:00,2026-06-10 12:06:00,141.13,0,0,0
ORD00654,CUST0100,Enterprise,WH_SOUTH,Standard,Clothing,746.04,2026-02-26 09:39:00,2026-03-08 07:14:00,237.58,1,0,0
ORD00655,CUST0355,Enterprise,WH_WEST,Express,Industrial,14167.24,2026-02-23 16:44:00,2026-03-03 22:27:00,197.72,1,0,0
ORD00656,CUST0299,SMB,WH_EAST,Priority,Industrial,1895.76,2026-01-08 10:39:00,2026-01-15 06:29:00,163.83,0,0,0
ORD00657,CUST0944,SMB,WH_SOUTH,Priority,Electronics,1828.3,2026-01-25 14:13:00,2026-01-30 19:37:00,125.4,0,0,0
ORD00658,CUST0328,Retail,WH_EAST,Standard,Clothing,1773.48,2026-05-09 16:34:00,2026-05-17 08:41:00,184.12,1,0,0
ORD00659,CUST0782,Retail,WH_WEST,Standard,Electronics,2118.51,2026-04-09 17:41:00,2026-04-15 12:25:00,138.73,0,0,0
ORD00660,CUST0171,Retail,WH_WEST,Standard,Clothing,1610.84,2026-01-06 17:56:00,2026-01-13 19:13:00,169.28,1,0,0
ORD00661,CUST0136,Enterprise,WH_EAST,Standard,Furniture,1142.61,2026-05-28 15:29:00,2026-06-01 17:16:00,97.78,0,0,0
ORD00662,CUST0767,Retail,WH_NORTH,Priority,Industrial,1167.37,2026-05-14 15:55:00,2026-05-21 21:34:00,173.65,1,0,0
ORD00663,CUST0848,SMB,WH_NORTH,Express,Electronics,1761.28,2026-04-04 14:45:00,2026-04-11 12:46:00,166.02,0,0,0
ORD00664,CUST0673,Enterprise,WH_EAST,Standard,Industrial,1170.59,2026-02-23 12:06:00,2026-03-05 18:19:00,246.22,1,0,0
ORD00665,CUST0037,Enterprise,WH_SOUTH,Priority,Clothing,1022.21,2026-01-07 11:56:00,2026-01-11 22:00:00,106.07,0,0,0
ORD00666,CUST0623,SMB,WH_EAST,Express,Furniture,1968.73,2026-01-08 11:37:00,2026-01-13 03:41:00,112.07,0,0,0
ORD00667,CUST0602,Retail,WH_EAST,Express,Industrial,1474.42,2026-05-05 10:55:00,2026-05-09 09:32:00,94.62,0,0,0
ORD00668,CUST0666,SMB,WH_SOUTH,Express,Industrial,6022.12,2026-05-26 08:53:00,2026-05-29 07:41:00,70.8,0,0,0
ORD00669,CUST0278,Enterprise,WH_NORTH,Express,Office Supplies,216.85,2026-05-14 11:15:00,2026-05-21 00:16:00,157.02,0,0,0
ORD00670,CUST0761,Retail,WH_SOUTH,Standard,Furniture,4329.49,2026-05-14 12:03:00,2026-05-23 11:59:00,215.93,1,0,0
ORD00671,CUST0120,Enterprise,WH_WEST,Express,Furniture,4899.4,2026-01-26 16:37:00,2026-02-03 23:41:00,199.07,1,0,0
ORD00672,CUST0258,Retail,WH_WEST,Express,Industrial,344.22,2026-06-11 10:21:00,2026-06-15 04:36:00,90.25,0,0,0
ORD00673,CUST0775,SMB,WH_SOUTH,Standard,Clothing,1374.51,2026-05-11 15:31:00,2026-05-18 02:43:00,155.2,0,1,0
ORD00674,CUST0219,Retail,WH_EAST,Express,Clothing,1343.25,2026-05-16 15:06:00,2026-05-20 16:01:00,96.92,0,0,0
ORD00675,CUST0334,Retail,WH_WEST,Priority,Industrial,586.39,2026-03-10 11:59:00,2026-03-17 10:37:00,166.63,0,0,0
ORD00676,CUST0781,Enterprise,WH_WEST,Express,Electronics,970.44,2026-04-15 13:41:00,2026-04-25 08:01:00,234.33,1,1,0
ORD00677,CUST0574,Enterprise,WH_SOUTH,Priority,Office Supplies,743.63,2026-04-23 12:06:00,2026-05-02 15:42:00,219.6,1,0,0
ORD00678,CUST0601,Enterprise,WH_WEST,Standard,Electronics,7345.3,2026-06-13 13:17:00,2026-06-20 10:49:00,165.53,0,1,0
ORD00679,CUST0252,Retail,WH_EAST,Priority,Clothing,3822.05,2026-05-23 16:52:00,2026-05-29 08:30:00,135.63,0,0,0
ORD00680,CUST0480,SMB,WH_SOUTH,Express,Clothing,5000.25,2026-02-20 12:16:00,2026-02-27 16:23:00,172.12,1,0,0
ORD00681,CUST0017,Enterprise,WH_WEST,Priority,Clothing,3220.65,2026-05-18 15:18:00,2026-05-29 13:51:00,262.55,1,0,0
ORD00682,CUST0666,Enterprise,WH_SOUTH,Priority,Industrial,732.72,2026-03-12 15:28:00,2026-03-20 01:24:00,177.93,1,1,0
ORD00683,CUST0009,SMB,WH_SOUTH,Express,Furniture,1188.42,2026-03-08 11:37:00,2026-03-13 03:04:00,111.45,0,0,0
ORD00684,CUST0212,Enterprise,WH_EAST,Standard,Electronics,2674.45,2026-05-17 17:54:00,2026-05-25 09:02:00,183.13,1,0,0
ORD00685,CUST0959,SMB,WH_SOUTH,Standard,Furniture,680.14,2026-04-23 09:53:00,2026-04-28 03:04:00,113.18,0,0,0
ORD00686,CUST0096,Retail,WH_SOUTH,Priority,Office Supplies,3198.38,2026-02-01 10:48:00,2026-02-09 04:23:00,185.58,1,0,0
ORD00687,CUST0369,SMB,WH_WEST,Priority,Electronics,1491.8,2026-04-27 08:00:00,2026-04-30 14:11:00,78.18,0,0,0
ORD00688,CUST0667,SMB,WH_WEST,Standard,Clothing,1339.62,2026-06-15 13:02:00,2026-06-21 14:25:00,145.38,0,0,0
ORD00689,CUST0381,Enterprise,WH_WEST,Express,Furniture,3193.17,2026-02-14 16:09:00,2026-02-20 20:20:00,148.18,0,0,0
ORD00690,CUST0803,SMB,WH_NORTH,Standard,Industrial,2579.65,2026-01-09 10:58:00,2026-01-13 23:19:00,108.35,0,0,0
ORD00691,CUST0992,SMB,WH_WEST,Express,Office Supplies,1354.55,2026-04-23 10:54:00,2026-04-27 12:57:00,98.05,0,0,0
ORD00692,CUST0490,Retail,WH_WEST,Priority,Furniture,4570.89,2026-02-02 11:32:00,2026-02-07 21:07:00,129.58,0,0,0
ORD00693,CUST0337,Retail,WH_WEST,Priority,Office Supplies,761.39,2026-05-13 17:56:00,2026-05-15 19:43:00,49.78,0,0,0
ORD00694,CUST0147,Enterprise,WH_NORTH,Standard,Industrial,2959.42,2026-03-24 08:36:00,2026-04-03 21:14:00,252.63,1,0,0
ORD00695,CUST0947,SMB,WH_EAST,Standard,Clothing,2905.85,2026-03-29 15:49:00,2026-04-08 01:37:00,225.8,1,0,0
ORD00696,CUST0850,Enterprise,WH_NORTH,Priority,Clothing,1411.44,2026-02-02 13:19:00,2026-02-06 02:01:00,84.7,0,0,0
ORD00697,CUST0752,Retail,WH_EAST,Priority,Furniture,2347.03,2026-05-25 16:33:00,2026-05-30 06:52:00,110.32,0,0,0
ORD00698,CUST0864,Retail,WH_SOUTH,Priority,Industrial,664.55,2026-02-21 12:03:00,2026-02-24 14:51:00,74.8,0,0,0
ORD00699,CUST0258,Enterprise,WH_EAST,Priority,Office Supplies,3786.59,2026-06-02 09:03:00,2026-06-08 07:36:00,142.55,0,0,0
ORD00700,CUST0855,Enterprise,WH_EAST,Standard,Clothing,1559.43,2026-02-05 14:07:00,2026-02-16 06:47:00,256.67,1,0,0
ORD00701,CUST0677,SMB,WH_WEST,Standard,Office Supplies,1190.13,2026-06-06 15:09:00,2026-06-16 00:55:00,225.77,1,0,0
ORD00702,CUST0777,Enterprise,WH_EAST,Priority,Electronics,4184.77,2026-01-23 17:38:00,2026-02-01 14:09:00,212.52,1,0,0
ORD00703,CUST0366,Enterprise,WH_NORTH,Standard,Industrial,1029.19,2026-03-04 17:31:00,2026-03-14 16:03:00,238.53,1,1,0
ORD00704,CUST0859,Retail,WH_NORTH,Standard,Electronics,585.95,2026-03-03 13:37:00,2026-03-12 04:04:00,206.45,1,0,0
ORD00705,CUST0833,Retail,WH_WEST,Standard,Furniture,520.45,2026-05-26 10:01:00,2026-06-03 03:38:00,185.62,1,1,0
ORD00706,CUST0470,Enterprise,WH_EAST,Standard,Office Supplies,2936.01,2026-05-21 13:47:00,2026-05-31 03:42:00,229.92,1,0,0
ORD00707,CUST0775,Enterprise,WH_WEST,Express,Industrial,649.15,2026-03-31 13:51:00,2026-04-08 07:08:00,185.28,1,0,1
ORD00708,CUST0634,Enterprise,WH_NORTH,Standard,Electronics,7360.15,2026-06-03 14:54:00,2026-06-13 14:28:00,239.57,1,0,0
ORD00709,CUST0846,Enterprise,WH_NORTH,Priority,Furniture,341.88,2026-06-20 12:01:00,2026-06-30 11:18:00,239.28,1,0,0
ORD00710,CUST0425,SMB,WH_SOUTH,Standard,Office Supplies,7024.54,2026-05-29 14:40:00,2026-06-06 12:40:00,190.0,1,0,0
ORD00711,CUST0079,SMB,WH_SOUTH,Priority,Furniture,2140.54,2026-05-18 17:08:00,2026-05-24 00:46:00,127.63,0,0,0
ORD00712,CUST0589,SMB,WH_NORTH,Priority,Industrial,1673.43,2026-05-08 17:27:00,2026-05-14 15:32:00,142.08,0,1,0
ORD00713,CUST0584,Retail,WH_EAST,Standard,Office Supplies,1169.19,2026-05-06 14:45:00,2026-05-14 10:03:00,187.3,1,0,0
ORD00714,CUST0884,Retail,WH_NORTH,Standard,Clothing,2488.19,2026-05-31 09:49:00,2026-06-05 11:27:00,121.63,0,1,0
ORD00715,CUST0340,Enterprise,WH_NORTH,Express,Office Supplies,1754.42,2026-06-29 14:51:00,2026-07-04 09:48:00,114.95,0,0,0
ORD00716,CUST0267,Enterprise,WH_WEST,Standard,Clothing,4370.54,2026-06-15 09:21:00,2026-06-18 13:28:00,76.12,0,0,0
ORD00717,CUST0335,SMB,WH_WEST,Standard,Office Supplies,1981.05,2026-05-25 13:54:00,2026-06-01 04:26:00,158.53,0,0,0
ORD00718,CUST0520,SMB,WH_SOUTH,Standard,Office Supplies,2039.05,2026-01-10 16:56:00,2026-01-20 15:04:00,238.13,1,0,0
ORD00719,CUST0198,Retail,WH_SOUTH,Express,Industrial,1351.69,2026-06-18 16:53:00,2026-06-25 08:35:00,159.7,0,0,1
ORD00720,CUST0061,Retail,WH_WEST,Priority,Office Supplies,1727.52,2026-01-26 16:05:00,2026-02-02 23:26:00,175.35,1,0,0
ORD00721,CUST0782,SMB,WH_SOUTH,Priority,Industrial,2312.86,2026-04-14 14:24:00,2026-04-17 05:10:00,62.77,0,1,0
ORD00722,CUST0193,SMB,WH_NORTH,Priority,Office Supplies,460.29,2026-05-19 10:41:00,2026-05-26 03:42:00,161.02,0,0,0
ORD00723,CUST0757,Retail,WH_SOUTH,Express,Electronics,614.9,2026-02-24 09:29:00,2026-03-03 12:10:00,170.68,1,0,0
ORD00724,CUST0211,SMB,WH_NORTH,Standard,Furniture,3276.76,2026-06-18 13:11:00,2026-06-25 20:26:00,175.25,1,0,1
ORD00725,CUST0420,SMB,WH_NORTH,Express,Industrial,2072.88,2026-03-13 11:52:00,2026-03-18 16:07:00,124.25,0,0,0
ORD00726,CUST0073,Enterprise,WH_NORTH,Standard,Industrial,1560.58,2026-01-18 10:34:00,2026-01-24 18:45:00,152.18,0,0,0
ORD00727,CUST0569,Enterprise,WH_WEST,Standard,Office Supplies,1834.9,2026-01-10 15:30:00,2026-01-18 02:05:00,178.58,1,0,0
ORD00728,CUST0743,Enterprise,WH_EAST,Priority,Electronics,2387.65,2026-02-09 13:55:00,2026-02-15 17:13:00,147.3,0,0,0
ORD00729,CUST0674,Enterprise,WH_WEST,Express,Electronics,1174.02,2026-03-04 17:33:00,2026-03-11 14:23:00,164.83,0,0,1
ORD00730,CUST0147,Retail,WH_NORTH,Standard,Electronics,970.06,2026-04-08 08:36:00,2026-04-15 16:43:00,176.12,1,0,0
ORD00731,CUST0290,SMB,WH_WEST,Priority,Furniture,2114.72,2026-06-24 15:39:00,2026-06-30 10:26:00,138.78,0,0,0
ORD00732,CUST0987,SMB,WH_WEST,Standard,Clothing,826.58,2026-01-06 14:51:00,2026-01-15 13:50:00,214.98,1,1,0
ORD00733,CUST0455,SMB,WH_WEST,Express,Clothing,2506.4,2026-03-25 14:08:00,2026-04-02 05:30:00,183.37,1,0,0
ORD00734,CUST0384,Enterprise,WH_EAST,Express,Furniture,463.1,2026-05-01 09:34:00,2026-05-06 06:12:00,116.63,0,0,0
ORD00735,CUST0396,SMB,WH_SOUTH,Priority,Office Supplies,4118.83,2026-02-09 14:36:00,2026-02-12 15:46:00,73.17,0,0,0
ORD00736,CUST0806,Enterprise,WH_NORTH,Standard,Electronics,2638.8,2026-01-14 13:54:00,2026-01-26 01:37:00,275.72,1,0,0
ORD00737,CUST0347,SMB,WH_SOUTH,Express,Electronics,2219.03,2026-05-24 10:57:00,2026-05-30 13:05:00,146.13,0,0,0
ORD00738,CUST0707,Enterprise,WH_SOUTH,Priority,Furniture,3968.54,2026-04-24 09:48:00,2026-04-30 00:31:00,134.72,0,0,0
ORD00739,CUST0970,SMB,WH_EAST,Standard,Clothing,6852.57,2026-01-18 10:08:00,2026-01-27 01:13:00,207.08,1,0,0
ORD00740,CUST0174,SMB,WH_EAST,Standard,Office Supplies,4070.4,2026-03-13 16:57:00,2026-03-23 00:49:00,223.87,1,0,0
ORD00741,CUST0676,SMB,WH_NORTH,Priority,Electronics,414.59,2026-02-03 17:00:00,2026-02-10 16:39:00,167.65,0,1,0
ORD00742,CUST0344,Retail,WH_EAST,Express,Industrial,649.59,2026-03-29 10:22:00,2026-04-01 12:34:00,74.2,0,0,0
ORD00743,CUST0831,Enterprise,WH_SOUTH,Standard,Electronics,1096.79,2026-02-15 13:04:00,2026-02-22 02:21:00,157.28,0,0,1
ORD00744,CUST0058,Enterprise,WH_SOUTH,Priority,Electronics,1846.18,2026-02-17 09:45:00,2026-02-25 07:24:00,189.65,1,1,0
ORD00745,CUST0295,SMB,WH_NORTH,Standard,Office Supplies,2735.66,2026-01-02 09:11:00,2026-01-10 17:55:00,200.73,1,0,0
ORD00746,CUST0775,Enterprise,WH_SOUTH,Express,Office Supplies,1011.72,2026-03-17 17:26:00,2026-03-22 21:34:00,124.13,0,0,0
ORD00747,CUST0064,SMB,WH_NORTH,Express,Electronics,2099.41,2026-06-08 14:05:00,2026-06-14 20:27:00,150.37,0,1,0
ORD00748,CUST0745,SMB,WH_EAST,Express,Industrial,988.01,2026-04-05 15:19:00,2026-04-14 05:25:00,206.1,1,0,1
ORD00749,CUST0464,Enterprise,WH_SOUTH,Priority,Industrial,1108.53,2026-04-18 08:55:00,2026-04-23 15:04:00,126.15,0,0,0
ORD00750,CUST0098,SMB,WH_NORTH,Express,Furniture,586.79,2026-03-11 13:12:00,2026-03-19 14:23:00,193.18,1,0,0
ORD00751,CUST0444,Enterprise,WH_WEST,Express,Electronics,863.86,2026-04-01 09:04:00,2026-04-09 01:00:00,183.93,1,0,0
ORD00752,CUST0646,Retail,WH_EAST,Priority,Industrial,613.18,2026-06-06 09:38:00,2026-06-12 12:25:00,146.78,0,0,0
ORD00753,CUST0428,Enterprise,WH_SOUTH,Express,Furniture,828.24,2026-03-22 15:50:00,2026-03-29 18:04:00,170.23,1,0,0
ORD00754,CUST0501,Enterprise,WH_WEST,Express,Office Supplies,4200.31,2026-01-25 14:48:00,2026-01-31 19:33:00,148.75,0,0,0
ORD00755,CUST0869,SMB,WH_NORTH,Standard,Furniture,845.97,2026-06-12 08:20:00,2026-06-19 00:27:00,160.12,0,0,0
ORD00756,CUST0981,SMB,WH_NORTH,Priority,Electronics,14852.24,2026-02-19 16:51:00,2026-02-21 22:16:00,53.42,0,0,0
ORD00757,CUST0030,Enterprise,WH_WEST,Express,Industrial,2682.9,2026-02-07 15:40:00,2026-02-13 08:45:00,137.08,0,0,0
ORD00758,CUST0980,Enterprise,WH_NORTH,Standard,Clothing,2096.17,2026-05-22 15:23:00,2026-05-30 11:16:00,187.88,1,0,0
ORD00759,CUST0058,SMB,WH_SOUTH,Standard,Electronics,909.88,2026-02-05 10:06:00,2026-02-09 04:47:00,90.68,0,0,0
ORD00760,CUST0505,Retail,WH_WEST,Standard,Office Supplies,3166.07,2026-04-17 14:44:00,2026-04-21 06:50:00,88.1,0,0,0
ORD00761,CUST0054,SMB,WH_SOUTH,Standard,Electronics,1140.81,2026-02-26 11:09:00,2026-03-06 20:08:00,200.98,1,0,0
ORD00762,CUST0564,Enterprise,WH_NORTH,Standard,Office Supplies,1993.42,2026-01-10 11:14:00,2026-01-16 05:21:00,138.12,0,0,0
ORD00763,CUST0273,Retail,WH_EAST,Express,Furniture,14017.58,2026-02-21 17:16:00,2026-03-01 05:16:00,180.0,1,0,0
ORD00764,CUST0210,Enterprise,WH_SOUTH,Standard,Industrial,1674.3,2026-01-28 11:12:00,2026-02-04 12:32:00,169.33,1,0,0
ORD00765,CUST0524,SMB,WH_NORTH,Standard,Furniture,4534.27,2026-02-16 13:13:00,2026-02-23 17:52:00,172.65,1,0,0
ORD00766,CUST0080,Enterprise,WH_NORTH,Standard,Office Supplies,1030.15,2026-01-13 08:17:00,2026-01-21 23:43:00,207.43,1,0,0
ORD00767,CUST0305,Enterprise,WH_NORTH,Express,Furniture,1758.14,2026-03-09 15:59:00,2026-03-17 01:57:00,177.97,1,0,0
ORD00768,CUST0891,SMB,WH_EAST,Standard,Office Supplies,7455.0,2026-05-03 09:46:00,2026-05-07 07:42:00,93.93,0,0,1
ORD00769,CUST0983,Retail,WH_EAST,Express,Industrial,1094.91,2026-02-21 12:01:00,2026-02-27 09:44:00,141.72,0,0,0
ORD00770,CUST0733,SMB,WH_NORTH,Express,Electronics,7707.57,2026-06-03 13:29:00,2026-06-10 11:10:00,165.68,0,0,0
ORD00771,CUST0417,Retail,WH_SOUTH,Express,Clothing,3184.98,2026-04-30 13:49:00,2026-05-06 12:31:00,142.7,0,0,0
ORD00772,CUST0947,Retail,WH_EAST,Express,Industrial,1152.89,2026-05-19 10:56:00,2026-05-26 05:29:00,162.55,0,0,0
ORD00773,CUST0084,Enterprise,WH_WEST,Priority,Office Supplies,2998.68,2026-01-11 16:06:00,2026-01-20 11:26:00,211.33,1,0,0
ORD00774,CUST0591,Retail,WH_EAST,Express,Electronics,3936.49,2026-02-27 15:09:00,2026-03-04 11:13:00,116.07,0,0,0
ORD00775,CUST0555,Enterprise,WH_NORTH,Standard,Electronics,2973.36,2026-01-08 12:07:00,2026-01-18 05:48:00,233.68,1,1,0
ORD00776,CUST0214,SMB,WH_EAST,Priority,Office Supplies,514.82,2026-05-03 17:37:00,2026-05-10 18:38:00,169.02,1,0,1
ORD00777,CUST0972,Enterprise,WH_WEST,Express,Electronics,1010.59,2026-05-05 09:30:00,2026-05-14 08:21:00,214.85,1,0,0
ORD00778,CUST0629,Enterprise,WH_WEST,Standard,Furniture,1483.24,2026-06-01 08:59:00,2026-06-14 21:08:00,324.15,1,0,0
ORD00779,CUST0179,SMB,WH_WEST,Standard,Electronics,1703.52,2026-03-16 17:21:00,2026-03-23 16:55:00,167.57,0,0,0
ORD00780,CUST0188,SMB,WH_SOUTH,Priority,Office Supplies,2970.65,2026-05-07 11:45:00,2026-05-14 22:01:00,178.27,1,1,0
ORD00781,CUST0022,Retail,WH_EAST,Priority,Electronics,2084.24,2026-04-18 15:02:00,2026-04-22 10:35:00,91.55,0,0,0
ORD00782,CUST0025,Enterprise,WH_SOUTH,Priority,Furniture,621.24,2026-06-20 11:28:00,2026-06-26 01:37:00,134.15,0,0,1
ORD00783,CUST0308,Retail,WH_SOUTH,Priority,Industrial,2450.77,2026-01-03 13:03:00,2026-01-08 14:58:00,121.92,0,1,0
ORD00784,CUST0194,SMB,WH_WEST,Express,Furniture,2946.78,2026-01-26 10:24:00,2026-01-30 12:49:00,98.42,0,0,0
ORD00785,CUST0253,Retail,WH_WEST,Express,Furniture,2829.44,2026-03-09 14:03:00,2026-03-18 17:57:00,219.9,1,1,1
ORD00786,CUST0911,Retail,WH_WEST,Priority,Furniture,4292.5,2026-03-03 17:33:00,2026-03-09 21:36:00,148.05,0,0,0
ORD00787,CUST0285,SMB,WH_WEST,Express,Clothing,3523.25,2026-03-19 16:38:00,2026-03-28 05:15:00,204.62,1,0,0
ORD00788,CUST0999,Retail,WH_EAST,Priority,Office Supplies,2610.62,2026-06-11 09:16:00,2026-06-17 00:39:00,135.38,0,0,0
ORD00789,CUST0197,Retail,WH_EAST,Priority,Industrial,1709.35,2026-03-13 12:38:00,2026-03-20 22:58:00,178.33,1,0,0
ORD00790,CUST0596,Enterprise,WH_SOUTH,Priority,Clothing,478.78,2026-06-13 11:13:00,2026-06-20 18:35:00,175.37,1,0,0
ORD00791,CUST0261,SMB,WH_NORTH,Standard,Industrial,2549.61,2026-05-21 14:00:00,2026-05-30 22:01:00,224.02,1,0,0
ORD00792,CUST0204,Enterprise,WH_EAST,Express,Industrial,2134.85,2026-06-02 09:30:00,2026-06-08 10:23:00,144.88,0,0,0
ORD00793,CUST0803,Retail,WH_NORTH,Priority,Industrial,2246.8,2026-02-22 08:57:00,2026-02-27 19:07:00,130.17,0,1,0
ORD00794,CUST0951,Enterprise,WH_EAST,Standard,Electronics,651.06,2026-05-22 17:20:00,2026-05-29 18:18:00,168.97,1,0,0
ORD00795,CUST0471,Enterprise,WH_SOUTH,Standard,Clothing,761.4,2026-01-28 08:15:00,2026-02-07 16:09:00,247.9,1,0,0
ORD00796,CUST0024,Enterprise,WH_EAST,Priority,Industrial,4198.67,2026-04-22 16:21:00,2026-05-01 09:42:00,209.35,1,0,0
ORD00797,CUST0224,SMB,WH_EAST,Express,Clothing,1751.72,2026-03-05 12:57:00,2026-03-08 21:45:00,80.8,0,0,0
ORD00798,CUST0399,SMB,WH_EAST,Express,Electronics,3118.79,2026-05-06 14:46:00,2026-05-15 16:15:00,217.48,1,1,0
ORD00799,CUST0614,Enterprise,WH_SOUTH,Express,Clothing,1849.47,2026-01-13 11:05:00,2026-01-20 11:27:00,168.37,1,0,1
ORD00800,CUST0235,SMB,WH_WEST,Standard,Office Supplies,1851.6,2026-01-18 11:55:00,2026-01-22 23:17:00,107.37,0,1,0
ORD00801,CUST0792,SMB,WH_NORTH,Standard,Office Supplies,3830.03,2026-02-01 15:35:00,2026-02-05 09:15:00,89.67,0,0,0
ORD00802,CUST0513,SMB,WH_NORTH,Standard,Furniture,1196.51,2026-01-13 15:09:00,2026-01-20 11:54:00,164.75,0,0,0
ORD00803,CUST0166,Enterprise,WH_NORTH,Express,Furniture,1952.56,2026-01-01 12:29:00,2026-01-10 02:25:00,205.93,1,0,0
ORD00804,CUST0960,Enterprise,WH_WEST,Priority,Industrial,1249.1,2026-02-02 08:13:00,2026-02-07 08:31:00,120.3,0,0,0
ORD00805,CUST0446,SMB,WH_SOUTH,Priority,Furniture,1277.17,2026-06-16 12:25:00,2026-06-20 10:57:00,94.53,0,1,0
ORD00806,CUST0426,Enterprise,WH_NORTH,Standard,Electronics,1411.86,2026-03-17 13:03:00,2026-03-25 17:06:00,196.05,1,0,1
ORD00807,CUST0318,Enterprise,WH_SOUTH,Standard,Furniture,2159.66,2026-05-24 12:03:00,2026-06-06 09:34:00,309.52,1,0,0
ORD00808,CUST0127,SMB,WH_WEST,Express,Office Supplies,1232.75,2026-01-10 16:46:00,2026-01-16 04:34:00,131.8,0,0,0
ORD00809,CUST0632,SMB,WH_WEST,Express,Furniture,4937.45,2026-01-11 08:19:00,2026-01-14 04:12:00,67.88,0,0,0
ORD00810,CUST0068,Enterprise,WH_SOUTH,Express,Industrial,883.87,2026-01-17 11:29:00,2026-01-27 06:00:00,234.52,1,1,0
ORD00811,CUST0160,Retail,WH_EAST,Standard,Furniture,1556.98,2026-01-06 14:30:00,2026-01-12 13:45:00,143.25,0,0,0
ORD00812,CUST0865,Enterprise,WH_SOUTH,Express,Furniture,1271.83,2026-01-26 16:32:00,2026-02-02 08:19:00,159.78,0,0,0
ORD00813,CUST0447,SMB,WH_WEST,Standard,Industrial,5753.61,2026-05-02 08:21:00,2026-05-10 03:49:00,187.47,1,0,0
ORD00814,CUST0250,SMB,WH_SOUTH,Standard,Office Supplies,2115.92,2026-03-25 17:24:00,2026-03-30 11:43:00,114.32,0,1,0
ORD00815,CUST0483,Enterprise,WH_SOUTH,Standard,Clothing,4127.7,2026-04-04 13:42:00,2026-04-14 03:19:00,229.62,1,0,0
ORD00816,CUST0274,Retail,WH_EAST,Priority,Electronics,550.9,2026-06-06 12:08:00,2026-06-11 07:00:00,114.87,0,0,0
ORD00817,CUST0712,SMB,WH_WEST,Express,Office Supplies,2238.68,2026-03-20 12:41:00,2026-03-24 18:11:00,101.5,0,0,0
ORD00818,CUST0038,Enterprise,WH_NORTH,Priority,Electronics,3683.82,2026-02-07 09:28:00,2026-02-15 00:35:00,183.12,1,0,0
ORD00819,CUST0672,SMB,WH_NORTH,Standard,Industrial,1931.07,2026-02-19 13:04:00,2026-02-26 22:59:00,177.92,1,0,0
ORD00820,CUST0764,Retail,WH_WEST,Express,Office Supplies,4240.28,2026-06-29 10:00:00,2026-07-04 20:16:00,130.27,0,0,0
ORD00821,CUST0930,Retail,WH_SOUTH,Standard,Industrial,1195.32,2026-01-10 08:40:00,2026-01-19 11:07:00,218.45,1,0,0
ORD00822,CUST0281,Retail,WH_WEST,Priority,Office Supplies,5582.98,2026-06-06 11:27:00,2026-06-09 02:01:00,62.57,0,0,0
ORD00823,CUST0486,SMB,WH_WEST,Priority,Office Supplies,11374.38,2026-03-01 13:53:00,2026-03-06 07:07:00,113.23,0,0,0
ORD00824,CUST0042,SMB,WH_SOUTH,Standard,Industrial,1352.53,2026-01-01 14:03:00,2026-01-08 11:25:00,165.37,0,0,0
ORD00825,CUST0547,Enterprise,WH_EAST,Standard,Industrial,1265.98,2026-05-24 13:11:00,2026-06-01 05:49:00,184.63,1,0,0
ORD00826,CUST0426,SMB,WH_SOUTH,Standard,Furniture,5783.17,2026-04-03 09:48:00,2026-04-09 04:54:00,139.1,0,0,0
ORD00827,CUST0989,Enterprise,WH_SOUTH,Express,Clothing,6397.47,2026-02-01 16:49:00,2026-02-09 15:17:00,190.47,1,0,0
ORD00828,CUST0968,Retail,WH_EAST,Standard,Office Supplies,1190.0,2026-01-23 09:10:00,2026-02-02 18:31:00,249.35,1,0,1
ORD00829,CUST0793,Retail,WH_NORTH,Standard,Industrial,1291.88,2026-05-23 15:24:00,2026-05-28 09:04:00,113.67,0,0,1
ORD00830,CUST0993,SMB,WH_EAST,Standard,Furniture,1443.13,2026-01-25 17:33:00,2026-02-03 23:48:00,222.25,1,0,0
ORD00831,CUST0301,Enterprise,WH_NORTH,Standard,Clothing,616.74,2026-06-20 10:44:00,2026-06-24 22:37:00,107.88,0,0,0
ORD00832,CUST0292,Enterprise,WH_EAST,Priority,Electronics,867.03,2026-02-05 16:38:00,2026-02-13 01:49:00,177.18,1,1,0
ORD00833,CUST0862,Retail,WH_NORTH,Priority,Office Supplies,809.72,2026-06-26 16:19:00,2026-06-29 20:15:00,75.93,0,1,0
ORD00834,CUST0141,Enterprise,WH_NORTH,Priority,Electronics,978.25,2026-01-28 15:02:00,2026-02-05 08:08:00,185.1,1,0,0
ORD00835,CUST0718,Retail,WH_NORTH,Standard,Industrial,1758.56,2026-02-25 10:10:00,2026-03-06 21:51:00,227.68,1,0,1
ORD00836,CUST0217,Enterprise,WH_WEST,Priority,Clothing,2180.64,2026-03-30 10:25:00,2026-04-06 11:21:00,168.93,1,0,0
ORD00837,CUST0708,Retail,WH_SOUTH,Standard,Office Supplies,6250.4,2026-01-31 11:08:00,2026-02-03 13:04:00,73.93,0,0,0
ORD00838,CUST0668,Retail,WH_SOUTH,Standard,Electronics,813.48,2026-04-16 09:21:00,2026-04-23 06:16:00,164.92,0,0,0
ORD00839,CUST0879,Enterprise,WH_SOUTH,Express,Clothing,3973.72,2026-02-18 11:31:00,2026-02-26 02:16:00,182.75,1,1,0
ORD00840,CUST0114,Enterprise,WH_EAST,Express,Clothing,1523.57,2026-02-15 14:49:00,2026-02-23 09:58:00,187.15,1,1,0
ORD00841,CUST0226,Enterprise,WH_WEST,Standard,Furniture,1737.89,2026-06-15 15:24:00,2026-06-26 03:45:00,252.35,1,0,0
ORD00842,CUST0021,Retail,WH_NORTH,Standard,Furniture,3102.17,2026-03-14 12:51:00,2026-03-19 10:24:00,117.55,0,0,0
ORD00843,CUST0336,Retail,WH_WEST,Express,Electronics,736.44,2026-05-04 11:11:00,2026-05-11 13:01:00,169.83,1,0,0
ORD00844,CUST0099,SMB,WH_WEST,Priority,Furniture,2455.11,2026-03-04 13:02:00,2026-03-07 20:21:00,79.32,0,0,0
ORD00845,CUST0237,Enterprise,WH_WEST,Standard,Industrial,2065.57,2026-04-16 16:47:00,2026-04-22 22:55:00,150.13,0,0,0
ORD00846,CUST0659,Enterprise,WH_WEST,Standard,Clothing,2681.04,2026-03-02 17:07:00,2026-03-10 23:03:00,197.93,1,0,1
ORD00847,CUST0597,Retail,WH_SOUTH,Express,Electronics,2278.64,2026-04-20 13:59:00,2026-04-24 23:36:00,105.62,0,0,1
ORD00848,CUST0240,Retail,WH_NORTH,Standard,Furniture,12890.43,2026-02-23 11:08:00,2026-03-04 12:44:00,217.6,1,1,0
ORD00849,CUST0158,Enterprise,WH_NORTH,Express,Industrial,1085.51,2026-01-02 10:23:00,2026-01-14 08:37:00,286.23,1,1,1
ORD00850,CUST0906,SMB,WH_EAST,Standard,Office Supplies,1182.28,2026-05-17 17:13:00,2026-05-22 22:50:00,125.62,0,0,0
ORD00851,CUST0816,Enterprise,WH_SOUTH,Standard,Office Supplies,1098.27,2026-01-29 16:30:00,2026-02-04 14:41:00,142.18,0,0,1
ORD00852,CUST0552,SMB,WH_NORTH,Priority,Office Supplies,1159.35,2026-01-24 12:16:00,2026-01-28 12:03:00,95.78,0,0,1
ORD00853,CUST0640,Enterprise,WH_WEST,Express,Office Supplies,1085.82,2026-01-21 13:29:00,2026-01-27 00:42:00,131.22,0,1,0
ORD00854,CUST0705,SMB,WH_SOUTH,Standard,Industrial,4680.75,2026-05-18 13:03:00,2026-05-25 08:54:00,163.85,0,1,0
ORD00855,CUST0088,Retail,WH_SOUTH,Priority,Office Supplies,5633.03,2026-05-19 15:18:00,2026-05-27 04:30:00,181.2,1,0,0
ORD00856,CUST0042,SMB,WH_WEST,Standard,Electronics,1145.28,2026-06-03 08:00:00,2026-06-08 23:03:00,135.05,0,0,0
ORD00857,CUST0242,Enterprise,WH_WEST,Express,Office Supplies,929.01,2026-02-28 13:23:00,2026-03-13 02:15:00,300.87,1,0,0
ORD00858,CUST0877,Retail,WH_WEST,Express,Electronics,2636.3,2026-06-09 16:11:00,2026-06-15 00:43:00,128.53,0,1,0
ORD00859,CUST0986,Retail,WH_SOUTH,Express,Industrial,1162.38,2026-03-05 16:12:00,2026-03-12 06:02:00,157.83,0,0,0
ORD00860,CUST0634,Retail,WH_EAST,Standard,Office Supplies,2999.93,2026-05-27 12:26:00,2026-06-05 02:43:00,206.28,1,1,0
ORD00861,CUST0895,SMB,WH_NORTH,Express,Industrial,2126.72,2026-02-10 13:48:00,2026-02-15 05:44:00,111.93,0,0,0
ORD00862,CUST0301,Retail,WH_SOUTH,Standard,Electronics,537.76,2026-05-01 14:19:00,2026-05-10 15:47:00,217.47,1,0,0
ORD00863,CUST0532,SMB,WH_SOUTH,Express,Furniture,6235.44,2026-04-30 17:53:00,2026-05-05 23:39:00,125.77,0,0,1
ORD00864,CUST0994,Enterprise,WH_EAST,Priority,Clothing,7606.07,2026-05-31 13:56:00,2026-06-05 14:30:00,120.57,0,0,0
ORD00865,CUST0505,Enterprise,WH_SOUTH,Express,Clothing,1107.4,2026-02-27 08:56:00,2026-03-08 02:51:00,209.92,1,0,0
ORD00866,CUST0011,Enterprise,WH_SOUTH,Standard,Electronics,1325.89,2026-05-31 09:21:00,2026-06-10 20:58:00,251.62,1,0,0
ORD00867,CUST0123,Enterprise,WH_WEST,Priority,Furniture,2272.63,2026-04-11 13:39:00,2026-04-18 23:01:00,177.37,1,1,0
ORD00868,CUST0543,SMB,WH_WEST,Standard,Office Supplies,2362.71,2026-02-05 14:12:00,2026-02-13 14:41:00,192.48,1,0,0
ORD00869,CUST0134,Retail,WH_WEST,Standard,Clothing,3062.04,2026-06-11 08:49:00,2026-06-14 19:16:00,82.45,0,0,0
ORD00870,CUST0967,Enterprise,WH_SOUTH,Priority,Furniture,9028.7,2026-04-03 14:25:00,2026-04-09 13:39:00,143.23,0,0,1
ORD00871,CUST0522,SMB,WH_SOUTH,Priority,Electronics,1569.39,2026-05-05 15:27:00,2026-05-10 07:58:00,112.52,0,0,0
ORD00872,CUST0312,Retail,WH_NORTH,Express,Furniture,954.67,2026-03-29 12:15:00,2026-04-02 23:17:00,107.03,0,0,0
ORD00873,CUST0055,Retail,WH_NORTH,Express,Industrial,599.77,2026-06-26 08:38:00,2026-07-04 00:12:00,183.57,1,0,0
ORD00874,CUST0262,SMB,WH_SOUTH,Priority,Office Supplies,1007.53,2026-06-09 14:49:00,2026-06-15 20:11:00,149.37,0,0,0
ORD00875,CUST0594,Retail,WH_WEST,Priority,Furniture,1760.76,2026-02-07 13:36:00,2026-02-12 16:00:00,122.4,0,1,0
ORD00876,CUST0302,SMB,WH_SOUTH,Express,Office Supplies,7598.05,2026-05-24 08:26:00,2026-05-28 20:37:00,108.18,0,0,0
ORD00877,CUST0317,Retail,WH_SOUTH,Priority,Furniture,1195.01,2026-03-25 17:58:00,2026-04-01 08:13:00,158.25,0,0,0
ORD00878,CUST0909,Enterprise,WH_NORTH,Priority,Office Supplies,2162.52,2026-06-06 14:21:00,2026-06-16 03:16:00,228.92,1,0,0
ORD00879,CUST0388,SMB,WH_EAST,Priority,Electronics,1784.44,2026-02-25 08:35:00,2026-03-02 21:14:00,132.65,0,1,0
ORD00880,CUST0409,Enterprise,WH_SOUTH,Priority,Clothing,4678.41,2026-05-11 12:40:00,2026-05-17 07:18:00,138.63,0,0,1
ORD00881,CUST0516,Enterprise,WH_SOUTH,Standard,Furniture,13650.7,2026-06-06 13:52:00,2026-06-15 01:34:00,203.7,1,0,0
ORD00882,CUST0465,Enterprise,WH_WEST,Priority,Office Supplies,1182.4,2026-02-20 17:28:00,2026-02-25 15:24:00,117.93,0,1,0
ORD00883,CUST0732,Enterprise,WH_WEST,Priority,Industrial,1222.25,2026-04-16 10:38:00,2026-04-20 23:15:00,108.62,0,0,0
ORD00884,CUST0024,Retail,WH_WEST,Priority,Office Supplies,4168.57,2026-03-09 09:12:00,2026-03-12 18:48:00,81.6,0,0,0
ORD00885,CUST0479,SMB,WH_NORTH,Standard,Furniture,3119.77,2026-02-12 09:05:00,2026-02-23 00:01:00,254.93,1,1,0
ORD00886,CUST0560,SMB,WH_EAST,Standard,Furniture,7921.74,2026-02-25 15:04:00,2026-03-04 19:39:00,172.58,1,0,0
ORD00887,CUST0523,Enterprise,WH_NORTH,Express,Clothing,2884.6,2026-03-14 08:15:00,2026-03-23 23:42:00,231.45,1,0,0
ORD00888,CUST0938,Enterprise,WH_SOUTH,Standard,Furniture,1356.37,2026-06-13 09:56:00,2026-06-26 11:20:00,313.4,1,0,0
ORD00889,CUST0449,SMB,WH_SOUTH,Standard,Office Supplies,2900.17,2026-03-04 09:54:00,2026-03-13 10:04:00,216.17,1,0,0
ORD00890,CUST0413,SMB,WH_NORTH,Express,Electronics,4389.47,2026-04-14 15:15:00,2026-04-19 00:35:00,105.33,0,0,0
ORD00891,CUST0185,Retail,WH_SOUTH,Express,Clothing,3485.57,2026-06-22 10:05:00,2026-06-26 10:32:00,96.45,0,1,0
ORD00892,CUST0536,Enterprise,WH_SOUTH,Priority,Furniture,2713.02,2026-03-25 17:25:00,2026-03-29 02:01:00,80.6,0,0,0
ORD00893,CUST0130,SMB,WH_NORTH,Standard,Office Supplies,4244.33,2026-06-27 11:42:00,2026-07-06 22:29:00,226.78,1,0,0
ORD00894,CUST0567,Retail,WH_NORTH,Standard,Clothing,4607.48,2026-03-30 15:40:00,2026-04-07 06:32:00,182.87,1,0,0
ORD00895,CUST0490,Retail,WH_SOUTH,Priority,Furniture,5462.86,2026-01-07 17:28:00,2026-01-11 21:13:00,99.75,0,0,0
ORD00896,CUST0878,Retail,WH_WEST,Express,Furniture,3038.04,2026-02-03 13:33:00,2026-02-08 22:37:00,129.07,0,0,0
ORD00897,CUST0378,Retail,WH_NORTH,Express,Electronics,1581.78,2026-06-19 13:48:00,2026-06-25 17:12:00,147.4,0,0,0
ORD00898,CUST0922,Retail,WH_SOUTH,Express,Clothing,2033.21,2026-03-10 12:11:00,2026-03-15 23:00:00,130.82,0,0,0
ORD00899,CUST0650,Retail,WH_SOUTH,Priority,Office Supplies,4746.71,2026-03-10 14:53:00,2026-03-16 08:57:00,138.07,0,0,0
ORD00900,CUST0192,Retail,WH_EAST,Express,Furniture,940.54,2026-03-29 14:10:00,2026-04-06 21:43:00,199.55,1,0,0
ORD00901,CUST0109,SMB,WH_WEST,Express,Electronics,2428.28,2026-06-15 15:33:00,2026-06-18 20:53:00,77.33,0,0,0
ORD00902,CUST0199,Retail,WH_EAST,Priority,Electronics,1319.92,2026-06-22 16:52:00,2026-06-27 12:07:00,115.25,0,0,0
ORD00903,CUST0276,Enterprise,WH_NORTH,Express,Furniture,1850.1,2026-04-11 12:05:00,2026-04-21 15:04:00,242.98,1,0,0
ORD00904,CUST0746,Enterprise,WH_NORTH,Express,Industrial,5027.92,2026-03-23 08:01:00,2026-03-30 04:46:00,164.75,0,0,0
ORD00905,CUST0537,Retail,WH_WEST,Standard,Office Supplies,2106.7,2026-02-03 15:00:00,2026-02-12 12:18:00,213.3,1,0,0
ORD00906,CUST0426,Retail,WH_WEST,Express,Clothing,1876.47,2026-03-18 10:08:00,2026-03-24 09:32:00,143.4,0,0,0
ORD00907,CUST0183,SMB,WH_SOUTH,Priority,Electronics,609.18,2026-01-22 14:21:00,2026-01-27 03:07:00,108.77,0,0,0
ORD00908,CUST0075,Enterprise,WH_SOUTH,Priority,Electronics,3284.61,2026-03-25 13:04:00,2026-04-06 11:49:00,286.75,1,1,0
ORD00909,CUST0632,SMB,WH_WEST,Priority,Office Supplies,3030.21,2026-05-06 10:31:00,2026-05-12 03:56:00,137.42,0,0,0
ORD00910,CUST0942,SMB,WH_EAST,Standard,Electronics,10204.7,2026-05-15 11:51:00,2026-05-23 06:16:00,186.42,1,0,0
ORD00911,CUST0640,Enterprise,WH_NORTH,Express,Electronics,1413.43,2026-01-24 16:15:00,2026-01-31 00:46:00,152.52,0,0,0
ORD00912,CUST0182,SMB,WH_SOUTH,Express,Industrial,2154.51,2026-03-24 12:47:00,2026-03-27 18:17:00,77.5,0,0,0
ORD00913,CUST0524,SMB,WH_WEST,Priority,Office Supplies,2207.26,2026-03-03 09:25:00,2026-03-09 21:09:00,155.73,0,0,0
ORD00914,CUST0949,Enterprise,WH_SOUTH,Express,Furniture,6386.63,2026-02-14 10:36:00,2026-02-22 07:08:00,188.53,1,0,0
ORD00915,CUST0567,Enterprise,WH_SOUTH,Standard,Clothing,1675.33,2026-06-17 13:44:00,2026-06-28 15:29:00,265.75,1,0,0
ORD00916,CUST0166,SMB,WH_WEST,Standard,Electronics,2260.22,2026-05-27 13:16:00,2026-06-07 13:04:00,263.8,1,0,0
ORD00917,CUST0072,Enterprise,WH_SOUTH,Express,Furniture,2940.45,2026-06-20 17:29:00,2026-06-25 20:42:00,123.22,0,0,0
ORD00918,CUST0029,Enterprise,WH_NORTH,Express,Industrial,2099.15,2026-01-14 16:12:00,2026-01-22 06:26:00,182.23,1,0,0
ORD00919,CUST0684,Enterprise,WH_EAST,Standard,Office Supplies,1265.03,2026-04-11 08:51:00,2026-04-21 05:36:00,236.75,1,0,0
ORD00920,CUST0356,Enterprise,WH_SOUTH,Priority,Office Supplies,2111.75,2026-01-24 08:49:00,2026-02-02 16:19:00,223.5,1,0,0
ORD00921,CUST0059,Enterprise,WH_SOUTH,Priority,Industrial,4268.02,2026-05-01 09:13:00,2026-05-05 16:24:00,103.18,0,0,0
ORD00922,CUST0888,SMB,WH_WEST,Express,Furniture,795.35,2026-01-14 09:38:00,2026-01-21 15:53:00,174.25,1,1,0
ORD00923,CUST0678,Enterprise,WH_WEST,Standard,Office Supplies,2010.98,2026-02-24 08:18:00,2026-03-04 02:51:00,186.55,1,0,1
ORD00924,CUST0700,Retail,WH_WEST,Priority,Furniture,1032.67,2026-03-28 08:36:00,2026-04-03 08:05:00,143.48,0,0,0
ORD00925,CUST0739,Enterprise,WH_WEST,Priority,Electronics,4703.38,2026-02-24 17:38:00,2026-03-06 03:08:00,225.5,1,0,0
ORD00926,CUST0376,SMB,WH_WEST,Standard,Furniture,534.56,2026-01-07 12:04:00,2026-01-12 15:56:00,123.87,0,1,0
ORD00927,CUST0454,SMB,WH_NORTH,Express,Office Supplies,1156.16,2026-01-06 14:14:00,2026-01-09 02:55:00,60.68,0,0,0
ORD00928,CUST0228,Enterprise,WH_EAST,Standard,Electronics,2444.92,2026-02-01 08:39:00,2026-02-12 01:23:00,256.73,1,0,0
ORD00929,CUST0292,Enterprise,WH_WEST,Standard,Clothing,6325.97,2026-05-03 09:08:00,2026-05-11 16:37:00,199.48,1,1,1
ORD00930,CUST0166,Retail,WH_WEST,Standard,Office Supplies,1715.4,2026-01-04 16:06:00,2026-01-13 17:20:00,217.23,1,0,0
ORD00931,CUST0105,Enterprise,WH_SOUTH,Express,Furniture,1159.61,2026-03-27 09:03:00,2026-04-01 04:32:00,115.48,0,0,0
ORD00932,CUST0018,Enterprise,WH_WEST,Express,Office Supplies,8143.1,2026-05-16 13:28:00,2026-05-25 05:17:00,207.82,1,0,0
ORD00933,CUST0859,SMB,WH_WEST,Express,Furniture,567.7,2026-01-21 13:37:00,2026-01-24 17:55:00,76.3,0,0,0
ORD00934,CUST0319,Retail,WH_EAST,Priority,Electronics,311.36,2026-01-18 09:03:00,2026-01-24 10:33:00,145.5,0,0,1
ORD00935,CUST0588,SMB,WH_NORTH,Standard,Electronics,2570.9,2026-03-23 10:02:00,2026-03-29 21:43:00,155.68,0,0,0
ORD00936,CUST0664,Enterprise,WH_NORTH,Express,Office Supplies,1209.98,2026-04-23 09:52:00,2026-04-28 23:48:00,133.93,0,0,0
ORD00937,CUST0492,Enterprise,WH_EAST,Standard,Furniture,798.72,2026-03-24 14:11:00,2026-03-29 06:03:00,111.87,0,0,0
ORD00938,CUST0220,Enterprise,WH_WEST,Priority,Industrial,3186.52,2026-05-19 10:06:00,2026-05-30 14:38:00,268.53,1,0,0
ORD00939,CUST0517,Enterprise,WH_WEST,Standard,Electronics,2197.42,2026-04-24 08:46:00,2026-05-06 10:51:00,290.08,1,0,1
ORD00940,CUST0526,Retail,WH_SOUTH,Express,Office Supplies,1151.4,2026-04-06 15:59:00,2026-04-10 03:24:00,83.42,0,0,0
ORD00941,CUST0849,Enterprise,WH_SOUTH,Express,Office Supplies,649.21,2026-01-22 12:38:00,2026-02-01 10:07:00,237.48,1,0,0
ORD00942,CUST0475,Retail,WH_WEST,Priority,Industrial,3633.55,2026-06-20 08:17:00,2026-06-27 20:11:00,179.9,1,0,0
ORD00943,CUST0922,Enterprise,WH_SOUTH,Express,Clothing,3041.67,2026-06-22 16:35:00,2026-07-02 02:46:00,226.18,1,0,0
ORD00944,CUST0856,SMB,WH_WEST,Priority,Furniture,1670.13,2026-03-09 17:27:00,2026-03-16 19:35:00,170.13,1,0,0
ORD00945,CUST0594,Retail,WH_SOUTH,Express,Clothing,7921.29,2026-05-19 16:08:00,2026-05-22 22:39:00,78.52,0,0,0
ORD00946,CUST0902,Enterprise,WH_WEST,Express,Industrial,768.11,2026-05-03 10:48:00,2026-05-09 11:46:00,144.97,0,1,0
ORD00947,CUST0732,Enterprise,WH_WEST,Standard,Furniture,533.56,2026-05-02 14:57:00,2026-05-13 20:22:00,269.42,1,1,0
ORD00948,CUST0149,Enterprise,WH_EAST,Priority,Electronics,1039.48,2026-04-20 13:41:00,2026-04-29 12:33:00,214.87,1,0,0
ORD00949,CUST0552,Retail,WH_NORTH,Priority,Electronics,1743.29,2026-04-13 15:53:00,2026-04-18 10:24:00,114.52,0,1,0
ORD00950,CUST0942,Retail,WH_WEST,Express,Clothing,2196.61,2026-05-20 14:39:00,2026-05-27 23:30:00,176.85,1,0,0
ORD00951,CUST0581,Retail,WH_EAST,Standard,Clothing,1490.72,2026-03-29 17:16:00,2026-04-03 14:38:00,117.37,0,1,0
ORD00952,CUST0360,Enterprise,WH_NORTH,Express,Electronics,2396.21,2026-04-19 08:14:00,2026-04-26 10:11:00,169.95,1,0,0
ORD00953,CUST0382,SMB,WH_NORTH,Express,Electronics,664.32,2026-01-13 08:38:00,2026-01-19 18:19:00,153.68,0,0,0
ORD00954,CUST0699,Retail,WH_EAST,Priority,Office Supplies,5738.84,2026-04-22 14:31:00,2026-04-30 09:41:00,187.17,1,0,0
ORD00955,CUST0349,Retail,WH_NORTH,Express,Clothing,1693.04,2026-03-23 11:12:00,2026-03-27 09:39:00,94.45,0,0,0
ORD00956,CUST0875,SMB,WH_SOUTH,Express,Clothing,4419.74,2026-01-14 09:25:00,2026-01-19 09:39:00,120.23,0,0,0
ORD00957,CUST0122,Enterprise,WH_SOUTH,Express,Furniture,2378.39,2026-04-26 14:56:00,2026-05-02 11:14:00,140.3,0,0,0
ORD00958,CUST0095,Retail,WH_EAST,Express,Office Supplies,2605.56,2026-05-13 14:03:00,2026-05-20 14:09:00,168.1,1,1,0
ORD00959,CUST0455,SMB,WH_NORTH,Express,Furniture,2852.11,2026-04-15 12:54:00,2026-04-22 14:29:00,169.58,1,1,1
ORD00960,CUST0714,Retail,WH_WEST,Standard,Industrial,2586.77,2026-05-22 13:52:00,2026-05-29 14:54:00,169.03,1,0,0
ORD00961,CUST0817,Enterprise,WH_EAST,Standard,Industrial,3023.52,2026-03-07 12:41:00,2026-03-16 16:02:00,219.35,1,0,0
ORD00962,CUST0462,SMB,WH_WEST,Standard,Furniture,5236.05,2026-06-20 12:41:00,2026-06-25 07:50:00,115.15,0,0,0
ORD00963,CUST0671,Enterprise,WH_NORTH,Priority,Industrial,2115.86,2026-03-05 08:16:00,2026-03-12 09:45:00,169.48,1,1,0
ORD00964,CUST0013,Retail,WH_NORTH,Priority,Electronics,3188.17,2026-05-12 09:45:00,2026-05-17 08:46:00,119.02,0,0,0
ORD00965,CUST0261,SMB,WH_EAST,Express,Industrial,1682.8,2026-01-14 16:13:00,2026-01-20 15:10:00,142.95,0,0,0
ORD00966,CUST0247,Enterprise,WH_NORTH,Priority,Industrial,5722.12,2026-05-09 16:42:00,2026-05-18 00:58:00,200.27,1,0,0
ORD00967,CUST0593,SMB,WH_SOUTH,Standard,Clothing,1052.46,2026-04-26 10:16:00,2026-05-02 12:49:00,146.55,0,1,0
ORD00968,CUST0607,Enterprise,WH_WEST,Priority,Furniture,7636.94,2026-03-02 17:50:00,2026-03-11 03:00:00,201.17,1,0,0
ORD00969,CUST0729,Enterprise,WH_SOUTH,Standard,Electronics,1750.88,2026-01-12 09:00:00,2026-01-20 16:27:00,199.45,1,1,0
ORD00970,CUST0012,SMB,WH_NORTH,Standard,Clothing,575.58,2026-04-09 09:18:00,2026-04-19 05:59:00,236.68,1,0,0
ORD00971,CUST0283,Retail,WH_WEST,Priority,Furniture,2003.16,2026-02-19 13:19:00,2026-02-24 21:06:00,127.78,0,0,1
ORD00972,CUST0967,Retail,WH_EAST,Priority,Industrial,1048.54,2026-04-23 09:21:00,2026-04-26 15:54:00,78.55,0,0,0
ORD00973,CUST0726,Retail,WH_NORTH,Standard,Clothing,3542.24,2026-01-01 15:34:00,2026-01-08 09:14:00,161.67,0,0,0
ORD00974,CUST0441,Retail,WH_WEST,Standard,Clothing,1072.66,2026-05-22 10:24:00,2026-05-28 02:36:00,136.2,0,0,0
ORD00975,CUST0484,Retail,WH_WEST,Standard,Clothing,1265.29,2026-01-08 13:51:00,2026-01-15 00:38:00,154.78,0,0,0
ORD00976,CUST0442,SMB,WH_EAST,Priority,Office Supplies,398.76,2026-05-28 16:53:00,2026-06-04 07:25:00,158.53,0,1,0
ORD00977,CUST0523,Enterprise,WH_EAST,Express,Industrial,1259.1,2026-04-27 12:45:00,2026-05-04 22:26:00,177.68,1,0,0
ORD00978,CUST0730,Enterprise,WH_WEST,Express,Clothing,260.06,2026-02-15 10:09:00,2026-02-24 18:26:00,224.28,1,0,0
ORD00979,CUST0498,SMB,WH_NORTH,Express,Office Supplies,509.22,2026-02-02 08:54:00,2026-02-08 22:20:00,157.43,0,0,0
ORD00980,CUST0225,SMB,WH_EAST,Express,Electronics,3322.03,2026-04-28 10:13:00,2026-05-01 23:10:00,84.95,0,0,0
ORD00981,CUST0498,Enterprise,WH_SOUTH,Priority,Clothing,3390.19,2026-04-26 11:05:00,2026-05-05 13:33:00,218.47,1,0,0
ORD00982,CUST0657,Enterprise,WH_NORTH,Standard,Office Supplies,2541.13,2026-04-06 08:39:00,2026-04-12 11:21:00,146.7,0,0,0
ORD00983,CUST0045,SMB,WH_NORTH,Standard,Industrial,834.15,2026-06-01 13:43:00,2026-06-09 07:45:00,186.03,1,0,0
ORD00984,CUST0233,Retail,WH_SOUTH,Priority,Industrial,1740.33,2026-04-16 17:35:00,2026-04-20 04:20:00,82.75,0,0,0
ORD00985,CUST0983,SMB,WH_SOUTH,Standard,Clothing,1802.84,2026-05-18 09:13:00,2026-05-27 10:22:00,217.15,1,1,0
ORD00986,CUST0914,Enterprise,WH_EAST,Priority,Clothing,715.73,2026-04-23 12:33:00,2026-04-30 07:56:00,163.38,0,0,1
ORD00987,CUST0913,Retail,WH_EAST,Priority,Furniture,6019.25,2026-05-21 12:11:00,2026-05-28 23:31:00,179.33,1,0,0
ORD00988,CUST0950,Retail,WH_EAST,Standard,Industrial,3647.84,2026-04-03 15:39:00,2026-04-08 23:09:00,127.5,0,1,0
ORD00989,CUST0506,Retail,WH_EAST,Standard,Office Supplies,1515.09,2026-01-27 11:06:00,2026-02-01 21:26:00,130.33,0,0,0
ORD00990,CUST0173,SMB,WH_NORTH,Priority,Office Supplies,1847.35,2026-04-05 11:20:00,2026-04-12 09:10:00,165.83,0,0,0
ORD00991,CUST0923,Retail,WH_EAST,Express,Electronics,2136.03,2026-01-03 10:55:00,2026-01-10 23:23:00,180.47,1,1,0
ORD00992,CUST0033,SMB,WH_WEST,Standard,Industrial,353.05,2026-01-26 15:45:00,2026-02-03 01:44:00,177.98,1,0,1
ORD00993,CUST0994,Retail,WH_EAST,Standard,Furniture,1483.65,2026-06-26 17:07:00,2026-06-30 15:38:00,94.52,0,0,0
ORD00994,CUST0979,Retail,WH_SOUTH,Express,Office Supplies,1047.76,2026-06-07 10:34:00,2026-06-10 08:47:00,70.22,0,0,0
ORD00995,CUST0035,SMB,WH_NORTH,Express,Office Supplies,811.35,2026-05-28 08:41:00,2026-06-05 16:10:00,199.48,1,0,1
ORD00996,CUST0274,Retail,WH_SOUTH,Standard,Furniture,1443.92,2026-05-26 12:19:00,2026-06-01 07:26:00,139.12,0,0,1
ORD00997,CUST0649,Enterprise,WH_EAST,Standard,Industrial,7617.09,2026-02-24 14:20:00,2026-03-05 21:30:00,223.17,1,0,0
ORD00998,CUST0339,Enterprise,WH_NORTH,Standard,Electronics,3018.98,2026-05-27 08:41:00,2026-06-02 19:22:00,154.68,0,0,0
ORD00999,CUST0091,SMB,WH_WEST,Express,Furniture,1144.88,2026-02-04 17:59:00,2026-02-09 17:09:00,119.17,0,0,0
ORD01000,CUST0090,Retail,WH_SOUTH,Priority,Office Supplies,2858.54,2026-04-19 12:10:00,2026-04-25 16:46:00,148.6,0,0,0
ORD01001,CUST0363,Enterprise,WH_SOUTH,Express,Industrial,5538.53,2026-04-29 08:44:00,2026-05-05 01:06:00,136.37,0,1,0
ORD01002,CUST0663,Enterprise,WH_SOUTH,Express,Office Supplies,3788.43,2026-02-01 16:36:00,2026-02-08 08:19:00,159.72,0,0,0
ORD01003,CUST0902,Retail,WH_EAST,Priority,Industrial,1896.38,2026-06-26 15:10:00,2026-07-03 08:24:00,161.23,0,0,0
ORD01004,CUST0624,Retail,WH_SOUTH,Priority,Industrial,1077.56,2026-02-14 16:17:00,2026-02-18 06:45:00,86.47,0,0,0
ORD01005,CUST0565,Retail,WH_SOUTH,Express,Office Supplies,3160.79,2026-02-02 11:08:00,2026-02-06 06:13:00,91.08,0,1,0
ORD01006,CUST0068,SMB,WH_WEST,Priority,Office Supplies,2476.96,2026-02-20 08:43:00,2026-02-27 16:18:00,175.58,1,0,1
ORD01007,CUST0510,Enterprise,WH_EAST,Priority,Electronics,3700.25,2026-03-04 13:45:00,2026-03-15 03:21:00,253.6,1,1,0
ORD01008,CUST0365,Retail,WH_WEST,Standard,Office Supplies,3005.31,2026-05-18 11:08:00,2026-05-24 02:06:00,134.97,0,0,0
ORD01009,CUST0597,Enterprise,WH_SOUTH,Standard,Clothing,4186.59,2026-03-05 16:52:00,2026-03-12 22:46:00,173.9,1,0,0
ORD01010,CUST0416,SMB,WH_EAST,Express,Industrial,1178.28,2026-01-11 14:14:00,2026-01-16 23:57:00,129.72,0,0,0
ORD01011,CUST0308,SMB,WH_NORTH,Express,Industrial,5187.02,2026-02-20 12:38:00,2026-02-28 14:00:00,193.37,1,0,0
ORD01012,CUST0195,Enterprise,WH_SOUTH,Express,Furniture,2117.69,2026-04-22 09:05:00,2026-04-27 14:31:00,125.43,0,0,0
ORD01013,CUST0696,Retail,WH_NORTH,Priority,Industrial,9511.04,2026-06-02 17:06:00,2026-06-07 15:39:00,118.55,0,0,0
ORD01014,CUST0206,Enterprise,WH_EAST,Standard,Clothing,1041.74,2026-04-28 10:56:00,2026-05-09 18:24:00,271.47,1,0,0
ORD01015,CUST0029,Retail,WH_EAST,Express,Clothing,7250.1,2026-04-30 14:58:00,2026-05-07 21:10:00,174.2,1,0,0
ORD01016,CUST0991,SMB,WH_SOUTH,Express,Office Supplies,2118.21,2026-05-01 12:25:00,2026-05-05 22:57:00,106.53,0,0,0
ORD01017,CUST0352,SMB,WH_EAST,Standard,Office Supplies,1073.7,2026-06-28 08:36:00,2026-07-07 04:34:00,211.97,1,0,0
ORD01018,CUST0590,SMB,WH_WEST,Express,Industrial,1227.69,2026-02-16 09:54:00,2026-02-22 19:40:00,153.77,0,0,0
ORD01019,CUST0054,Retail,WH_EAST,Priority,Office Supplies,1399.29,2026-02-20 11:50:00,2026-02-28 02:05:00,182.25,1,0,0
ORD01020,CUST0232,Retail,WH_NORTH,Standard,Electronics,2538.51,2026-05-17 09:31:00,2026-05-23 03:43:00,138.2,0,0,0
ORD01021,CUST0215,Retail,WH_EAST,Express,Furniture,2747.01,2026-04-21 16:51:00,2026-04-30 02:51:00,202.0,1,0,0
ORD01022,CUST0816,Retail,WH_EAST,Standard,Furniture,1142.58,2026-04-24 15:28:00,2026-05-01 13:59:00,166.52,0,0,0
ORD01023,CUST0835,SMB,WH_SOUTH,Priority,Electronics,1773.16,2026-01-07 13:20:00,2026-01-13 13:07:00,143.78,0,0,1
ORD01024,CUST0191,SMB,WH_EAST,Priority,Furniture,10034.82,2026-01-31 14:01:00,2026-02-04 13:10:00,95.15,0,0,0
ORD01025,CUST0931,Enterprise,WH_NORTH,Standard,Furniture,7201.43,2026-04-07 17:22:00,2026-04-16 20:03:00,218.68,1,0,0
ORD01026,CUST0131,Retail,WH_EAST,Express,Furniture,2563.32,2026-03-02 10:10:00,2026-03-07 10:16:00,120.1,0,0,0
ORD01027,CUST0801,Enterprise,WH_EAST,Standard,Furniture,1863.86,2026-04-19 14:05:00,2026-04-27 01:56:00,179.85,1,0,0
ORD01028,CUST0827,Enterprise,WH_SOUTH,Express,Electronics,1990.27,2026-01-26 08:31:00,2026-02-02 07:04:00,166.55,0,0,0
ORD01029,CUST0683,Retail,WH_WEST,Express,Office Supplies,2953.7,2026-03-08 14:30:00,2026-03-16 14:57:00,192.45,1,0,0
ORD01030,CUST0018,Retail,WH_NORTH,Express,Clothing,797.73,2026-02-09 13:35:00,2026-02-16 02:18:00,156.72,0,0,0
ORD01031,CUST0217,Retail,WH_EAST,Standard,Industrial,1471.59,2026-03-04 15:55:00,2026-03-12 11:20:00,187.42,1,1,0
ORD01032,CUST0235,Enterprise,WH_EAST,Priority,Office Supplies,475.86,2026-03-24 10:00:00,2026-03-29 14:38:00,124.63,0,0,0
ORD01033,CUST0749,SMB,WH_EAST,Standard,Clothing,2488.36,2026-03-23 12:36:00,2026-04-01 10:22:00,213.77,1,0,0
ORD01034,CUST0279,Retail,WH_NORTH,Priority,Electronics,3034.36,2026-05-28 14:37:00,2026-06-02 10:51:00,116.23,0,0,0
ORD01035,CUST0173,Enterprise,WH_WEST,Priority,Electronics,1228.38,2026-01-19 17:55:00,2026-01-29 01:59:00,224.07,1,0,0
ORD01036,CUST0545,SMB,WH_WEST,Standard,Office Supplies,6368.95,2026-05-14 15:13:00,2026-05-24 14:10:00,238.95,1,0,0
ORD01037,CUST0665,SMB,WH_WEST,Standard,Furniture,678.16,2026-06-11 17:57:00,2026-06-18 20:03:00,170.1,1,0,0
ORD01038,CUST0187,Enterprise,WH_SOUTH,Standard,Electronics,560.32,2026-02-10 09:37:00,2026-02-15 08:47:00,119.17,0,0,0
ORD01039,CUST0002,SMB,WH_SOUTH,Priority,Industrial,2163.67,2026-04-12 12:19:00,2026-04-17 10:02:00,117.72,0,0,0
ORD01040,CUST0395,SMB,WH_EAST,Priority,Electronics,4178.38,2026-03-07 13:02:00,2026-03-12 01:48:00,108.77,0,0,0
ORD01041,CUST0986,SMB,WH_WEST,Standard,Electronics,6954.49,2026-06-12 17:41:00,2026-06-20 01:24:00,175.72,1,0,0
ORD01042,CUST0542,SMB,WH_SOUTH,Express,Furniture,1252.49,2026-04-20 12:15:00,2026-04-26 09:36:00,141.35,0,0,0
ORD01043,CUST0424,Enterprise,WH_WEST,Express,Clothing,4285.29,2026-03-09 12:47:00,2026-03-16 21:58:00,177.18,1,0,0
ORD01044,CUST0593,SMB,WH_WEST,Standard,Office Supplies,1753.19,2026-03-11 14:16:00,2026-03-18 06:23:00,160.12,0,0,0
ORD01045,CUST0590,Enterprise,WH_EAST,Standard,Furniture,1574.82,2026-01-27 08:57:00,2026-02-07 14:11:00,269.23,1,1,0
ORD01046,CUST0345,Retail,WH_WEST,Standard,Furniture,3666.26,2026-01-10 11:00:00,2026-01-14 00:29:00,85.48,0,0,0
ORD01047,CUST0145,Enterprise,WH_EAST,Standard,Electronics,3046.83,2026-02-22 15:21:00,2026-03-04 06:50:00,231.48,1,0,0
ORD01048,CUST0566,Enterprise,WH_EAST,Express,Clothing,512.29,2026-04-12 14:14:00,2026-04-19 16:01:00,169.78,1,0,0
ORD01049,CUST0469,Enterprise,WH_EAST,Express,Industrial,5891.3,2026-02-23 09:01:00,2026-03-01 23:54:00,158.88,0,0,0
ORD01050,CUST0583,SMB,WH_EAST,Priority,Electronics,5453.83,2026-02-09 09:41:00,2026-02-14 05:04:00,115.38,0,0,0
ORD01051,CUST0550,Enterprise,WH_EAST,Standard,Furniture,1096.14,2026-05-24 17:17:00,2026-05-30 11:07:00,137.83,0,0,0
ORD01052,CUST0140,Enterprise,WH_NORTH,Express,Industrial,2481.56,2026-05-27 09:13:00,2026-06-06 03:49:00,234.6,1,1,0
ORD01053,CUST0956,SMB,WH_NORTH,Express,Furniture,2684.43,2026-05-03 17:39:00,2026-05-08 16:25:00,118.77,0,0,0
ORD01054,CUST0836,Enterprise,WH_WEST,Standard,Electronics,2227.29,2026-02-25 12:45:00,2026-03-04 00:53:00,156.13,0,0,0
ORD01055,CUST0054,Enterprise,WH_EAST,Express,Industrial,1164.16,2026-03-08 16:29:00,2026-03-15 01:41:00,153.2,0,0,0
ORD01056,CUST0052,SMB,WH_WEST,Priority,Office Supplies,1056.48,2026-02-28 16:55:00,2026-03-06 14:51:00,141.93,0,0,0
ORD01057,CUST0395,Retail,WH_WEST,Express,Clothing,1771.46,2026-05-10 10:15:00,2026-05-18 14:40:00,196.42,1,0,0
ORD01058,CUST0990,Enterprise,WH_NORTH,Priority,Clothing,4620.15,2026-06-26 16:26:00,2026-07-02 22:21:00,149.92,0,1,0
ORD01059,CUST0107,Retail,WH_EAST,Express,Furniture,2793.02,2026-06-03 13:47:00,2026-06-08 16:53:00,123.1,0,0,0
ORD01060,CUST0022,SMB,WH_EAST,Standard,Furniture,1344.14,2026-01-29 14:11:00,2026-02-04 14:15:00,144.07,0,0,0
ORD01061,CUST0302,SMB,WH_EAST,Standard,Clothing,3352.16,2026-05-09 16:31:00,2026-05-18 05:27:00,204.93,1,0,1
ORD01062,CUST0195,SMB,WH_WEST,Express,Office Supplies,185.15,2026-06-29 10:25:00,2026-07-03 21:47:00,107.37,0,0,0
ORD01063,CUST0934,Retail,WH_EAST,Standard,Electronics,4532.43,2026-04-18 09:56:00,2026-04-22 06:18:00,92.37,0,0,0
ORD01064,CUST0331,Enterprise,WH_WEST,Standard,Furniture,449.54,2026-06-01 13:20:00,2026-06-07 20:20:00,151.0,0,0,0
ORD01065,CUST0387,SMB,WH_NORTH,Priority,Clothing,1352.96,2026-06-09 16:01:00,2026-06-14 12:21:00,116.33,0,0,0
ORD01066,CUST0588,Retail,WH_SOUTH,Standard,Electronics,738.24,2026-06-14 09:11:00,2026-06-22 19:32:00,202.35,1,0,0
ORD01067,CUST0552,SMB,WH_SOUTH,Priority,Industrial,641.79,2026-05-18 15:25:00,2026-05-24 22:03:00,150.63,0,1,0
ORD01068,CUST0769,Retail,WH_SOUTH,Standard,Electronics,4576.37,2026-04-10 10:36:00,2026-04-18 22:32:00,203.93,1,0,0
ORD01069,CUST0767,Retail,WH_EAST,Standard,Office Supplies,1243.69,2026-04-22 10:13:00,2026-04-29 07:21:00,165.13,0,1,0
ORD01070,CUST0168,Retail,WH_EAST,Standard,Electronics,2385.59,2026-03-14 15:32:00,2026-03-21 03:56:00,156.4,0,1,0
ORD01071,CUST0114,Enterprise,WH_NORTH,Standard,Industrial,1741.43,2026-04-19 14:01:00,2026-04-24 08:33:00,114.53,0,0,1
ORD01072,CUST0330,SMB,WH_NORTH,Standard,Clothing,2648.19,2026-03-04 16:57:00,2026-03-14 09:40:00,232.72,1,0,0
ORD01073,CUST0408,Enterprise,WH_WEST,Express,Industrial,1922.65,2026-03-04 11:11:00,2026-03-10 19:51:00,152.67,0,0,0
ORD01074,CUST0345,Retail,WH_NORTH,Priority,Industrial,647.82,2026-02-15 14:29:00,2026-02-23 06:36:00,184.12,1,0,0
ORD01075,CUST0811,Enterprise,WH_SOUTH,Standard,Office Supplies,4011.87,2026-02-09 09:43:00,2026-02-21 08:08:00,286.42,1,0,0
ORD01076,CUST0395,Retail,WH_NORTH,Standard,Industrial,1218.04,2026-06-11 13:52:00,2026-06-21 15:53:00,242.02,1,1,0
ORD01077,CUST0980,Enterprise,WH_WEST,Express,Office Supplies,520.47,2026-06-27 09:22:00,2026-07-03 21:26:00,156.07,0,0,0
ORD01078,CUST0386,Retail,WH_EAST,Express,Office Supplies,1283.71,2026-04-09 10:39:00,2026-04-14 07:13:00,116.57,0,0,0
ORD01079,CUST0617,Retail,WH_EAST,Express,Electronics,6006.56,2026-04-24 12:56:00,2026-04-30 15:01:00,146.08,0,0,0
ORD01080,CUST0065,Retail,WH_WEST,Priority,Industrial,3569.49,2026-05-05 08:35:00,2026-05-13 08:38:00,192.05,1,0,0
ORD01081,CUST0199,Enterprise,WH_EAST,Express,Industrial,1367.96,2026-03-04 12:53:00,2026-03-12 12:20:00,191.45,1,0,0
ORD01082,CUST0011,Retail,WH_SOUTH,Priority,Office Supplies,1367.3,2026-04-11 08:20:00,2026-04-14 05:09:00,68.82,0,0,0
ORD01083,CUST0019,SMB,WH_SOUTH,Priority,Clothing,1397.85,2026-04-02 16:06:00,2026-04-10 19:58:00,195.87,1,1,0
ORD01084,CUST0269,Retail,WH_NORTH,Express,Industrial,9522.36,2026-03-02 08:09:00,2026-03-09 14:13:00,174.07,1,0,1
ORD01085,CUST0661,Enterprise,WH_SOUTH,Express,Industrial,2454.18,2026-03-16 09:35:00,2026-03-24 21:28:00,203.88,1,0,0
ORD01086,CUST0670,Retail,WH_NORTH,Express,Furniture,2550.47,2026-04-17 08:01:00,2026-04-25 20:58:00,204.95,1,0,1
ORD01087,CUST0281,SMB,WH_EAST,Priority,Industrial,4122.55,2026-04-06 10:19:00,2026-04-11 04:17:00,113.97,0,0,0
ORD01088,CUST0189,Enterprise,WH_SOUTH,Priority,Electronics,2188.63,2026-03-26 11:13:00,2026-04-03 11:29:00,192.27,1,0,0
ORD01089,CUST0612,Retail,WH_SOUTH,Express,Clothing,1469.63,2026-02-13 09:54:00,2026-02-18 04:47:00,114.88,0,0,1
ORD01090,CUST0719,Enterprise,WH_NORTH,Priority,Furniture,1545.22,2026-04-11 10:42:00,2026-04-19 14:31:00,195.82,1,0,0
ORD01091,CUST0658,Retail,WH_SOUTH,Express,Office Supplies,1707.39,2026-03-24 13:35:00,2026-04-01 08:19:00,186.73,1,0,0
ORD01092,CUST0336,SMB,WH_WEST,Priority,Electronics,1755.0,2026-04-25 09:03:00,2026-05-01 12:52:00,147.82,0,0,0
ORD01093,CUST0654,SMB,WH_SOUTH,Standard,Clothing,3236.03,2026-04-23 16:46:00,2026-04-30 14:53:00,166.12,0,1,0
ORD01094,CUST0038,Enterprise,WH_EAST,Express,Office Supplies,1884.76,2026-05-17 08:14:00,2026-05-26 09:30:00,217.27,1,1,0
ORD01095,CUST0070,Enterprise,WH_EAST,Express,Office Supplies,3249.03,2026-05-02 11:00:00,2026-05-10 16:14:00,197.23,1,0,0
ORD01096,CUST0832,Enterprise,WH_NORTH,Priority,Office Supplies,1694.98,2026-01-28 13:27:00,2026-02-02 13:08:00,119.68,0,0,0
ORD01097,CUST0230,SMB,WH_SOUTH,Standard,Office Supplies,1925.44,2026-06-04 17:16:00,2026-06-13 16:46:00,215.5,1,0,1
ORD01098,CUST0492,Retail,WH_SOUTH,Standard,Office Supplies,365.56,2026-03-01 13:10:00,2026-03-07 22:52:00,153.7,0,0,0
ORD01099,CUST0754,Retail,WH_EAST,Priority,Office Supplies,3763.34,2026-04-28 17:23:00,2026-05-07 03:40:00,202.28,1,0,0
ORD01100,CUST0760,Retail,WH_NORTH,Standard,Furniture,2385.56,2026-02-06 09:28:00,2026-02-15 06:50:00,213.37,1,0,0
ORD01101,CUST0921,SMB,WH_NORTH,Standard,Clothing,4017.47,2026-05-29 16:19:00,2026-06-03 02:25:00,106.1,0,0,0
ORD01102,CUST0085,Retail,WH_SOUTH,Standard,Electronics,178.22,2026-02-23 16:32:00,2026-02-28 02:17:00,105.75,0,0,0
ORD01103,CUST0909,Retail,WH_NORTH,Priority,Office Supplies,9611.35,2026-06-11 10:53:00,2026-06-17 16:01:00,149.13,0,0,0
ORD01104,CUST0092,Retail,WH_EAST,Priority,Office Supplies,1617.0,2026-01-06 15:47:00,2026-01-10 05:14:00,85.45,0,0,0
ORD01105,CUST0874,SMB,WH_WEST,Standard,Clothing,4387.64,2026-03-31 09:15:00,2026-04-06 09:27:00,144.2,0,1,0
ORD01106,CUST0307,Retail,WH_SOUTH,Express,Furniture,786.88,2026-04-13 09:57:00,2026-04-19 17:02:00,151.08,0,0,0
ORD01107,CUST0522,Retail,WH_WEST,Standard,Furniture,2951.94,2026-04-01 11:51:00,2026-04-09 17:41:00,197.83,1,0,0
ORD01108,CUST0882,SMB,WH_WEST,Standard,Office Supplies,778.42,2026-05-05 17:11:00,2026-05-13 01:17:00,176.1,1,0,0
ORD01109,CUST0483,Enterprise,WH_WEST,Express,Electronics,1097.71,2026-02-10 16:38:00,2026-02-15 22:31:00,125.88,0,0,0
ORD01110,CUST0079,Enterprise,WH_NORTH,Priority,Industrial,8360.1,2026-03-24 11:21:00,2026-04-02 04:57:00,209.6,1,0,1
ORD01111,CUST0009,Enterprise,WH_EAST,Express,Industrial,1552.24,2026-02-23 14:08:00,2026-03-05 23:30:00,249.37,1,0,0
ORD01112,CUST0817,SMB,WH_NORTH,Express,Industrial,2151.56,2026-03-08 17:40:00,2026-03-14 15:36:00,141.93,0,0,0
ORD01113,CUST0893,SMB,WH_EAST,Standard,Furniture,3626.61,2026-03-26 16:47:00,2026-04-01 04:59:00,132.2,0,0,0
ORD01114,CUST0776,SMB,WH_WEST,Priority,Electronics,2687.98,2026-02-21 12:13:00,2026-02-26 10:01:00,117.8,0,0,0
ORD01115,CUST0220,SMB,WH_WEST,Express,Industrial,2039.25,2026-01-04 12:06:00,2026-01-08 16:50:00,100.73,0,0,0
ORD01116,CUST0406,SMB,WH_SOUTH,Express,Furniture,2421.08,2026-01-11 12:04:00,2026-01-15 13:38:00,97.57,0,0,0
ORD01117,CUST0008,SMB,WH_EAST,Standard,Electronics,12366.33,2026-01-15 15:44:00,2026-01-22 10:21:00,162.62,0,1,0
ORD01118,CUST0148,Retail,WH_EAST,Express,Electronics,1726.59,2026-05-31 16:30:00,2026-06-06 10:55:00,138.42,0,0,0
ORD01119,CUST0015,Retail,WH_EAST,Priority,Furniture,2123.62,2026-02-14 14:06:00,2026-02-22 08:15:00,186.15,1,0,0
ORD01120,CUST0013,Retail,WH_SOUTH,Express,Industrial,4190.28,2026-06-27 10:03:00,2026-07-04 13:37:00,171.57,1,1,0
ORD01121,CUST0982,Enterprise,WH_NORTH,Express,Industrial,4378.32,2026-05-02 17:20:00,2026-05-07 23:55:00,126.58,0,0,0
ORD01122,CUST0671,Enterprise,WH_WEST,Standard,Electronics,4673.32,2026-01-28 11:34:00,2026-02-05 21:53:00,202.32,1,0,0
ORD01123,CUST0762,Enterprise,WH_WEST,Express,Electronics,3013.88,2026-05-26 10:35:00,2026-06-02 13:58:00,171.38,1,0,0
ORD01124,CUST0878,Enterprise,WH_SOUTH,Express,Furniture,724.58,2026-01-24 14:00:00,2026-02-03 09:14:00,235.23,1,0,0
ORD01125,CUST0905,SMB,WH_SOUTH,Priority,Electronics,6679.14,2026-02-23 10:26:00,2026-03-01 07:47:00,141.35,0,0,0
ORD01126,CUST0738,Retail,WH_NORTH,Standard,Clothing,722.65,2026-03-30 13:37:00,2026-04-08 05:21:00,207.73,1,1,0
ORD01127,CUST0554,Retail,WH_WEST,Express,Office Supplies,2303.32,2026-05-18 14:16:00,2026-05-27 05:37:00,207.35,1,0,0
ORD01128,CUST0276,SMB,WH_EAST,Express,Electronics,988.89,2026-05-11 11:28:00,2026-05-15 01:20:00,85.87,0,0,0
ORD01129,CUST0414,SMB,WH_SOUTH,Priority,Furniture,1717.61,2026-02-20 13:14:00,2026-02-27 09:49:00,164.58,0,0,0
ORD01130,CUST0327,SMB,WH_EAST,Standard,Furniture,2351.97,2026-01-03 10:04:00,2026-01-06 17:48:00,79.73,0,0,0
ORD01131,CUST0022,Retail,WH_NORTH,Priority,Industrial,2338.08,2026-03-05 12:47:00,2026-03-10 05:09:00,112.37,0,0,0
ORD01132,CUST0122,Enterprise,WH_WEST,Standard,Office Supplies,2533.96,2026-01-24 14:36:00,2026-01-31 19:32:00,172.93,1,0,0
ORD01133,CUST0010,SMB,WH_EAST,Priority,Electronics,6574.6,2026-05-21 14:30:00,2026-05-26 19:33:00,125.05,0,0,0
ORD01134,CUST0976,Enterprise,WH_WEST,Standard,Office Supplies,2598.86,2026-01-22 13:05:00,2026-01-26 10:53:00,93.8,0,0,0
ORD01135,CUST0372,SMB,WH_SOUTH,Standard,Clothing,1487.24,2026-04-16 14:01:00,2026-04-21 22:43:00,128.7,0,0,0
ORD01136,CUST0734,Enterprise,WH_NORTH,Standard,Office Supplies,3909.91,2026-02-05 12:56:00,2026-02-13 10:11:00,189.25,1,0,0
ORD01137,CUST0153,Enterprise,WH_WEST,Standard,Office Supplies,4682.45,2026-03-30 16:56:00,2026-04-10 02:39:00,249.72,1,0,0
ORD01138,CUST0018,SMB,WH_NORTH,Standard,Furniture,677.16,2026-06-08 09:49:00,2026-06-15 04:05:00,162.27,0,0,0
ORD01139,CUST0355,SMB,WH_NORTH,Priority,Industrial,2915.86,2026-01-30 08:03:00,2026-02-04 00:22:00,112.32,0,0,0
ORD01140,CUST0535,SMB,WH_SOUTH,Standard,Electronics,3168.26,2026-01-23 10:12:00,2026-02-01 18:54:00,224.7,1,0,1
ORD01141,CUST0446,Enterprise,WH_EAST,Priority,Clothing,1425.03,2026-03-21 14:46:00,2026-03-25 13:56:00,95.17,0,0,0
ORD01142,CUST0341,Enterprise,WH_SOUTH,Express,Industrial,5434.73,2026-06-10 11:46:00,2026-06-17 05:03:00,161.28,0,0,0
ORD01143,CUST0768,SMB,WH_SOUTH,Priority,Furniture,1603.52,2026-04-11 15:00:00,2026-04-18 14:54:00,167.9,0,0,0
ORD01144,CUST0906,Retail,WH_WEST,Express,Office Supplies,1999.12,2026-03-11 17:18:00,2026-03-19 12:39:00,187.35,1,0,0
ORD01145,CUST0311,SMB,WH_WEST,Standard,Furniture,1574.26,2026-03-02 13:55:00,2026-03-10 12:54:00,190.98,1,0,0
ORD01146,CUST0864,Retail,WH_EAST,Priority,Clothing,1830.72,2026-02-11 13:16:00,2026-02-16 19:07:00,125.85,0,1,0
ORD01147,CUST0560,Retail,WH_NORTH,Standard,Industrial,752.18,2026-03-05 08:54:00,2026-03-10 10:31:00,121.62,0,0,0
ORD01148,CUST0541,Retail,WH_EAST,Express,Office Supplies,571.33,2026-01-06 14:25:00,2026-01-12 02:15:00,131.83,0,0,0
ORD01149,CUST0085,Enterprise,WH_SOUTH,Standard,Electronics,6474.35,2026-04-13 08:19:00,2026-04-19 11:06:00,146.78,0,0,0
ORD01150,CUST0716,Enterprise,WH_SOUTH,Priority,Industrial,918.21,2026-05-21 17:39:00,2026-05-30 05:31:00,203.87,1,1,0
ORD01151,CUST0604,Retail,WH_WEST,Priority,Industrial,818.02,2026-01-12 09:56:00,2026-01-18 05:48:00,139.87,0,0,0
ORD01152,CUST0866,Retail,WH_WEST,Express,Clothing,322.88,2026-01-03 09:04:00,2026-01-10 20:51:00,179.78,1,0,0
ORD01153,CUST0141,Retail,WH_WEST,Standard,Furniture,1084.45,2026-04-30 09:26:00,2026-05-05 09:07:00,119.68,0,1,0
ORD01154,CUST0549,SMB,WH_SOUTH,Express,Furniture,627.36,2026-01-11 15:56:00,2026-01-18 16:47:00,168.85,1,0,0
ORD01155,CUST0477,Enterprise,WH_NORTH,Standard,Clothing,6725.17,2026-06-21 12:12:00,2026-07-01 00:11:00,227.98,1,0,0
ORD01156,CUST0266,Retail,WH_WEST,Express,Electronics,4055.6,2026-04-10 15:43:00,2026-04-17 17:09:00,169.43,1,1,0
ORD01157,CUST0844,SMB,WH_SOUTH,Standard,Electronics,1042.61,2026-05-03 08:13:00,2026-05-11 01:28:00,185.25,1,1,0
ORD01158,CUST0592,SMB,WH_SOUTH,Priority,Clothing,10959.35,2026-05-09 09:14:00,2026-05-12 23:48:00,86.57,0,0,0
ORD01159,CUST0104,Enterprise,WH_EAST,Express,Industrial,3965.6,2026-04-04 16:24:00,2026-04-13 17:30:00,217.1,1,0,0
ORD01160,CUST0788,SMB,WH_SOUTH,Priority,Office Supplies,1394.28,2026-04-19 09:20:00,2026-04-25 12:08:00,146.8,0,0,0
ORD01161,CUST0827,Enterprise,WH_NORTH,Standard,Office Supplies,244.81,2026-04-06 17:31:00,2026-04-16 15:48:00,238.28,1,0,0
ORD01162,CUST0777,SMB,WH_EAST,Express,Industrial,11302.22,2026-04-30 10:02:00,2026-05-05 16:09:00,126.12,0,0,1
ORD01163,CUST0493,Enterprise,WH_NORTH,Standard,Industrial,594.87,2026-03-23 12:14:00,2026-03-29 10:27:00,142.22,0,0,0
ORD01164,CUST0577,SMB,WH_SOUTH,Express,Industrial,484.77,2026-06-25 16:25:00,2026-06-28 10:41:00,66.27,0,0,0
ORD01165,CUST0457,Retail,WH_WEST,Standard,Furniture,4097.19,2026-05-03 09:55:00,2026-05-13 00:26:00,230.52,1,0,0
ORD01166,CUST0740,Retail,WH_WEST,Standard,Industrial,12731.09,2026-06-21 08:51:00,2026-06-26 01:37:00,112.77,0,0,0
ORD01167,CUST0356,Retail,WH_NORTH,Priority,Office Supplies,5472.1,2026-02-07 15:12:00,2026-02-13 13:40:00,142.47,0,0,0
ORD01168,CUST0422,Enterprise,WH_WEST,Priority,Industrial,2838.77,2026-05-09 17:56:00,2026-05-18 19:43:00,217.78,1,0,0
ORD01169,CUST0881,Retail,WH_WEST,Standard,Industrial,2909.69,2026-02-22 10:03:00,2026-03-03 21:37:00,227.57,1,0,0
ORD01170,CUST0110,Enterprise,WH_WEST,Standard,Clothing,3578.62,2026-02-10 17:56:00,2026-02-15 20:20:00,122.4,0,0,0
ORD01171,CUST0599,Enterprise,WH_SOUTH,Standard,Furniture,3318.08,2026-04-16 17:50:00,2026-04-26 17:42:00,239.87,1,0,0
ORD01172,CUST0944,Enterprise,WH_SOUTH,Express,Furniture,2264.15,2026-04-25 08:56:00,2026-05-05 05:30:00,236.57,1,0,0
ORD01173,CUST0230,SMB,WH_NORTH,Standard,Office Supplies,1965.22,2026-03-13 15:27:00,2026-03-20 10:42:00,163.25,0,1,1
ORD01174,CUST0756,Enterprise,WH_SOUTH,Express,Furniture,1719.74,2026-05-07 10:34:00,2026-05-17 16:44:00,246.17,1,1,0
ORD01175,CUST0464,Retail,WH_WEST,Express,Furniture,989.13,2026-04-27 10:35:00,2026-05-07 17:44:00,247.15,1,0,0
ORD01176,CUST0880,SMB,WH_WEST,Standard,Industrial,1444.42,2026-05-07 13:48:00,2026-05-16 16:51:00,219.05,1,0,1
ORD01177,CUST0904,Retail,WH_SOUTH,Standard,Clothing,466.68,2026-03-08 16:36:00,2026-03-15 19:49:00,171.22,1,0,0
ORD01178,CUST0069,Enterprise,WH_NORTH,Express,Clothing,1671.25,2026-03-30 08:07:00,2026-04-06 14:56:00,174.82,1,0,0
ORD01179,CUST0639,Enterprise,WH_SOUTH,Standard,Furniture,819.85,2026-03-17 11:25:00,2026-03-24 15:37:00,172.2,1,1,0
ORD01180,CUST0166,SMB,WH_NORTH,Express,Office Supplies,747.79,2026-04-11 13:58:00,2026-04-19 03:22:00,181.4,1,0,0
ORD01181,CUST0317,SMB,WH_EAST,Standard,Electronics,2087.9,2026-01-04 14:11:00,2026-01-10 22:31:00,152.33,0,0,0
ORD01182,CUST0103,SMB,WH_WEST,Standard,Industrial,5506.04,2026-02-02 14:54:00,2026-02-07 02:49:00,107.92,0,0,0
ORD01183,CUST0460,Enterprise,WH_SOUTH,Standard,Office Supplies,3769.33,2026-06-01 10:42:00,2026-06-08 06:05:00,163.38,0,0,0
ORD01184,CUST0326,SMB,WH_NORTH,Standard,Furniture,514.71,2026-01-26 17:40:00,2026-02-01 16:51:00,143.18,0,0,0
ORD01185,CUST0384,Enterprise,WH_EAST,Standard,Electronics,819.17,2026-05-09 16:15:00,2026-05-15 09:44:00,137.48,0,0,0
ORD01186,CUST0505,Retail,WH_WEST,Standard,Furniture,3837.66,2026-03-02 10:37:00,2026-03-07 00:49:00,110.2,0,0,0
ORD01187,CUST0905,Retail,WH_EAST,Priority,Clothing,823.87,2026-05-15 16:12:00,2026-05-23 09:25:00,185.22,1,0,0
ORD01188,CUST0273,SMB,WH_WEST,Standard,Office Supplies,1510.65,2026-02-13 13:19:00,2026-02-17 20:04:00,102.75,0,0,0
ORD01189,CUST0547,SMB,WH_SOUTH,Priority,Industrial,2807.48,2026-02-13 12:28:00,2026-02-16 12:41:00,72.22,0,0,0
ORD01190,CUST0295,Retail,WH_SOUTH,Standard,Electronics,833.24,2026-06-05 14:25:00,2026-06-15 22:16:00,247.85,1,1,1
ORD01191,CUST0857,Retail,WH_EAST,Standard,Electronics,1967.07,2026-03-01 17:04:00,2026-03-07 12:54:00,139.83,0,0,0
ORD01192,CUST0392,Retail,WH_NORTH,Standard,Industrial,621.9,2026-01-06 16:09:00,2026-01-13 23:56:00,175.78,1,0,0
ORD01193,CUST0289,Retail,WH_SOUTH,Priority,Clothing,1117.56,2026-01-03 08:36:00,2026-01-06 12:08:00,75.53,0,0,0
ORD01194,CUST0211,SMB,WH_SOUTH,Standard,Electronics,2335.14,2026-06-14 17:16:00,2026-06-21 19:22:00,170.1,1,0,0
ORD01195,CUST0120,SMB,WH_SOUTH,Standard,Industrial,505.53,2026-05-01 14:33:00,2026-05-06 13:26:00,118.88,0,0,0
ORD01196,CUST0839,SMB,WH_EAST,Standard,Industrial,2571.85,2026-03-25 13:06:00,2026-03-30 21:50:00,128.73,0,0,0
ORD01197,CUST0294,SMB,WH_SOUTH,Express,Clothing,1779.86,2026-03-10 09:49:00,2026-03-16 04:12:00,138.38,0,0,0
ORD01198,CUST0460,Enterprise,WH_NORTH,Express,Clothing,2812.96,2026-05-18 13:47:00,2026-05-21 18:28:00,76.68,0,0,1
ORD01199,CUST0610,Enterprise,WH_EAST,Priority,Clothing,2162.74,2026-06-10 13:30:00,2026-06-15 10:15:00,116.75,0,1,0
ORD01200,CUST0689,Enterprise,WH_WEST,Express,Industrial,5384.68,2026-06-15 14:47:00,2026-06-26 10:16:00,259.48,1,0,0
ORD01201,CUST0263,SMB,WH_WEST,Standard,Industrial,1998.55,2026-03-01 14:35:00,2026-03-10 21:41:00,223.1,1,0,0
ORD01202,CUST0487,Retail,WH_SOUTH,Standard,Electronics,1282.38,2026-05-13 12:21:00,2026-05-17 21:15:00,104.9,0,0,0
ORD01203,CUST0234,SMB,WH_SOUTH,Express,Industrial,1993.88,2026-06-01 16:15:00,2026-06-05 23:08:00,102.88,0,0,0
ORD01204,CUST0188,SMB,WH_SOUTH,Express,Industrial,2792.35,2026-05-28 12:49:00,2026-06-04 08:23:00,163.57,0,1,0
ORD01205,CUST0693,SMB,WH_NORTH,Express,Furniture,1880.11,2026-05-27 14:13:00,2026-06-02 21:43:00,151.5,0,0,0
ORD01206,CUST0585,Enterprise,WH_SOUTH,Standard,Industrial,1867.72,2026-01-16 12:41:00,2026-01-23 09:10:00,164.48,0,0,0
ORD01207,CUST0782,Retail,WH_SOUTH,Priority,Electronics,1031.13,2026-05-02 11:51:00,2026-05-06 00:58:00,85.12,0,0,0
ORD01208,CUST0576,SMB,WH_SOUTH,Priority,Clothing,1063.88,2026-02-22 11:29:00,2026-02-28 03:11:00,135.7,0,0,0
ORD01209,CUST0162,Enterprise,WH_NORTH,Priority,Office Supplies,588.7,2026-05-18 11:56:00,2026-05-23 05:14:00,113.3,0,0,0
ORD01210,CUST0614,Enterprise,WH_SOUTH,Priority,Clothing,7329.49,2026-05-18 15:12:00,2026-05-22 09:41:00,90.48,0,0,0
ORD01211,CUST0802,SMB,WH_NORTH,Priority,Office Supplies,668.42,2026-01-29 14:30:00,2026-02-01 03:48:00,61.3,0,0,0
ORD01212,CUST0106,Retail,WH_WEST,Express,Office Supplies,1038.65,2026-06-18 10:57:00,2026-06-21 03:11:00,64.23,0,1,0
ORD01213,CUST0457,Enterprise,WH_NORTH,Standard,Office Supplies,1017.67,2026-06-11 16:02:00,2026-06-23 19:59:00,291.95,1,0,0
ORD01214,CUST0771,Retail,WH_NORTH,Standard,Industrial,3699.45,2026-02-07 16:32:00,2026-02-10 22:25:00,77.88,0,0,0
ORD01215,CUST0434,Retail,WH_NORTH,Priority,Industrial,1428.01,2026-01-29 10:51:00,2026-01-31 23:36:00,60.75,0,0,0
ORD01216,CUST0651,SMB,WH_SOUTH,Standard,Clothing,4905.9,2026-03-13 12:13:00,2026-03-19 15:04:00,146.85,0,0,0
ORD01217,CUST0830,SMB,WH_SOUTH,Standard,Clothing,1054.91,2026-02-25 14:38:00,2026-03-02 16:59:00,122.35,0,1,0
ORD01218,CUST0256,Retail,WH_WEST,Express,Electronics,2260.17,2026-02-03 12:15:00,2026-02-09 04:28:00,136.22,0,0,1
ORD01219,CUST0696,Enterprise,WH_NORTH,Express,Clothing,926.79,2026-05-11 16:09:00,2026-05-17 02:27:00,130.3,0,0,0
ORD01220,CUST0439,SMB,WH_NORTH,Express,Industrial,10057.96,2026-06-04 17:33:00,2026-06-08 05:08:00,83.58,0,0,0
ORD01221,CUST0975,Enterprise,WH_EAST,Priority,Office Supplies,699.19,2026-04-10 10:10:00,2026-04-21 07:26:00,261.27,1,1,0
ORD01222,CUST0605,Retail,WH_SOUTH,Priority,Office Supplies,2316.6,2026-05-21 11:13:00,2026-05-28 14:38:00,171.42,1,0,0
ORD01223,CUST0013,Enterprise,WH_EAST,Standard,Clothing,3001.96,2026-05-15 10:03:00,2026-05-19 03:55:00,89.87,0,0,0
ORD01224,CUST0919,SMB,WH_NORTH,Express,Electronics,2517.54,2026-06-17 15:59:00,2026-06-23 18:22:00,146.38,0,0,0
ORD01225,CUST0749,Enterprise,WH_NORTH,Express,Electronics,1558.95,2026-01-05 11:33:00,2026-01-14 08:24:00,212.85,1,0,0
ORD01226,CUST0305,Retail,WH_SOUTH,Priority,Furniture,1629.69,2026-03-17 08:21:00,2026-03-21 02:23:00,90.03,0,1,0
ORD01227,CUST0638,Retail,WH_EAST,Priority,Industrial,1872.54,2026-02-02 17:52:00,2026-02-08 20:06:00,146.23,0,0,0
ORD01228,CUST0252,SMB,WH_NORTH,Priority,Industrial,1607.44,2026-04-15 09:59:00,2026-04-21 07:12:00,141.22,0,0,0
ORD01229,CUST0503,Enterprise,WH_EAST,Priority,Furniture,3909.26,2026-03-23 11:04:00,2026-03-30 01:30:00,158.43,0,0,0
ORD01230,CUST0232,Enterprise,WH_WEST,Priority,Furniture,10597.98,2026-01-12 10:44:00,2026-01-19 20:18:00,177.57,1,0,0
ORD01231,CUST0873,SMB,WH_EAST,Express,Clothing,1157.49,2026-05-21 17:00:00,2026-05-24 02:24:00,57.4,0,0,0
ORD01232,CUST0709,SMB,WH_WEST,Express,Electronics,604.35,2026-06-05 09:50:00,2026-06-12 08:23:00,166.55,0,0,0
ORD01233,CUST0081,SMB,WH_EAST,Express,Furniture,1684.75,2026-03-07 08:38:00,2026-03-12 15:03:00,126.42,0,0,0
ORD01234,CUST0278,Retail,WH_WEST,Express,Furniture,14239.39,2026-06-04 09:58:00,2026-06-10 06:09:00,140.18,0,0,1
ORD01235,CUST0019,Retail,WH_SOUTH,Priority,Office Supplies,950.57,2026-02-08 10:05:00,2026-02-15 22:35:00,180.5,1,1,0
ORD01236,CUST0701,Retail,WH_EAST,Priority,Electronics,6709.59,2026-06-18 15:34:00,2026-06-23 19:13:00,123.65,0,0,0
ORD01237,CUST0351,Enterprise,WH_WEST,Standard,Electronics,6919.93,2026-02-18 17:29:00,2026-02-24 22:12:00,148.72,0,0,0
ORD01238,CUST0696,Retail,WH_NORTH,Priority,Office Supplies,1161.11,2026-01-24 16:53:00,2026-01-30 09:18:00,136.42,0,0,0
ORD01239,CUST0551,Retail,WH_EAST,Express,Office Supplies,2850.32,2026-01-13 13:10:00,2026-01-22 05:47:00,208.62,1,0,1
ORD01240,CUST0695,SMB,WH_NORTH,Express,Clothing,6652.3,2026-04-04 12:18:00,2026-04-07 07:20:00,67.03,0,0,0
ORD01241,CUST0843,Retail,WH_EAST,Standard,Office Supplies,1335.02,2026-03-11 14:56:00,2026-03-16 06:58:00,112.03,0,0,0
ORD01242,CUST0142,Enterprise,WH_WEST,Priority,Office Supplies,1536.31,2026-03-19 08:08:00,2026-03-27 07:57:00,191.82,1,0,0
ORD01243,CUST0043,SMB,WH_WEST,Standard,Industrial,1135.3,2026-01-03 13:02:00,2026-01-09 09:38:00,140.6,0,0,0
ORD01244,CUST0607,Enterprise,WH_NORTH,Standard,Furniture,802.87,2026-06-13 08:09:00,2026-06-22 15:54:00,223.75,1,0,0
ORD01245,CUST0665,SMB,WH_SOUTH,Standard,Electronics,1075.54,2026-06-09 16:27:00,2026-06-17 14:08:00,189.68,1,0,0
ORD01246,CUST0646,Enterprise,WH_SOUTH,Express,Clothing,679.15,2026-05-23 17:18:00,2026-06-01 20:48:00,219.5,1,0,0
ORD01247,CUST0217,SMB,WH_EAST,Express,Industrial,1858.02,2026-04-14 10:55:00,2026-04-20 05:32:00,138.62,0,0,0
ORD01248,CUST0993,Enterprise,WH_WEST,Express,Furniture,976.55,2026-03-21 16:27:00,2026-03-30 20:07:00,219.67,1,0,0
ORD01249,CUST0374,Enterprise,WH_NORTH,Express,Furniture,2179.89,2026-06-24 08:04:00,2026-06-29 07:43:00,119.65,0,0,0
ORD01250,CUST0262,Enterprise,WH_EAST,Standard,Furniture,520.76,2026-06-01 13:19:00,2026-06-12 03:13:00,253.9,1,0,0
ORD01251,CUST0587,Retail,WH_NORTH,Priority,Office Supplies,2355.96,2026-05-17 14:27:00,2026-05-23 10:23:00,139.93,0,0,0
ORD01252,CUST0731,SMB,WH_WEST,Priority,Office Supplies,3522.14,2026-04-28 14:35:00,2026-05-03 23:21:00,128.77,0,0,0
ORD01253,CUST0251,Retail,WH_NORTH,Standard,Office Supplies,366.87,2026-02-17 10:01:00,2026-02-25 09:42:00,191.68,1,0,0
ORD01254,CUST0297,Enterprise,WH_EAST,Standard,Office Supplies,2438.76,2026-02-04 13:15:00,2026-02-11 15:43:00,170.47,1,0,0
ORD01255,CUST0739,Retail,WH_EAST,Standard,Electronics,4827.75,2026-02-04 11:43:00,2026-02-11 05:51:00,162.13,0,0,1
ORD01256,CUST0985,SMB,WH_EAST,Priority,Electronics,686.97,2026-06-04 17:33:00,2026-06-12 00:29:00,174.93,1,1,0
ORD01257,CUST0059,SMB,WH_WEST,Express,Office Supplies,6891.6,2026-06-26 17:39:00,2026-07-01 03:49:00,106.17,0,0,0
ORD01258,CUST0793,Retail,WH_WEST,Priority,Furniture,2528.08,2026-02-02 15:28:00,2026-02-10 13:08:00,189.67,1,0,0
ORD01259,CUST0029,Enterprise,WH_WEST,Standard,Office Supplies,1028.64,2026-04-03 08:15:00,2026-04-07 13:11:00,100.93,0,0,0
ORD01260,CUST0920,SMB,WH_WEST,Standard,Industrial,1729.15,2026-05-02 13:32:00,2026-05-07 22:06:00,128.57,0,0,0
ORD01261,CUST0825,Retail,WH_EAST,Express,Clothing,2826.12,2026-04-16 09:18:00,2026-04-22 17:21:00,152.05,0,0,0
ORD01262,CUST0863,SMB,WH_NORTH,Priority,Office Supplies,1921.39,2026-04-20 08:37:00,2026-04-24 08:20:00,95.72,0,0,1
ORD01263,CUST0135,Retail,WH_SOUTH,Express,Industrial,2782.22,2026-01-26 10:06:00,2026-02-01 22:20:00,156.23,0,0,0
ORD01264,CUST0234,Enterprise,WH_EAST,Standard,Electronics,865.63,2026-02-16 15:27:00,2026-02-27 11:34:00,260.12,1,0,0
ORD01265,CUST0765,Enterprise,WH_WEST,Priority,Office Supplies,2070.38,2026-05-15 10:58:00,2026-05-21 11:03:00,144.08,0,0,1
ORD01266,CUST0590,SMB,WH_EAST,Express,Industrial,583.49,2026-05-28 17:34:00,2026-06-05 12:52:00,187.3,1,1,0
ORD01267,CUST0158,SMB,WH_SOUTH,Standard,Electronics,1654.11,2026-05-20 08:36:00,2026-05-28 08:08:00,191.53,1,1,1
ORD01268,CUST0339,Retail,WH_WEST,Priority,Industrial,877.32,2026-03-24 13:48:00,2026-04-02 11:48:00,214.0,1,0,0
ORD01269,CUST0458,Retail,WH_EAST,Express,Office Supplies,1003.83,2026-02-03 12:43:00,2026-02-12 15:03:00,218.33,1,1,0
ORD01270,CUST0603,SMB,WH_WEST,Standard,Furniture,4860.39,2026-02-21 11:33:00,2026-03-02 03:53:00,208.33,1,0,0
ORD01271,CUST0199,Retail,WH_NORTH,Express,Clothing,4328.81,2026-02-09 11:32:00,2026-02-15 08:50:00,141.3,0,1,0
ORD01272,CUST0765,Enterprise,WH_NORTH,Express,Office Supplies,2943.37,2026-01-04 17:49:00,2026-01-12 02:47:00,176.97,1,0,0
ORD01273,CUST0276,Enterprise,WH_NORTH,Express,Industrial,754.57,2026-06-06 12:33:00,2026-06-12 17:11:00,148.63,0,0,0
ORD01274,CUST0330,Retail,WH_WEST,Priority,Furniture,1403.71,2026-05-27 12:43:00,2026-06-01 14:45:00,122.03,0,0,1
ORD01275,CUST0821,Enterprise,WH_SOUTH,Express,Office Supplies,4771.8,2026-06-03 10:21:00,2026-06-12 06:50:00,212.48,1,0,0
ORD01276,CUST0448,SMB,WH_WEST,Priority,Clothing,2025.1,2026-01-30 12:04:00,2026-02-07 09:34:00,189.5,1,0,0
ORD01277,CUST0895,Retail,WH_WEST,Priority,Clothing,11561.82,2026-01-28 17:26:00,2026-02-03 04:41:00,131.25,0,0,0
ORD01278,CUST0170,SMB,WH_WEST,Express,Clothing,2476.63,2026-05-13 11:06:00,2026-05-17 14:45:00,99.65,0,0,0
ORD01279,CUST0480,SMB,WH_SOUTH,Standard,Industrial,2108.3,2026-04-03 13:36:00,2026-04-12 19:47:00,222.18,1,0,0
ORD01280,CUST0122,Retail,WH_WEST,Priority,Office Supplies,1411.92,2026-01-07 10:56:00,2026-01-15 15:37:00,196.68,1,0,1
ORD01281,CUST0830,SMB,WH_WEST,Priority,Clothing,2011.9,2026-06-30 12:04:00,2026-07-04 19:59:00,103.92,0,0,0
ORD01282,CUST0474,SMB,WH_NORTH,Priority,Electronics,1600.42,2026-03-24 15:38:00,2026-03-29 18:29:00,122.85,0,0,0
ORD01283,CUST0564,SMB,WH_WEST,Standard,Office Supplies,3185.89,2026-01-06 10:01:00,2026-01-10 15:21:00,101.33,0,0,0
ORD01284,CUST0561,Enterprise,WH_NORTH,Priority,Office Supplies,3886.88,2026-05-14 14:54:00,2026-05-17 23:48:00,80.9,0,0,0
ORD01285,CUST0049,Retail,WH_WEST,Standard,Furniture,964.11,2026-05-04 10:37:00,2026-05-12 16:49:00,198.2,1,0,0
ORD01286,CUST0046,SMB,WH_WEST,Express,Industrial,623.29,2026-05-11 17:26:00,2026-05-16 07:37:00,110.18,0,0,0
ORD01287,CUST0861,Enterprise,WH_SOUTH,Express,Clothing,416.15,2026-03-29 08:43:00,2026-04-06 06:52:00,190.15,1,0,0
ORD01288,CUST0522,Enterprise,WH_SOUTH,Standard,Clothing,2714.58,2026-01-17 12:56:00,2026-01-26 15:15:00,218.32,1,0,0
ORD01289,CUST0839,Retail,WH_NORTH,Standard,Office Supplies,747.93,2026-06-13 15:56:00,2026-06-23 21:55:00,245.98,1,0,0
ORD01290,CUST0299,SMB,WH_EAST,Express,Office Supplies,323.01,2026-03-17 08:58:00,2026-03-21 03:26:00,90.47,0,0,0
ORD01291,CUST0628,SMB,WH_EAST,Standard,Industrial,2467.26,2026-05-10 11:55:00,2026-05-20 20:18:00,248.38,1,0,0
ORD01292,CUST0403,Retail,WH_SOUTH,Standard,Furniture,13285.12,2026-05-25 09:21:00,2026-06-02 04:46:00,187.42,1,0,0
ORD01293,CUST0071,Retail,WH_EAST,Priority,Clothing,1799.28,2026-05-18 11:37:00,2026-05-25 20:07:00,176.5,1,1,0
ORD01294,CUST0558,Retail,WH_EAST,Standard,Industrial,3536.15,2026-03-10 17:07:00,2026-03-18 02:04:00,176.95,1,0,0
ORD01295,CUST0913,Enterprise,WH_NORTH,Express,Clothing,1930.36,2026-06-20 15:24:00,2026-06-28 06:03:00,182.65,1,0,0
ORD01296,CUST0830,Retail,WH_SOUTH,Express,Clothing,1670.52,2026-06-20 11:12:00,2026-06-25 15:20:00,124.13,0,0,0
ORD01297,CUST0120,SMB,WH_SOUTH,Express,Industrial,3771.62,2026-04-28 09:38:00,2026-05-03 23:48:00,134.17,0,0,0
ORD01298,CUST0179,Enterprise,WH_NORTH,Standard,Furniture,1433.37,2026-06-24 11:17:00,2026-07-06 21:08:00,297.85,1,1,0
ORD01299,CUST0630,SMB,WH_NORTH,Standard,Clothing,2239.29,2026-03-12 14:07:00,2026-03-19 21:55:00,175.8,1,1,0
ORD01300,CUST0144,Enterprise,WH_WEST,Standard,Office Supplies,2338.72,2026-04-09 11:31:00,2026-04-20 20:06:00,272.58,1,0,0
ORD01301,CUST0872,Enterprise,WH_EAST,Express,Office Supplies,1059.47,2026-01-12 08:13:00,2026-01-20 21:42:00,205.48,1,0,0
ORD01302,CUST0409,Enterprise,WH_WEST,Standard,Office Supplies,3998.34,2026-05-18 11:36:00,2026-05-26 03:25:00,183.82,1,0,0
ORD01303,CUST0367,Enterprise,WH_NORTH,Express,Office Supplies,1571.89,2026-04-28 16:33:00,2026-05-06 16:45:00,192.2,1,0,0
ORD01304,CUST0508,SMB,WH_WEST,Standard,Office Supplies,987.72,2026-02-19 08:44:00,2026-02-23 07:56:00,95.2,0,0,0
ORD01305,CUST0961,SMB,WH_NORTH,Standard,Industrial,2777.23,2026-05-04 16:26:00,2026-05-13 06:20:00,205.9,1,0,0
ORD01306,CUST0647,SMB,WH_EAST,Express,Furniture,881.15,2026-03-26 15:53:00,2026-03-31 18:30:00,122.62,0,0,0
ORD01307,CUST0013,Enterprise,WH_WEST,Standard,Furniture,1849.27,2026-02-19 08:11:00,2026-02-26 14:13:00,174.03,1,0,0
ORD01308,CUST0028,SMB,WH_WEST,Express,Electronics,1794.9,2026-01-27 13:04:00,2026-02-05 06:51:00,209.78,1,0,0
ORD01309,CUST0145,Enterprise,WH_SOUTH,Standard,Clothing,4310.1,2026-01-10 08:20:00,2026-01-18 00:17:00,183.95,1,0,1
ORD01310,CUST0229,Enterprise,WH_NORTH,Standard,Furniture,2643.23,2026-04-04 10:33:00,2026-04-13 04:00:00,209.45,1,0,0
ORD01311,CUST0191,SMB,WH_WEST,Express,Office Supplies,1772.2,2026-04-24 14:50:00,2026-05-01 22:26:00,175.6,1,0,0
ORD01312,CUST0652,Retail,WH_WEST,Standard,Clothing,3478.0,2026-06-19 17:35:00,2026-06-27 16:43:00,191.13,1,0,0
ORD01313,CUST0834,Retail,WH_EAST,Standard,Clothing,5498.14,2026-05-05 14:10:00,2026-05-14 03:30:00,205.33,1,0,0
ORD01314,CUST0164,SMB,WH_EAST,Express,Industrial,2824.96,2026-04-22 13:42:00,2026-04-28 09:29:00,139.78,0,0,0
ORD01315,CUST0158,Enterprise,WH_EAST,Priority,Industrial,1823.08,2026-05-07 17:09:00,2026-05-14 15:27:00,166.3,0,0,0
ORD01316,CUST0963,SMB,WH_EAST,Priority,Clothing,633.04,2026-05-09 14:15:00,2026-05-13 00:55:00,82.67,0,1,0
ORD01317,CUST0426,SMB,WH_NORTH,Standard,Office Supplies,771.17,2026-01-22 09:25:00,2026-01-26 11:42:00,98.28,0,0,0
ORD01318,CUST0483,Enterprise,WH_SOUTH,Standard,Clothing,1416.32,2026-05-18 17:27:00,2026-05-25 23:36:00,174.15,1,0,0
ORD01319,CUST0408,Retail,WH_SOUTH,Express,Industrial,1110.31,2026-04-12 10:20:00,2026-04-19 15:47:00,173.45,1,0,0
ORD01320,CUST0211,Retail,WH_SOUTH,Standard,Industrial,1556.85,2026-02-05 17:55:00,2026-02-15 11:55:00,234.0,1,0,1
ORD01321,CUST0720,Retail,WH_WEST,Express,Office Supplies,1891.87,2026-04-28 09:39:00,2026-05-01 23:30:00,85.85,0,0,0
ORD01322,CUST0979,Enterprise,WH_WEST,Standard,Clothing,2762.12,2026-05-27 08:07:00,2026-06-04 15:54:00,199.78,1,0,0
ORD01323,CUST0940,SMB,WH_WEST,Priority,Furniture,1708.89,2026-06-25 12:34:00,2026-06-28 08:33:00,67.98,0,0,0
ORD01324,CUST0076,Retail,WH_EAST,Standard,Electronics,2668.31,2026-04-13 08:18:00,2026-04-18 03:46:00,115.47,0,0,1
ORD01325,CUST0414,Retail,WH_NORTH,Standard,Office Supplies,1903.75,2026-06-04 08:15:00,2026-06-11 09:41:00,169.43,1,0,0
ORD01326,CUST0203,SMB,WH_NORTH,Standard,Industrial,372.27,2026-05-25 09:31:00,2026-06-03 04:17:00,210.77,1,0,0
ORD01327,CUST0119,Enterprise,WH_SOUTH,Priority,Electronics,852.81,2026-05-30 12:59:00,2026-06-04 02:23:00,109.4,0,0,0
ORD01328,CUST0861,Retail,WH_WEST,Express,Clothing,1611.19,2026-02-04 15:59:00,2026-02-09 10:24:00,114.42,0,0,0
ORD01329,CUST0620,Enterprise,WH_NORTH,Priority,Electronics,686.94,2026-01-10 15:19:00,2026-01-16 04:06:00,132.78,0,0,0
ORD01330,CUST0078,Enterprise,WH_SOUTH,Express,Furniture,2921.76,2026-03-26 08:26:00,2026-04-05 08:54:00,240.47,1,0,0
ORD01331,CUST0915,Enterprise,WH_NORTH,Standard,Clothing,6152.42,2026-03-14 15:46:00,2026-03-22 15:08:00,191.37,1,0,0
ORD01332,CUST0032,Enterprise,WH_EAST,Priority,Clothing,4793.47,2026-04-21 15:22:00,2026-05-01 03:30:00,228.13,1,0,0
ORD01333,CUST0137,SMB,WH_EAST,Express,Electronics,1524.23,2026-03-08 14:55:00,2026-03-14 17:53:00,146.97,0,1,0
ORD01334,CUST0042,Enterprise,WH_WEST,Standard,Electronics,5958.54,2026-06-13 14:26:00,2026-06-22 12:50:00,214.4,1,0,0
ORD01335,CUST0892,Enterprise,WH_SOUTH,Standard,Furniture,2036.39,2026-05-22 10:11:00,2026-05-28 00:26:00,134.25,0,1,0
ORD01336,CUST0095,Retail,WH_NORTH,Priority,Clothing,1380.68,2026-04-26 17:51:00,2026-05-02 10:34:00,136.72,0,0,0
ORD01337,CUST0991,Enterprise,WH_WEST,Standard,Office Supplies,1106.85,2026-06-01 10:59:00,2026-06-09 02:41:00,183.7,1,1,0
ORD01338,CUST0917,Enterprise,WH_EAST,Priority,Clothing,1419.45,2026-03-26 11:19:00,2026-04-04 16:56:00,221.62,1,0,0
ORD01339,CUST0751,Retail,WH_SOUTH,Standard,Furniture,1325.39,2026-01-22 16:43:00,2026-01-28 18:42:00,145.98,0,0,0
ORD01340,CUST0684,Enterprise,WH_SOUTH,Standard,Office Supplies,2072.13,2026-04-24 12:59:00,2026-05-01 19:29:00,174.5,1,0,0
ORD01341,CUST0558,Enterprise,WH_EAST,Priority,Electronics,2055.88,2026-04-18 17:27:00,2026-04-26 15:53:00,190.43,1,0,0
ORD01342,CUST0471,Enterprise,WH_SOUTH,Express,Clothing,1812.45,2026-04-06 15:57:00,2026-04-10 15:57:00,96.0,0,0,0
ORD01343,CUST0367,Retail,WH_SOUTH,Standard,Office Supplies,2564.58,2026-03-13 11:30:00,2026-03-20 16:07:00,172.62,1,0,0
ORD01344,CUST0822,Retail,WH_NORTH,Express,Furniture,4686.85,2026-03-03 10:57:00,2026-03-09 22:49:00,155.87,0,0,1
ORD01345,CUST0351,SMB,WH_SOUTH,Priority,Electronics,3864.72,2026-03-25 16:21:00,2026-03-29 21:08:00,100.78,0,0,0
ORD01346,CUST0285,SMB,WH_SOUTH,Express,Electronics,551.19,2026-03-03 11:14:00,2026-03-07 09:26:00,94.2,0,0,0
ORD01347,CUST0538,Enterprise,WH_WEST,Standard,Clothing,234.36,2026-01-06 10:38:00,2026-01-20 02:49:00,328.18,1,0,0
ORD01348,CUST0950,Enterprise,WH_SOUTH,Express,Furniture,3817.9,2026-06-01 10:57:00,2026-06-09 08:58:00,190.02,1,0,0
ORD01349,CUST0161,SMB,WH_NORTH,Priority,Clothing,605.77,2026-01-02 10:09:00,2026-01-07 20:44:00,130.58,0,1,0
ORD01350,CUST0502,Enterprise,WH_WEST,Priority,Electronics,1510.49,2026-01-01 08:41:00,2026-01-11 10:22:00,241.68,1,0,0
ORD01351,CUST0363,Enterprise,WH_EAST,Priority,Industrial,709.04,2026-05-29 17:51:00,2026-06-09 03:03:00,249.2,1,0,0
ORD01352,CUST0939,SMB,WH_NORTH,Express,Industrial,427.7,2026-03-16 15:46:00,2026-03-24 12:52:00,189.1,1,0,0
ORD01353,CUST0998,SMB,WH_WEST,Express,Industrial,2788.25,2026-03-29 08:22:00,2026-04-06 05:46:00,189.4,1,0,1
ORD01354,CUST0679,Retail,WH_NORTH,Priority,Electronics,3318.69,2026-02-09 10:15:00,2026-02-16 18:50:00,176.58,1,0,0
ORD01355,CUST0210,Enterprise,WH_EAST,Standard,Furniture,1140.01,2026-02-20 15:07:00,2026-02-26 05:27:00,134.33,0,1,0
ORD01356,CUST0293,Retail,WH_SOUTH,Express,Furniture,227.5,2026-01-06 08:01:00,2026-01-10 00:48:00,88.78,0,0,0
ORD01357,CUST0213,SMB,WH_SOUTH,Express,Clothing,1167.95,2026-06-03 16:54:00,2026-06-08 06:40:00,109.77,0,0,0
ORD01358,CUST0821,SMB,WH_WEST,Express,Office Supplies,2473.63,2026-01-19 13:57:00,2026-01-26 19:07:00,173.17,1,0,0
ORD01359,CUST0189,SMB,WH_WEST,Standard,Clothing,553.84,2026-01-17 10:31:00,2026-01-27 10:12:00,239.68,1,0,0
ORD01360,CUST0421,Retail,WH_EAST,Express,Office Supplies,2093.7,2026-03-17 17:27:00,2026-03-21 03:53:00,82.43,0,0,0
ORD01361,CUST0982,Retail,WH_WEST,Standard,Office Supplies,1786.03,2026-04-18 13:24:00,2026-04-24 06:27:00,137.05,0,0,0
ORD01362,CUST0758,Retail,WH_EAST,Standard,Office Supplies,2873.92,2026-04-23 17:49:00,2026-04-29 02:40:00,128.85,0,0,1
ORD01363,CUST0300,SMB,WH_WEST,Priority,Electronics,1989.55,2026-03-15 13:31:00,2026-03-20 01:09:00,107.63,0,0,0
ORD01364,CUST0666,Enterprise,WH_SOUTH,Express,Industrial,830.1,2026-05-23 10:49:00,2026-05-31 05:15:00,186.43,1,0,0
ORD01365,CUST0405,SMB,WH_SOUTH,Priority,Furniture,4709.12,2026-06-21 10:54:00,2026-06-29 06:55:00,188.02,1,0,0
ORD01366,CUST0300,Enterprise,WH_EAST,Express,Clothing,1592.68,2026-05-20 11:13:00,2026-05-28 12:36:00,193.38,1,0,0
ORD01367,CUST0009,Retail,WH_EAST,Priority,Clothing,1768.98,2026-06-05 12:57:00,2026-06-10 16:49:00,123.87,0,0,0
ORD01368,CUST0637,Enterprise,WH_EAST,Priority,Furniture,856.96,2026-04-06 08:52:00,2026-04-10 12:30:00,99.63,0,1,0
ORD01369,CUST0975,SMB,WH_NORTH,Express,Electronics,1268.23,2026-01-16 12:03:00,2026-01-25 03:55:00,207.87,1,1,0
ORD01370,CUST0650,SMB,WH_NORTH,Priority,Furniture,890.83,2026-05-03 12:29:00,2026-05-09 08:10:00,139.68,0,0,1
ORD01371,CUST0459,SMB,WH_NORTH,Express,Office Supplies,1574.42,2026-03-09 08:05:00,2026-03-13 07:17:00,95.2,0,0,0
ORD01372,CUST0447,Enterprise,WH_NORTH,Express,Office Supplies,7110.78,2026-04-10 14:51:00,2026-04-17 06:03:00,159.2,0,1,0
ORD01373,CUST0424,SMB,WH_NORTH,Standard,Clothing,603.34,2026-01-08 13:34:00,2026-01-14 06:21:00,136.78,0,0,0
ORD01374,CUST0559,Enterprise,WH_EAST,Express,Furniture,497.28,2026-03-05 17:41:00,2026-03-09 08:09:00,86.47,0,0,0
ORD01375,CUST0698,Retail,WH_EAST,Express,Industrial,5866.05,2026-04-20 16:31:00,2026-04-28 06:17:00,181.77,1,1,0
ORD01376,CUST0441,SMB,WH_SOUTH,Express,Electronics,1529.26,2026-06-13 13:51:00,2026-06-20 22:21:00,176.5,1,0,0
ORD01377,CUST0838,Enterprise,WH_SOUTH,Priority,Office Supplies,1058.64,2026-05-01 10:56:00,2026-05-05 23:31:00,108.58,0,0,0
ORD01378,CUST0900,Enterprise,WH_EAST,Express,Furniture,4154.4,2026-06-27 15:41:00,2026-07-05 20:37:00,196.93,1,1,0
ORD01379,CUST0501,Retail,WH_SOUTH,Standard,Clothing,1113.77,2026-06-18 15:54:00,2026-06-27 13:51:00,213.95,1,0,0
ORD01380,CUST0374,SMB,WH_WEST,Express,Industrial,7791.65,2026-04-27 14:18:00,2026-05-03 10:48:00,140.5,0,0,0
ORD01381,CUST0166,Enterprise,WH_EAST,Priority,Industrial,3109.88,2026-06-24 13:12:00,2026-06-28 21:04:00,103.87,0,0,0
ORD01382,CUST0710,SMB,WH_EAST,Priority,Furniture,1223.74,2026-04-18 08:48:00,2026-04-21 20:12:00,83.4,0,0,1
ORD01383,CUST0517,Enterprise,WH_NORTH,Express,Clothing,10156.27,2026-05-24 17:45:00,2026-05-31 14:50:00,165.08,0,0,0
ORD01384,CUST0504,Retail,WH_NORTH,Standard,Electronics,1113.68,2026-03-14 17:25:00,2026-03-22 14:56:00,189.52,1,1,0
ORD01385,CUST0832,Enterprise,WH_SOUTH,Standard,Electronics,3273.7,2026-05-07 10:52:00,2026-05-17 12:52:00,242.0,1,0,0
ORD01386,CUST0298,Enterprise,WH_NORTH,Standard,Furniture,2297.17,2026-01-06 16:25:00,2026-01-14 06:07:00,181.7,1,0,0
ORD01387,CUST0978,Retail,WH_SOUTH,Standard,Furniture,5122.48,2026-03-02 13:57:00,2026-03-08 01:37:00,131.67,0,0,0
ORD01388,CUST0068,Retail,WH_WEST,Standard,Electronics,6305.7,2026-03-21 16:02:00,2026-03-28 10:18:00,162.27,0,0,0
ORD01389,CUST0051,Retail,WH_EAST,Standard,Industrial,1854.93,2026-04-17 14:05:00,2026-04-25 18:31:00,196.43,1,0,1
ORD01390,CUST0799,Retail,WH_WEST,Express,Industrial,989.57,2026-01-01 13:58:00,2026-01-09 18:58:00,197.0,1,1,0
ORD01391,CUST0953,Retail,WH_SOUTH,Express,Office Supplies,2612.28,2026-05-09 12:08:00,2026-05-17 00:54:00,180.77,1,0,0
ORD01392,CUST0752,Retail,WH_EAST,Standard,Electronics,1051.35,2026-04-14 15:27:00,2026-04-24 14:27:00,239.0,1,0,0
ORD01393,CUST0928,Enterprise,WH_EAST,Standard,Industrial,9051.72,2026-06-13 10:29:00,2026-06-23 05:44:00,235.25,1,0,0
ORD01394,CUST0973,SMB,WH_WEST,Standard,Furniture,2016.72,2026-05-21 17:43:00,2026-06-01 00:34:00,246.85,1,0,0
ORD01395,CUST0492,Enterprise,WH_WEST,Express,Clothing,1349.84,2026-06-04 15:24:00,2026-06-12 19:34:00,196.17,1,0,1
ORD01396,CUST0072,Retail,WH_SOUTH,Express,Industrial,2095.91,2026-03-31 09:34:00,2026-04-05 03:34:00,114.0,0,1,0
ORD01397,CUST0269,Retail,WH_EAST,Priority,Furniture,615.42,2026-05-14 15:35:00,2026-05-18 04:46:00,85.18,0,0,0
ORD01398,CUST0349,Enterprise,WH_NORTH,Priority,Office Supplies,831.07,2026-04-11 08:31:00,2026-04-16 17:27:00,128.93,0,0,0
ORD01399,CUST0650,SMB,WH_NORTH,Standard,Electronics,4723.62,2026-01-04 15:40:00,2026-01-10 11:58:00,140.3,0,0,0
ORD01400,CUST0481,Enterprise,WH_EAST,Priority,Clothing,1069.01,2026-05-07 09:51:00,2026-05-14 10:51:00,169.0,1,0,0
ORD01401,CUST0662,SMB,WH_EAST,Express,Furniture,782.48,2026-03-07 13:46:00,2026-03-12 04:39:00,110.88,0,0,0
ORD01402,CUST0806,Retail,WH_EAST,Priority,Furniture,2777.54,2026-06-19 13:41:00,2026-06-23 16:49:00,99.13,0,0,0
ORD01403,CUST0031,SMB,WH_WEST,Express,Office Supplies,4668.36,2026-05-01 08:59:00,2026-05-07 05:15:00,140.27,0,0,0
ORD01404,CUST0308,Retail,WH_SOUTH,Express,Office Supplies,3213.65,2026-06-26 13:55:00,2026-07-02 11:14:00,141.32,0,0,0
ORD01405,CUST0411,Enterprise,WH_WEST,Priority,Electronics,4011.17,2026-01-14 15:12:00,2026-01-21 11:33:00,164.35,0,0,1
ORD01406,CUST0248,Enterprise,WH_NORTH,Express,Furniture,986.9,2026-03-27 16:22:00,2026-04-03 02:04:00,153.7,0,0,0
ORD01407,CUST0233,Enterprise,WH_NORTH,Express,Office Supplies,579.72,2026-03-09 11:52:00,2026-03-13 18:19:00,102.45,0,0,0
ORD01408,CUST0890,SMB,WH_SOUTH,Express,Furniture,6009.32,2026-04-28 12:09:00,2026-05-06 06:36:00,186.45,1,0,0
ORD01409,CUST0229,Retail,WH_SOUTH,Priority,Clothing,1396.68,2026-03-31 12:21:00,2026-04-07 19:22:00,175.02,1,0,0
ORD01410,CUST0682,SMB,WH_EAST,Express,Clothing,1479.31,2026-06-25 11:44:00,2026-06-30 23:21:00,131.62,0,0,0
ORD01411,CUST0395,Enterprise,WH_NORTH,Standard,Clothing,5232.03,2026-05-02 13:27:00,2026-05-09 16:59:00,171.53,1,0,0
ORD01412,CUST1000,SMB,WH_WEST,Standard,Electronics,2821.39,2026-05-31 17:59:00,2026-06-09 13:39:00,211.67,1,0,0
ORD01413,CUST0964,SMB,WH_NORTH,Express,Electronics,2603.76,2026-03-26 17:52:00,2026-04-01 04:19:00,130.45,0,0,0
ORD01414,CUST0288,Retail,WH_SOUTH,Priority,Office Supplies,10218.98,2026-01-10 12:32:00,2026-01-14 07:57:00,91.42,0,0,1
ORD01415,CUST0567,Retail,WH_SOUTH,Standard,Electronics,1080.51,2026-03-05 12:08:00,2026-03-08 20:14:00,80.1,0,0,0
ORD01416,CUST0767,Retail,WH_EAST,Express,Furniture,3798.16,2026-01-22 16:54:00,2026-01-30 10:02:00,185.13,1,0,0
ORD01417,CUST0496,Retail,WH_NORTH,Priority,Electronics,1892.42,2026-03-24 08:26:00,2026-04-01 17:44:00,201.3,1,1,0
ORD01418,CUST0115,Enterprise,WH_WEST,Priority,Office Supplies,2241.44,2026-01-22 08:46:00,2026-02-01 08:37:00,239.85,1,0,0
ORD01419,CUST0797,Enterprise,WH_WEST,Standard,Clothing,6141.2,2026-02-05 17:32:00,2026-02-10 11:28:00,113.93,0,0,0
ORD01420,CUST0135,Retail,WH_WEST,Priority,Furniture,2714.24,2026-05-24 15:35:00,2026-05-31 14:52:00,167.28,0,0,0
ORD01421,CUST0049,Retail,WH_SOUTH,Standard,Clothing,2781.2,2026-01-03 17:49:00,2026-01-12 21:38:00,219.82,1,0,0
ORD01422,CUST0555,Enterprise,WH_NORTH,Standard,Furniture,4264.18,2026-05-21 10:28:00,2026-05-30 15:11:00,220.72,1,0,0
ORD01423,CUST0674,SMB,WH_SOUTH,Standard,Furniture,1350.24,2026-01-09 16:47:00,2026-01-17 22:26:00,197.65,1,0,0
ORD01424,CUST0252,Retail,WH_WEST,Standard,Industrial,923.93,2026-05-11 17:45:00,2026-05-21 15:29:00,237.73,1,0,1
ORD01425,CUST0117,Enterprise,WH_WEST,Express,Office Supplies,783.8,2026-04-04 08:50:00,2026-04-08 23:32:00,110.7,0,0,0
ORD01426,CUST0818,SMB,WH_EAST,Express,Clothing,375.0,2026-04-18 17:30:00,2026-04-26 11:31:00,186.02,1,0,0
ORD01427,CUST0457,Retail,WH_NORTH,Priority,Office Supplies,9367.16,2026-05-09 14:48:00,2026-05-14 14:18:00,119.5,0,0,0
ORD01428,CUST0963,SMB,WH_NORTH,Express,Industrial,748.02,2026-02-23 15:06:00,2026-03-01 07:59:00,136.88,0,0,0
ORD01429,CUST0684,Enterprise,WH_WEST,Express,Clothing,1514.74,2026-04-11 14:11:00,2026-04-21 18:16:00,244.08,1,1,0
ORD01430,CUST0303,Enterprise,WH_SOUTH,Priority,Industrial,1448.88,2026-05-17 14:13:00,2026-05-21 15:44:00,97.52,0,0,0
ORD01431,CUST0387,Enterprise,WH_SOUTH,Standard,Clothing,2312.13,2026-05-19 11:31:00,2026-05-26 04:12:00,160.68,0,0,0
ORD01432,CUST0495,SMB,WH_NORTH,Express,Office Supplies,3472.36,2026-02-27 12:04:00,2026-03-05 06:11:00,138.12,0,1,0
ORD01433,CUST0492,Retail,WH_NORTH,Standard,Electronics,3598.88,2026-01-23 16:07:00,2026-01-30 22:58:00,174.85,1,0,0
ORD01434,CUST0853,SMB,WH_WEST,Priority,Office Supplies,1134.04,2026-04-25 17:38:00,2026-05-01 23:43:00,150.08,0,0,0
ORD01435,CUST0530,Retail,WH_NORTH,Priority,Office Supplies,1581.77,2026-06-19 09:57:00,2026-06-26 18:52:00,176.92,1,1,0
ORD01436,CUST0979,SMB,WH_EAST,Express,Furniture,2266.66,2026-04-17 09:26:00,2026-04-20 06:51:00,69.42,0,0,0
ORD01437,CUST0402,Retail,WH_SOUTH,Standard,Electronics,1481.85,2026-02-23 08:31:00,2026-02-28 01:02:00,112.52,0,0,0
ORD01438,CUST0822,Enterprise,WH_SOUTH,Express,Office Supplies,6541.2,2026-05-15 13:17:00,2026-05-24 20:48:00,223.52,1,0,0
ORD01439,CUST0231,Retail,WH_EAST,Express,Furniture,2677.88,2026-06-24 17:58:00,2026-07-01 07:25:00,157.45,0,0,0
ORD01440,CUST0109,SMB,WH_WEST,Standard,Office Supplies,3254.85,2026-06-29 10:20:00,2026-07-02 21:29:00,83.15,0,0,0
ORD01441,CUST0125,Enterprise,WH_WEST,Priority,Office Supplies,3072.68,2026-03-08 13:16:00,2026-03-21 06:41:00,305.42,1,0,0
ORD01442,CUST0410,Retail,WH_EAST,Standard,Office Supplies,4622.91,2026-04-20 12:23:00,2026-04-27 08:19:00,163.93,0,0,0
ORD01443,CUST0337,SMB,WH_NORTH,Express,Office Supplies,2089.79,2026-01-17 09:56:00,2026-01-25 14:10:00,196.23,1,0,0
ORD01444,CUST0673,Retail,WH_SOUTH,Express,Electronics,640.68,2026-06-30 10:19:00,2026-07-05 11:11:00,120.87,0,0,0
ORD01445,CUST0190,SMB,WH_SOUTH,Express,Clothing,2489.28,2026-01-04 09:57:00,2026-01-07 04:11:00,66.23,0,0,0
ORD01446,CUST0162,Enterprise,WH_EAST,Express,Electronics,1073.75,2026-06-28 17:19:00,2026-07-08 10:49:00,233.5,1,1,0
ORD01447,CUST0360,Retail,WH_SOUTH,Priority,Office Supplies,1184.54,2026-06-30 09:57:00,2026-07-04 15:05:00,101.13,0,1,0
ORD01448,CUST0395,Retail,WH_NORTH,Standard,Electronics,2890.23,2026-06-14 11:20:00,2026-06-22 02:23:00,183.05,1,0,0
ORD01449,CUST0444,Retail,WH_WEST,Standard,Furniture,4868.92,2026-05-26 13:14:00,2026-06-01 17:03:00,147.82,0,0,0
ORD01450,CUST0803,Enterprise,WH_EAST,Express,Furniture,1839.07,2026-03-17 08:24:00,2026-03-24 07:38:00,167.23,0,0,0
ORD01451,CUST0484,Enterprise,WH_EAST,Priority,Office Supplies,2314.77,2026-04-08 14:57:00,2026-04-15 17:06:00,170.15,1,0,0
ORD01452,CUST0338,Enterprise,WH_EAST,Express,Clothing,7056.98,2026-02-22 13:52:00,2026-03-05 16:28:00,266.6,1,0,0
ORD01453,CUST0895,SMB,WH_WEST,Express,Furniture,2192.07,2026-03-24 17:06:00,2026-03-30 18:36:00,145.5,0,0,0
ORD01454,CUST0281,Retail,WH_SOUTH,Priority,Industrial,14491.92,2026-02-24 12:18:00,2026-02-27 00:09:00,59.85,0,0,0
ORD01455,CUST0419,SMB,WH_NORTH,Priority,Electronics,2842.41,2026-04-21 17:03:00,2026-04-27 20:34:00,147.52,0,0,0
ORD01456,CUST0402,SMB,WH_WEST,Express,Industrial,442.04,2026-03-25 08:41:00,2026-03-30 00:09:00,111.47,0,0,0
ORD01457,CUST0210,Retail,WH_EAST,Standard,Clothing,3303.29,2026-06-06 14:36:00,2026-06-11 09:06:00,114.5,0,1,1
ORD01458,CUST0139,Enterprise,WH_EAST,Priority,Industrial,2452.66,2026-01-19 15:53:00,2026-01-30 05:01:00,253.13,1,0,0
ORD01459,CUST0763,SMB,WH_SOUTH,Express,Office Supplies,5073.58,2026-01-19 14:48:00,2026-01-25 11:42:00,140.9,0,0,0
ORD01460,CUST0525,Enterprise,WH_EAST,Standard,Electronics,3098.1,2026-01-06 09:54:00,2026-01-19 04:08:00,306.23,1,0,1
ORD01461,CUST0778,Enterprise,WH_WEST,Standard,Industrial,1618.47,2026-03-25 14:09:00,2026-04-02 14:44:00,192.58,1,0,0
ORD01462,CUST0108,Retail,WH_NORTH,Standard,Furniture,678.96,2026-02-26 13:28:00,2026-03-07 19:12:00,221.73,1,1,0
ORD01463,CUST0908,Enterprise,WH_WEST,Priority,Industrial,1529.63,2026-02-04 14:15:00,2026-02-13 03:02:00,204.78,1,0,0
ORD01464,CUST0701,Retail,WH_EAST,Standard,Clothing,915.6,2026-05-09 13:08:00,2026-05-19 02:21:00,229.22,1,0,0
ORD01465,CUST0289,SMB,WH_NORTH,Standard,Electronics,1136.36,2026-05-03 14:29:00,2026-05-09 12:03:00,141.57,0,0,0
ORD01466,CUST0061,Enterprise,WH_NORTH,Priority,Electronics,2895.35,2026-05-27 12:47:00,2026-06-04 23:58:00,203.18,1,0,0
ORD01467,CUST0375,SMB,WH_SOUTH,Standard,Furniture,6876.9,2026-06-23 10:26:00,2026-06-26 16:39:00,78.22,0,0,0
ORD01468,CUST0754,SMB,WH_SOUTH,Priority,Clothing,2479.31,2026-04-18 09:05:00,2026-04-23 02:17:00,113.2,0,0,0
ORD01469,CUST0767,SMB,WH_WEST,Express,Industrial,694.57,2026-01-20 12:46:00,2026-01-28 04:51:00,184.08,1,0,0
ORD01470,CUST0410,Retail,WH_WEST,Standard,Office Supplies,2580.35,2026-01-05 13:45:00,2026-01-11 03:30:00,133.75,0,0,0
ORD01471,CUST0589,SMB,WH_SOUTH,Express,Clothing,4709.35,2026-01-05 13:17:00,2026-01-10 00:38:00,107.35,0,0,0
ORD01472,CUST0897,Retail,WH_NORTH,Express,Industrial,1110.06,2026-01-09 12:31:00,2026-01-15 03:00:00,134.48,0,0,0
ORD01473,CUST0467,SMB,WH_EAST,Standard,Electronics,1624.23,2026-02-18 13:38:00,2026-02-25 08:57:00,163.32,0,1,0
ORD01474,CUST0948,SMB,WH_WEST,Express,Electronics,1829.41,2026-02-22 09:13:00,2026-03-01 04:04:00,162.85,0,0,1
ORD01475,CUST0216,Retail,WH_EAST,Standard,Electronics,964.95,2026-05-06 16:38:00,2026-05-16 19:11:00,242.55,1,0,0
ORD01476,CUST0860,SMB,WH_NORTH,Express,Clothing,3037.0,2026-06-08 10:13:00,2026-06-11 05:35:00,67.37,0,0,0
ORD01477,CUST0201,SMB,WH_NORTH,Express,Furniture,1641.3,2026-03-08 10:45:00,2026-03-12 00:11:00,85.43,0,0,0
ORD01478,CUST0178,Retail,WH_NORTH,Express,Furniture,2529.12,2026-05-01 11:18:00,2026-05-06 13:07:00,121.82,0,0,0
ORD01479,CUST0870,Enterprise,WH_NORTH,Express,Furniture,888.92,2026-01-10 11:03:00,2026-01-18 17:09:00,198.1,1,0,0
ORD01480,CUST0328,SMB,WH_WEST,Priority,Industrial,1274.15,2026-03-02 12:20:00,2026-03-09 04:49:00,160.48,0,0,0
ORD01481,CUST0315,Retail,WH_NORTH,Priority,Electronics,3222.48,2026-01-06 14:06:00,2026-01-10 15:16:00,97.17,0,0,0
ORD01482,CUST0164,Enterprise,WH_EAST,Priority,Electronics,1341.75,2026-04-14 16:09:00,2026-04-20 04:27:00,132.3,0,0,0
ORD01483,CUST0199,SMB,WH_EAST,Priority,Electronics,7198.09,2026-01-01 08:22:00,2026-01-05 03:28:00,91.1,0,0,0
ORD01484,CUST0032,Retail,WH_NORTH,Priority,Industrial,1313.29,2026-03-10 16:21:00,2026-03-16 08:45:00,136.4,0,0,0
ORD01485,CUST0343,Retail,WH_SOUTH,Standard,Clothing,2164.07,2026-06-23 16:56:00,2026-06-27 17:21:00,96.42,0,0,0
ORD01486,CUST0178,SMB,WH_SOUTH,Standard,Industrial,3812.62,2026-04-02 12:56:00,2026-04-11 03:48:00,206.87,1,0,0
ORD01487,CUST0996,SMB,WH_EAST,Express,Clothing,581.32,2026-02-22 08:06:00,2026-03-02 06:40:00,190.57,1,0,0
ORD01488,CUST0746,SMB,WH_WEST,Express,Office Supplies,442.02,2026-06-09 11:04:00,2026-06-14 10:54:00,119.83,0,0,0
ORD01489,CUST0570,Enterprise,WH_WEST,Express,Industrial,533.51,2026-05-31 12:42:00,2026-06-07 15:18:00,170.6,1,0,0
ORD01490,CUST0574,Retail,WH_SOUTH,Priority,Clothing,4964.5,2026-03-20 09:37:00,2026-03-25 04:39:00,115.03,0,0,0
ORD01491,CUST0603,Enterprise,WH_EAST,Priority,Industrial,1162.72,2026-05-02 11:40:00,2026-05-13 04:17:00,256.62,1,0,0
ORD01492,CUST0835,SMB,WH_WEST,Express,Furniture,13996.46,2026-06-01 10:23:00,2026-06-06 06:42:00,116.32,0,0,0
ORD01493,CUST0383,Enterprise,WH_SOUTH,Express,Office Supplies,1151.25,2026-05-12 13:27:00,2026-05-20 09:51:00,188.4,1,0,0
ORD01494,CUST0997,Retail,WH_EAST,Express,Office Supplies,2095.7,2026-03-25 17:30:00,2026-04-04 03:43:00,226.22,1,1,0
ORD01495,CUST0282,SMB,WH_WEST,Standard,Electronics,6208.58,2026-06-30 12:33:00,2026-07-09 04:36:00,208.05,1,0,0
ORD01496,CUST0365,Enterprise,WH_EAST,Express,Industrial,8999.05,2026-03-21 09:39:00,2026-03-26 05:47:00,116.13,0,0,1
ORD01497,CUST0088,Retail,WH_EAST,Express,Furniture,9406.94,2026-02-14 12:09:00,2026-02-23 03:58:00,207.82,1,0,0
ORD01498,CUST0785,SMB,WH_EAST,Priority,Electronics,4753.77,2026-01-22 16:02:00,2026-01-27 20:00:00,123.97,0,0,0
ORD01499,CUST0384,SMB,WH_WEST,Priority,Industrial,4102.08,2026-01-27 13:20:00,2026-02-03 09:57:00,164.62,0,0,0
ORD01500,CUST0649,SMB,WH_SOUTH,Standard,Electronics,2904.51,2026-06-11 13:47:00,2026-06-17 09:44:00,139.95,0,0,0
ORD01501,CUST0823,Retail,WH_EAST,Standard,Furniture,3370.07,2026-01-22 13:20:00,2026-01-30 02:43:00,181.38,1,0,0
ORD01502,CUST0267,Retail,WH_SOUTH,Express,Industrial,1163.34,2026-05-03 16:17:00,2026-05-12 17:20:00,217.05,1,1,0
ORD01503,CUST0067,SMB,WH_WEST,Express,Clothing,939.59,2026-01-18 10:36:00,2026-01-23 10:11:00,119.58,0,0,0
ORD01504,CUST0533,Retail,WH_SOUTH,Priority,Clothing,1803.17,2026-06-19 17:30:00,2026-06-25 07:33:00,134.05,0,0,0
ORD01505,CUST0311,Retail,WH_EAST,Priority,Furniture,1577.9,2026-06-13 12:14:00,2026-06-16 21:49:00,81.58,0,0,0
ORD01506,CUST0499,Retail,WH_WEST,Standard,Clothing,1258.18,2026-01-29 13:13:00,2026-02-05 06:47:00,161.57,0,0,0
ORD01507,CUST0630,Enterprise,WH_EAST,Priority,Electronics,3156.16,2026-06-18 12:44:00,2026-06-28 02:18:00,229.57,1,0,0
ORD01508,CUST0098,Retail,WH_WEST,Express,Clothing,3882.54,2026-04-30 11:39:00,2026-05-05 23:44:00,132.08,0,0,0
ORD01509,CUST0853,SMB,WH_WEST,Priority,Electronics,1940.55,2026-06-17 14:25:00,2026-06-22 02:55:00,108.5,0,0,0
ORD01510,CUST0760,SMB,WH_EAST,Standard,Clothing,5895.97,2026-01-05 15:06:00,2026-01-14 10:42:00,211.6,1,0,0
ORD01511,CUST0731,Retail,WH_EAST,Express,Electronics,725.35,2026-05-13 11:31:00,2026-05-17 10:44:00,95.22,0,0,1
ORD01512,CUST0675,Enterprise,WH_NORTH,Express,Electronics,1548.55,2026-04-09 15:36:00,2026-04-15 05:15:00,133.65,0,1,0
ORD01513,CUST0768,Retail,WH_EAST,Standard,Office Supplies,1018.96,2026-05-30 14:28:00,2026-06-09 18:38:00,244.17,1,0,0
ORD01514,CUST0060,Enterprise,WH_WEST,Standard,Office Supplies,406.17,2026-05-18 11:17:00,2026-05-26 13:52:00,194.58,1,0,0
ORD01515,CUST0651,Retail,WH_EAST,Standard,Industrial,1692.32,2026-04-14 11:20:00,2026-04-21 12:05:00,168.75,1,0,0
ORD01516,CUST0824,Retail,WH_EAST,Express,Clothing,1640.25,2026-05-24 10:24:00,2026-06-02 04:13:00,209.82,1,0,0
ORD01517,CUST0885,SMB,WH_WEST,Priority,Electronics,6067.85,2026-01-23 10:43:00,2026-01-31 06:54:00,188.18,1,0,1
ORD01518,CUST0809,SMB,WH_SOUTH,Priority,Clothing,2994.85,2026-04-11 13:28:00,2026-04-14 13:53:00,72.42,0,0,0
ORD01519,CUST0113,Retail,WH_NORTH,Priority,Clothing,796.84,2026-01-22 11:24:00,2026-01-26 17:09:00,101.75,0,0,0
ORD01520,CUST0456,Retail,WH_WEST,Express,Electronics,7968.68,2026-05-18 12:55:00,2026-05-22 23:22:00,106.45,0,0,0
ORD01521,CUST0921,Enterprise,WH_NORTH,Standard,Industrial,4802.19,2026-02-13 16:13:00,2026-02-24 23:07:00,270.9,1,0,0
ORD01522,CUST0112,SMB,WH_SOUTH,Express,Furniture,2880.38,2026-06-04 13:00:00,2026-06-12 14:17:00,193.28,1,0,0
ORD01523,CUST0866,Retail,WH_WEST,Standard,Clothing,1508.41,2026-01-27 16:24:00,2026-02-06 14:41:00,238.28,1,0,0
ORD01524,CUST0306,Retail,WH_NORTH,Priority,Electronics,839.2,2026-04-13 08:20:00,2026-04-16 00:36:00,64.27,0,0,0
ORD01525,CUST0235,Enterprise,WH_EAST,Express,Electronics,1342.43,2026-06-30 17:28:00,2026-07-07 00:10:00,150.7,0,0,0
ORD01526,CUST0284,Enterprise,WH_SOUTH,Express,Furniture,4319.95,2026-01-18 17:15:00,2026-01-29 01:37:00,248.37,1,0,0
ORD01527,CUST0753,Retail,WH_NORTH,Priority,Office Supplies,8165.47,2026-04-27 13:50:00,2026-05-01 07:52:00,90.03,0,1,0
ORD01528,CUST0005,SMB,WH_WEST,Express,Furniture,6214.22,2026-03-25 09:30:00,2026-03-28 17:29:00,79.98,0,0,0
ORD01529,CUST0155,Enterprise,WH_SOUTH,Standard,Office Supplies,1222.83,2026-03-26 13:32:00,2026-04-04 06:30:00,208.97,1,0,0
ORD01530,CUST0197,SMB,WH_NORTH,Express,Office Supplies,738.27,2026-04-26 08:57:00,2026-05-02 15:13:00,150.27,0,1,1
ORD01531,CUST0459,Retail,WH_WEST,Express,Electronics,2023.75,2026-05-23 15:48:00,2026-05-31 06:16:00,182.47,1,0,0
ORD01532,CUST0693,Enterprise,WH_SOUTH,Priority,Industrial,439.33,2026-03-02 08:14:00,2026-03-06 07:09:00,94.92,0,0,0
ORD01533,CUST0556,Retail,WH_EAST,Standard,Office Supplies,2341.47,2026-03-19 15:46:00,2026-03-27 13:54:00,190.13,1,0,0
ORD01534,CUST0838,SMB,WH_EAST,Express,Electronics,1606.67,2026-01-27 09:03:00,2026-02-04 08:23:00,191.33,1,0,0
ORD01535,CUST0156,SMB,WH_SOUTH,Priority,Office Supplies,1245.35,2026-02-23 12:32:00,2026-03-01 22:12:00,153.67,0,0,0
ORD01536,CUST0542,Retail,WH_EAST,Express,Electronics,504.84,2026-04-22 14:46:00,2026-05-01 04:20:00,205.57,1,0,0
ORD01537,CUST0905,SMB,WH_WEST,Express,Office Supplies,2726.79,2026-04-06 15:02:00,2026-04-14 16:24:00,193.37,1,0,0
ORD01538,CUST0072,Enterprise,WH_NORTH,Express,Furniture,1180.67,2026-04-02 09:08:00,2026-04-07 12:19:00,123.18,0,0,0
ORD01539,CUST0807,Enterprise,WH_SOUTH,Priority,Office Supplies,709.15,2026-02-28 12:17:00,2026-03-07 11:24:00,167.12,0,0,0
ORD01540,CUST0196,SMB,WH_EAST,Priority,Industrial,181.67,2026-03-24 10:38:00,2026-04-01 15:29:00,196.85,1,0,1
ORD01541,CUST0799,Enterprise,WH_EAST,Standard,Electronics,1768.68,2026-05-29 16:50:00,2026-06-08 13:47:00,236.95,1,0,0
ORD01542,CUST0820,SMB,WH_NORTH,Priority,Industrial,7463.66,2026-05-21 16:40:00,2026-05-24 09:55:00,65.25,0,0,1
ORD01543,CUST0924,Retail,WH_NORTH,Priority,Clothing,6829.5,2026-05-24 14:26:00,2026-06-01 07:50:00,185.4,1,0,0
ORD01544,CUST0208,SMB,WH_NORTH,Standard,Clothing,1254.29,2026-05-26 13:51:00,2026-06-01 16:57:00,147.1,0,0,0
ORD01545,CUST0200,Retail,WH_SOUTH,Priority,Office Supplies,1116.81,2026-01-02 15:00:00,2026-01-06 08:19:00,89.32,0,1,0
ORD01546,CUST0698,Retail,WH_SOUTH,Priority,Electronics,2630.74,2026-01-22 15:23:00,2026-01-27 12:06:00,116.72,0,0,0
ORD01547,CUST0416,Enterprise,WH_WEST,Express,Clothing,813.46,2026-06-16 08:49:00,2026-06-25 20:15:00,227.43,1,0,0
ORD01548,CUST0753,Enterprise,WH_SOUTH,Standard,Office Supplies,2301.77,2026-04-06 16:31:00,2026-04-12 16:20:00,143.82,0,0,0
ORD01549,CUST0138,SMB,WH_WEST,Standard,Clothing,3337.12,2026-06-19 16:21:00,2026-06-25 13:04:00,140.72,0,0,1
ORD01550,CUST0359,Retail,WH_NORTH,Standard,Electronics,4824.91,2026-01-31 16:09:00,2026-02-09 14:01:00,213.87,1,0,0
ORD01551,CUST0600,Retail,WH_EAST,Standard,Office Supplies,1668.83,2026-01-27 13:34:00,2026-02-06 15:50:00,242.27,1,0,0
ORD01552,CUST0343,SMB,WH_WEST,Priority,Electronics,1536.19,2026-03-21 10:19:00,2026-03-26 04:10:00,113.85,0,0,0
ORD01553,CUST0710,Enterprise,WH_NORTH,Express,Office Supplies,895.71,2026-05-01 15:15:00,2026-05-10 06:12:00,206.95,1,0,0
ORD01554,CUST0638,Retail,WH_WEST,Express,Furniture,933.08,2026-06-04 14:23:00,2026-06-08 03:38:00,85.25,0,0,0
ORD01555,CUST0782,SMB,WH_SOUTH,Priority,Electronics,1508.42,2026-06-14 12:08:00,2026-06-17 10:52:00,70.73,0,0,0
ORD01556,CUST0430,SMB,WH_EAST,Standard,Industrial,2425.74,2026-04-17 10:18:00,2026-04-23 03:20:00,137.03,0,0,0
ORD01557,CUST0736,Retail,WH_EAST,Standard,Electronics,3755.09,2026-06-23 13:09:00,2026-06-28 12:17:00,119.13,0,1,0
ORD01558,CUST0535,Enterprise,WH_EAST,Priority,Furniture,950.95,2026-02-25 13:39:00,2026-03-08 03:47:00,254.13,1,0,0
ORD01559,CUST0807,Enterprise,WH_WEST,Express,Furniture,5967.9,2026-06-02 08:50:00,2026-06-07 19:52:00,131.03,0,0,0
ORD01560,CUST0039,SMB,WH_NORTH,Express,Industrial,1455.49,2026-04-15 09:55:00,2026-04-18 16:39:00,78.73,0,0,0
ORD01561,CUST0732,Enterprise,WH_EAST,Priority,Furniture,1777.4,2026-02-01 14:39:00,2026-02-09 14:25:00,191.77,1,0,0
ORD01562,CUST0410,SMB,WH_NORTH,Express,Furniture,994.49,2026-06-21 17:55:00,2026-06-29 23:22:00,197.45,1,0,0
ORD01563,CUST0101,Enterprise,WH_SOUTH,Standard,Industrial,259.98,2026-03-01 12:21:00,2026-03-11 05:50:00,233.48,1,1,0
ORD01564,CUST0732,Enterprise,WH_WEST,Standard,Furniture,3667.39,2026-02-28 13:02:00,2026-03-08 11:02:00,190.0,1,1,0
ORD01565,CUST0979,Retail,WH_EAST,Priority,Electronics,3259.98,2026-03-11 10:09:00,2026-03-16 13:04:00,122.92,0,0,1
ORD01566,CUST0523,SMB,WH_NORTH,Priority,Electronics,1443.66,2026-05-31 09:54:00,2026-06-03 11:04:00,73.17,0,0,0
ORD01567,CUST0632,Enterprise,WH_WEST,Express,Industrial,1907.58,2026-03-22 13:31:00,2026-03-30 08:23:00,186.87,1,0,0
ORD01568,CUST0763,Enterprise,WH_WEST,Standard,Office Supplies,2731.9,2026-06-18 13:57:00,2026-06-29 03:46:00,253.82,1,0,0
ORD01569,CUST0829,Retail,WH_EAST,Priority,Industrial,517.99,2026-06-02 15:29:00,2026-06-05 08:02:00,64.55,0,0,0
ORD01570,CUST0939,SMB,WH_EAST,Priority,Electronics,1184.12,2026-01-13 11:38:00,2026-01-18 05:00:00,113.37,0,0,0
ORD01571,CUST0569,SMB,WH_NORTH,Priority,Industrial,3413.22,2026-05-18 13:05:00,2026-05-22 13:30:00,96.42,0,0,0
ORD01572,CUST0390,Enterprise,WH_WEST,Priority,Electronics,662.86,2026-01-04 15:09:00,2026-01-13 03:27:00,204.3,1,0,0
ORD01573,CUST0019,Retail,WH_WEST,Standard,Electronics,2286.66,2026-05-17 11:03:00,2026-05-23 20:25:00,153.37,0,0,0
ORD01574,CUST0422,Enterprise,WH_WEST,Express,Industrial,610.78,2026-05-04 12:36:00,2026-05-13 14:51:00,218.25,1,0,0
ORD01575,CUST0363,Enterprise,WH_WEST,Express,Office Supplies,2625.81,2026-04-04 14:13:00,2026-04-13 11:29:00,213.27,1,0,0
ORD01576,CUST0777,Enterprise,WH_SOUTH,Express,Industrial,1757.22,2026-05-04 11:01:00,2026-05-13 03:41:00,208.67,1,0,0
ORD01577,CUST0013,Enterprise,WH_NORTH,Express,Electronics,496.65,2026-02-05 13:52:00,2026-02-16 10:44:00,260.87,1,0,0
ORD01578,CUST0647,Enterprise,WH_WEST,Priority,Office Supplies,4590.72,2026-05-03 10:19:00,2026-05-10 17:16:00,174.95,1,0,0
ORD01579,CUST0162,Retail,WH_EAST,Standard,Electronics,1004.58,2026-05-06 12:06:00,2026-05-12 05:54:00,137.8,0,0,0
ORD01580,CUST0535,Enterprise,WH_WEST,Standard,Clothing,945.58,2026-02-09 15:49:00,2026-02-22 03:01:00,299.2,1,1,1
ORD01581,CUST0578,SMB,WH_NORTH,Standard,Office Supplies,2122.72,2026-06-11 10:49:00,2026-06-16 01:31:00,110.7,0,0,0
ORD01582,CUST0500,SMB,WH_EAST,Express,Office Supplies,4531.96,2026-01-09 17:35:00,2026-01-12 22:03:00,76.47,0,0,0
ORD01583,CUST0149,SMB,WH_SOUTH,Priority,Office Supplies,802.19,2026-02-08 12:34:00,2026-02-11 03:39:00,63.08,0,0,0
ORD01584,CUST0232,Enterprise,WH_NORTH,Priority,Electronics,1899.5,2026-06-28 10:24:00,2026-07-01 10:31:00,72.12,0,0,0
ORD01585,CUST0271,Enterprise,WH_WEST,Priority,Office Supplies,2547.97,2026-02-01 09:52:00,2026-02-11 10:57:00,241.08,1,0,0
ORD01586,CUST0574,SMB,WH_SOUTH,Standard,Electronics,3147.88,2026-02-26 12:05:00,2026-03-06 20:23:00,200.3,1,0,0
ORD01587,CUST0944,Retail,WH_NORTH,Priority,Furniture,2082.14,2026-02-10 13:40:00,2026-02-15 20:38:00,126.97,0,0,0
ORD01588,CUST0812,SMB,WH_NORTH,Express,Electronics,1348.0,2026-03-17 16:29:00,2026-03-21 20:32:00,100.05,0,1,0
ORD01589,CUST0970,SMB,WH_SOUTH,Express,Industrial,932.55,2026-06-03 12:50:00,2026-06-06 09:43:00,68.88,0,0,0
ORD01590,CUST0619,Enterprise,WH_SOUTH,Priority,Electronics,1937.04,2026-02-28 14:47:00,2026-03-10 00:36:00,225.82,1,0,0
ORD01591,CUST0360,Enterprise,WH_SOUTH,Priority,Office Supplies,766.85,2026-01-12 13:31:00,2026-01-20 00:49:00,179.3,1,1,0
ORD01592,CUST0398,Enterprise,WH_EAST,Standard,Clothing,174.67,2026-04-23 12:33:00,2026-05-03 02:25:00,229.87,1,0,0
ORD01593,CUST0920,SMB,WH_SOUTH,Standard,Electronics,2563.81,2026-01-14 15:51:00,2026-01-20 15:28:00,143.62,0,0,0
ORD01594,CUST0829,Enterprise,WH_SOUTH,Express,Office Supplies,3726.21,2026-01-27 09:59:00,2026-02-03 02:34:00,160.58,0,0,0
ORD01595,CUST0301,SMB,WH_NORTH,Express,Office Supplies,273.05,2026-04-19 15:17:00,2026-04-24 15:56:00,120.65,0,0,0
ORD01596,CUST0235,SMB,WH_NORTH,Priority,Electronics,806.11,2026-02-24 11:23:00,2026-03-01 04:44:00,113.35,0,0,0
ORD01597,CUST0737,Retail,WH_WEST,Standard,Office Supplies,2967.05,2026-05-03 15:15:00,2026-05-09 10:22:00,139.12,0,0,0
ORD01598,CUST0812,Retail,WH_EAST,Express,Clothing,9376.82,2026-06-19 11:53:00,2026-06-24 06:19:00,114.43,0,0,0
ORD01599,CUST0811,SMB,WH_NORTH,Priority,Industrial,1838.37,2026-04-23 08:27:00,2026-04-26 14:50:00,78.38,0,0,0
ORD01600,CUST0398,SMB,WH_SOUTH,Standard,Industrial,1009.89,2026-06-28 17:35:00,2026-07-03 04:29:00,106.9,0,0,0
ORD01601,CUST0962,Retail,WH_EAST,Priority,Clothing,1561.94,2026-04-03 15:00:00,2026-04-07 19:12:00,100.2,0,0,0
ORD01602,CUST0371,Enterprise,WH_EAST,Priority,Electronics,5431.12,2026-03-26 08:39:00,2026-04-01 12:22:00,147.72,0,1,0
ORD01603,CUST0471,Retail,WH_SOUTH,Express,Clothing,1078.39,2026-06-09 16:05:00,2026-06-16 14:41:00,166.6,0,0,1
ORD01604,CUST0853,Retail,WH_NORTH,Priority,Office Supplies,953.98,2026-04-14 15:08:00,2026-04-21 21:28:00,174.33,1,1,0
ORD01605,CUST0877,SMB,WH_EAST,Priority,Industrial,1228.81,2026-01-18 17:08:00,2026-01-25 19:15:00,170.12,1,0,0
ORD01606,CUST0842,Enterprise,WH_EAST,Express,Industrial,843.31,2026-01-17 11:53:00,2026-01-22 20:44:00,128.85,0,0,0
ORD01607,CUST0868,SMB,WH_WEST,Express,Electronics,1994.48,2026-03-04 10:14:00,2026-03-11 23:45:00,181.52,1,0,0
ORD01608,CUST0825,Enterprise,WH_WEST,Standard,Industrial,6632.54,2026-06-04 11:29:00,2026-06-13 04:48:00,209.32,1,0,0
ORD01609,CUST0786,Retail,WH_WEST,Standard,Electronics,2341.3,2026-01-20 12:50:00,2026-01-30 03:49:00,230.98,1,1,0
ORD01610,CUST0609,Retail,WH_NORTH,Express,Furniture,1477.52,2026-05-04 16:30:00,2026-05-09 02:35:00,106.08,0,0,0
ORD01611,CUST0120,Enterprise,WH_WEST,Priority,Industrial,1431.6,2026-04-12 08:13:00,2026-04-23 08:12:00,263.98,1,0,0
ORD01612,CUST0201,SMB,WH_EAST,Priority,Clothing,517.73,2026-03-30 09:36:00,2026-04-07 02:42:00,185.1,1,0,1
ORD01613,CUST0152,SMB,WH_EAST,Priority,Industrial,3664.65,2026-04-21 09:06:00,2026-04-27 15:41:00,150.58,0,0,0
ORD01614,CUST0980,Enterprise,WH_SOUTH,Priority,Office Supplies,1698.89,2026-06-29 10:36:00,2026-07-11 00:05:00,277.48,1,0,0
ORD01615,CUST0208,Enterprise,WH_NORTH,Priority,Industrial,1564.96,2026-02-28 14:22:00,2026-03-09 18:02:00,219.67,1,0,1
ORD01616,CUST0850,SMB,WH_NORTH,Priority,Furniture,23259.9,2026-05-06 17:44:00,2026-05-13 00:27:00,150.72,0,0,1
ORD01617,CUST0907,Enterprise,WH_NORTH,Priority,Electronics,2296.18,2026-06-08 12:44:00,2026-06-12 10:19:00,93.58,0,0,0
ORD01618,CUST0247,Enterprise,WH_EAST,Standard,Office Supplies,990.85,2026-03-01 08:45:00,2026-03-09 13:25:00,196.67,1,0,0
ORD01619,CUST0115,Retail,WH_WEST,Express,Furniture,1285.51,2026-02-01 14:53:00,2026-02-06 21:15:00,126.37,0,0,0
ORD01620,CUST0066,SMB,WH_NORTH,Standard,Industrial,4531.27,2026-04-11 12:37:00,2026-04-19 14:41:00,194.07,1,1,0
ORD01621,CUST0307,Retail,WH_SOUTH,Express,Furniture,1979.53,2026-05-13 08:37:00,2026-05-18 10:21:00,121.73,0,1,0
ORD01622,CUST0126,Enterprise,WH_EAST,Priority,Clothing,572.14,2026-04-06 10:44:00,2026-04-13 18:16:00,175.53,1,0,0
ORD01623,CUST0359,Retail,WH_EAST,Standard,Clothing,3772.08,2026-05-08 14:11:00,2026-05-17 03:22:00,205.18,1,0,0
ORD01624,CUST0855,SMB,WH_SOUTH,Express,Office Supplies,1059.43,2026-05-22 16:11:00,2026-05-30 11:53:00,187.7,1,0,0
ORD01625,CUST0008,Enterprise,WH_WEST,Priority,Industrial,8092.06,2026-01-18 12:52:00,2026-01-29 15:05:00,266.22,1,0,0
ORD01626,CUST0417,SMB,WH_WEST,Express,Industrial,4289.98,2026-06-03 17:54:00,2026-06-11 04:58:00,179.07,1,0,0
ORD01627,CUST0896,SMB,WH_EAST,Priority,Electronics,1264.13,2026-01-23 14:00:00,2026-01-26 23:59:00,81.98,0,0,0
ORD01628,CUST0796,Enterprise,WH_SOUTH,Express,Office Supplies,5038.25,2026-06-02 14:03:00,2026-06-07 21:49:00,127.77,0,0,0
ORD01629,CUST0704,SMB,WH_WEST,Express,Electronics,1908.9,2026-01-30 11:46:00,2026-02-04 23:42:00,131.93,0,0,0
ORD01630,CUST0217,Retail,WH_WEST,Priority,Office Supplies,3576.78,2026-06-23 13:56:00,2026-06-28 15:59:00,122.05,0,0,0
ORD01631,CUST0795,Retail,WH_SOUTH,Express,Industrial,2664.54,2026-06-28 11:03:00,2026-07-04 21:05:00,154.03,0,1,0
ORD01632,CUST0321,Retail,WH_WEST,Priority,Clothing,918.66,2026-03-21 12:07:00,2026-03-28 17:44:00,173.62,1,0,0
ORD01633,CUST0851,Retail,WH_EAST,Standard,Industrial,1080.48,2026-01-08 12:15:00,2026-01-19 00:12:00,251.95,1,0,0
ORD01634,CUST0876,SMB,WH_EAST,Priority,Furniture,4121.48,2026-06-22 15:21:00,2026-06-30 09:18:00,185.95,1,1,0
ORD01635,CUST0668,Retail,WH_NORTH,Express,Industrial,1383.23,2026-04-10 09:56:00,2026-04-14 20:45:00,106.82,0,0,0
ORD01636,CUST0153,Enterprise,WH_SOUTH,Priority,Office Supplies,1309.08,2026-03-24 12:00:00,2026-03-28 08:26:00,92.43,0,0,0
ORD01637,CUST0953,SMB,WH_WEST,Standard,Furniture,842.1,2026-04-28 11:20:00,2026-05-07 04:02:00,208.7,1,0,0
ORD01638,CUST0077,SMB,WH_EAST,Priority,Clothing,2537.36,2026-01-09 17:15:00,2026-01-12 22:58:00,77.72,0,0,0
ORD01639,CUST0482,Enterprise,WH_EAST,Standard,Industrial,9414.63,2026-03-21 12:59:00,2026-03-28 23:36:00,178.62,1,0,0
ORD01640,CUST0333,SMB,WH_NORTH,Priority,Industrial,769.68,2026-01-27 10:10:00,2026-01-29 15:18:00,53.13,0,0,0
ORD01641,CUST0960,SMB,WH_EAST,Express,Clothing,1843.42,2026-03-29 17:21:00,2026-04-04 00:27:00,127.1,0,0,0
ORD01642,CUST0238,SMB,WH_SOUTH,Express,Furniture,5595.83,2026-05-28 17:03:00,2026-05-31 23:27:00,78.4,0,1,0
ORD01643,CUST0189,Enterprise,WH_SOUTH,Standard,Office Supplies,1696.44,2026-04-24 13:21:00,2026-04-29 01:51:00,108.5,0,0,0
ORD01644,CUST0213,SMB,WH_SOUTH,Express,Office Supplies,2596.44,2026-01-09 15:27:00,2026-01-14 14:53:00,119.43,0,0,0
ORD01645,CUST0603,Retail,WH_NORTH,Priority,Furniture,772.85,2026-05-28 14:50:00,2026-06-04 05:44:00,158.9,0,0,0
ORD01646,CUST0044,Retail,WH_NORTH,Standard,Furniture,2546.93,2026-05-11 11:41:00,2026-05-20 23:15:00,227.57,1,0,0
ORD01647,CUST0809,Retail,WH_SOUTH,Standard,Electronics,1556.64,2026-04-13 11:09:00,2026-04-22 11:00:00,215.85,1,0,0
ORD01648,CUST0721,SMB,WH_WEST,Priority,Office Supplies,3978.2,2026-03-24 10:47:00,2026-04-01 10:24:00,191.62,1,0,0
ORD01649,CUST0182,SMB,WH_EAST,Standard,Industrial,4674.65,2026-05-21 15:44:00,2026-05-27 12:32:00,140.8,0,0,1
ORD01650,CUST0445,Enterprise,WH_NORTH,Priority,Office Supplies,14352.09,2026-05-09 17:29:00,2026-05-17 06:57:00,181.47,1,0,0
ORD01651,CUST0123,Enterprise,WH_WEST,Standard,Clothing,2874.71,2026-02-20 15:04:00,2026-02-28 14:49:00,191.75,1,1,0
ORD01652,CUST0148,Retail,WH_WEST,Priority,Furniture,2346.4,2026-02-01 10:48:00,2026-02-03 17:45:00,54.95,0,0,0
ORD01653,CUST0087,Retail,WH_NORTH,Priority,Clothing,2112.25,2026-05-23 08:33:00,2026-05-29 22:48:00,158.25,0,0,0
ORD01654,CUST0175,SMB,WH_NORTH,Express,Electronics,1363.03,2026-01-15 15:52:00,2026-01-20 01:25:00,105.55,0,0,0
ORD01655,CUST0664,SMB,WH_EAST,Standard,Electronics,2370.34,2026-03-25 09:05:00,2026-03-29 00:29:00,87.4,0,0,1
ORD01656,CUST0153,Retail,WH_EAST,Express,Office Supplies,1427.5,2026-05-02 10:43:00,2026-05-10 12:00:00,193.28,1,0,0
ORD01657,CUST0691,Retail,WH_EAST,Standard,Office Supplies,2068.89,2026-04-19 13:38:00,2026-04-27 07:43:00,186.08,1,0,0
ORD01658,CUST0086,SMB,WH_WEST,Standard,Clothing,5187.87,2026-02-24 15:18:00,2026-03-05 04:08:00,204.83,1,1,0
ORD01659,CUST0786,Retail,WH_NORTH,Express,Clothing,808.16,2026-05-08 09:51:00,2026-05-11 21:57:00,84.1,0,0,0
ORD01660,CUST0282,Retail,WH_EAST,Priority,Electronics,4500.32,2026-05-12 08:13:00,2026-05-19 09:42:00,169.48,1,0,0
ORD01661,CUST0215,SMB,WH_SOUTH,Express,Furniture,5185.87,2026-03-23 10:28:00,2026-03-27 09:25:00,94.95,0,1,0
ORD01662,CUST0986,SMB,WH_EAST,Priority,Industrial,1645.08,2026-05-11 17:35:00,2026-05-19 08:00:00,182.42,1,0,0
ORD01663,CUST0741,Retail,WH_SOUTH,Express,Office Supplies,331.13,2026-01-03 08:56:00,2026-01-10 03:12:00,162.27,0,0,0
ORD01664,CUST0872,SMB,WH_EAST,Priority,Furniture,1111.81,2026-05-28 16:55:00,2026-06-03 08:59:00,136.07,0,0,0
ORD01665,CUST0396,SMB,WH_NORTH,Standard,Office Supplies,5103.06,2026-03-05 15:06:00,2026-03-15 05:26:00,230.33,1,0,0
ORD01666,CUST0345,SMB,WH_NORTH,Express,Furniture,1775.27,2026-06-09 10:27:00,2026-06-16 03:42:00,161.25,0,0,0
ORD01667,CUST0301,SMB,WH_EAST,Priority,Clothing,812.86,2026-04-26 12:04:00,2026-05-04 06:06:00,186.03,1,1,0
ORD01668,CUST0187,SMB,WH_WEST,Priority,Electronics,1207.35,2026-06-28 17:13:00,2026-07-03 16:26:00,119.22,0,0,0
ORD01669,CUST0433,SMB,WH_EAST,Standard,Electronics,3542.17,2026-04-03 14:35:00,2026-04-09 08:15:00,137.67,0,0,0
ORD01670,CUST0531,SMB,WH_NORTH,Standard,Electronics,2800.03,2026-04-07 08:08:00,2026-04-16 14:13:00,222.08,1,0,0
ORD01671,CUST0651,SMB,WH_SOUTH,Express,Industrial,1493.47,2026-04-01 14:12:00,2026-04-04 06:44:00,64.53,0,0,0
ORD01672,CUST0928,SMB,WH_WEST,Standard,Clothing,1348.22,2026-06-28 12:22:00,2026-07-08 02:09:00,229.78,1,0,0
ORD01673,CUST0181,Enterprise,WH_EAST,Standard,Furniture,1321.59,2026-06-19 16:45:00,2026-06-29 05:37:00,228.87,1,1,0
ORD01674,CUST0905,SMB,WH_NORTH,Standard,Electronics,864.43,2026-03-04 09:42:00,2026-03-12 13:46:00,196.07,1,0,0
ORD01675,CUST0968,Retail,WH_WEST,Express,Clothing,6583.36,2026-02-02 15:59:00,2026-02-10 13:46:00,189.78,1,0,0
ORD01676,CUST0757,Enterprise,WH_WEST,Priority,Furniture,1397.09,2026-02-08 08:32:00,2026-02-16 11:28:00,194.93,1,0,0
ORD01677,CUST0492,SMB,WH_SOUTH,Express,Furniture,4787.32,2026-02-19 10:54:00,2026-02-23 06:16:00,91.37,0,0,1
ORD01678,CUST0965,SMB,WH_SOUTH,Standard,Furniture,6106.16,2026-02-13 16:22:00,2026-02-20 08:09:00,159.78,0,0,0
ORD01679,CUST0298,Retail,WH_WEST,Priority,Furniture,4018.44,2026-05-29 15:57:00,2026-06-05 12:55:00,164.97,0,0,0
ORD01680,CUST0891,Enterprise,WH_WEST,Priority,Industrial,1280.11,2026-03-29 14:38:00,2026-04-02 10:09:00,91.52,0,0,0
ORD01681,CUST0291,SMB,WH_EAST,Priority,Industrial,2497.35,2026-06-26 15:01:00,2026-07-03 13:36:00,166.58,0,0,0
ORD01682,CUST0282,SMB,WH_NORTH,Express,Electronics,1773.38,2026-06-12 16:38:00,2026-06-20 15:36:00,190.97,1,1,0
ORD01683,CUST0511,SMB,WH_NORTH,Standard,Office Supplies,877.47,2026-02-27 11:22:00,2026-03-06 11:52:00,168.5,1,0,0
ORD01684,CUST0839,Enterprise,WH_SOUTH,Express,Clothing,2343.7,2026-02-20 13:25:00,2026-03-01 21:36:00,224.18,1,0,1
ORD01685,CUST0984,SMB,WH_WEST,Priority,Clothing,703.99,2026-06-06 17:23:00,2026-06-09 16:27:00,71.07,0,0,0
ORD01686,CUST0454,SMB,WH_NORTH,Priority,Clothing,4675.74,2026-03-15 09:35:00,2026-03-18 04:31:00,66.93,0,0,0
ORD01687,CUST0966,Retail,WH_WEST,Priority,Office Supplies,1246.76,2026-02-11 09:25:00,2026-02-16 02:58:00,113.55,0,1,0
ORD01688,CUST0809,SMB,WH_SOUTH,Priority,Industrial,2123.73,2026-06-09 12:29:00,2026-06-12 14:16:00,73.78,0,0,0
ORD01689,CUST0805,Retail,WH_SOUTH,Express,Clothing,2267.95,2026-01-03 10:37:00,2026-01-07 23:07:00,108.5,0,0,0
ORD01690,CUST0363,Retail,WH_WEST,Express,Office Supplies,1469.79,2026-05-26 08:45:00,2026-06-01 17:25:00,152.67,0,0,0
ORD01691,CUST0417,Enterprise,WH_NORTH,Priority,Office Supplies,2890.99,2026-01-23 09:13:00,2026-01-30 12:49:00,171.6,1,0,0
ORD01692,CUST0438,Enterprise,WH_WEST,Standard,Industrial,1236.55,2026-03-03 12:52:00,2026-03-08 13:25:00,120.55,0,1,0
ORD01693,CUST0633,Retail,WH_NORTH,Priority,Office Supplies,3630.18,2026-01-18 17:24:00,2026-01-22 10:42:00,89.3,0,0,0
ORD01694,CUST0072,Enterprise,WH_SOUTH,Express,Industrial,615.98,2026-05-24 11:06:00,2026-05-28 00:42:00,85.6,0,0,0
ORD01695,CUST0708,Retail,WH_NORTH,Standard,Office Supplies,2000.4,2026-05-03 12:02:00,2026-05-14 04:31:00,256.48,1,1,1
ORD01696,CUST0079,Retail,WH_EAST,Express,Industrial,8528.28,2026-03-30 08:52:00,2026-04-03 22:47:00,109.92,0,0,0
ORD01697,CUST0121,Enterprise,WH_WEST,Standard,Industrial,812.19,2026-06-14 16:46:00,2026-06-21 01:03:00,152.28,0,0,0
ORD01698,CUST0354,SMB,WH_EAST,Priority,Industrial,1051.32,2026-04-12 17:15:00,2026-04-19 03:11:00,153.93,0,0,1
ORD01699,CUST0672,Retail,WH_NORTH,Express,Furniture,2727.46,2026-03-05 10:13:00,2026-03-14 01:01:00,206.8,1,0,0
ORD01700,CUST0566,Retail,WH_SOUTH,Priority,Furniture,2087.38,2026-03-04 15:21:00,2026-03-11 02:04:00,154.72,0,0,0
ORD01701,CUST0564,Retail,WH_EAST,Express,Clothing,2393.48,2026-03-22 09:13:00,2026-03-27 04:07:00,114.9,0,0,0
ORD01702,CUST0561,Enterprise,WH_WEST,Express,Office Supplies,2674.05,2026-06-12 11:09:00,2026-06-21 00:05:00,204.93,1,0,0
ORD01703,CUST0442,Retail,WH_WEST,Express,Electronics,3004.23,2026-04-11 11:31:00,2026-04-15 03:02:00,87.52,0,0,0
ORD01704,CUST0267,Retail,WH_EAST,Express,Electronics,4392.97,2026-05-12 09:07:00,2026-05-15 10:58:00,73.85,0,0,0
ORD01705,CUST0425,Enterprise,WH_WEST,Standard,Clothing,2509.54,2026-04-09 08:55:00,2026-04-17 12:11:00,195.27,1,1,0
ORD01706,CUST0760,Retail,WH_WEST,Standard,Industrial,1490.69,2026-05-10 12:59:00,2026-05-19 01:20:00,204.35,1,0,0
ORD01707,CUST0691,SMB,WH_WEST,Standard,Electronics,3096.6,2026-03-01 08:54:00,2026-03-09 21:10:00,204.27,1,0,0
ORD01708,CUST0929,Retail,WH_EAST,Standard,Electronics,8266.0,2026-06-16 15:47:00,2026-06-24 00:11:00,176.4,1,0,0
ORD01709,CUST0265,Retail,WH_NORTH,Priority,Office Supplies,1626.02,2026-01-22 14:43:00,2026-01-27 16:09:00,121.43,0,0,0
ORD01710,CUST0576,Enterprise,WH_EAST,Priority,Industrial,829.13,2026-04-29 08:00:00,2026-05-07 01:38:00,185.63,1,0,0
ORD01711,CUST0439,SMB,WH_EAST,Standard,Electronics,4383.77,2026-06-28 15:53:00,2026-07-05 09:23:00,161.5,0,0,0
ORD01712,CUST0314,Retail,WH_WEST,Priority,Clothing,1642.04,2026-06-28 13:37:00,2026-07-06 18:48:00,197.18,1,0,0
ORD01713,CUST0621,Retail,WH_WEST,Standard,Electronics,317.94,2026-01-14 09:28:00,2026-01-18 19:08:00,105.67,0,0,0
ORD01714,CUST0877,Retail,WH_EAST,Express,Office Supplies,3561.5,2026-03-14 09:44:00,2026-03-18 15:47:00,102.05,0,0,0
ORD01715,CUST0691,Retail,WH_WEST,Express,Industrial,1178.19,2026-06-18 15:36:00,2026-06-26 15:44:00,192.13,1,0,0
ORD01716,CUST0099,SMB,WH_NORTH,Priority,Office Supplies,1681.72,2026-02-03 09:53:00,2026-02-10 02:50:00,160.95,0,0,0
ORD01717,CUST0123,SMB,WH_NORTH,Express,Clothing,2358.04,2026-03-07 14:45:00,2026-03-13 20:08:00,149.38,0,0,0
ORD01718,CUST0177,SMB,WH_EAST,Standard,Office Supplies,2105.69,2026-05-20 13:45:00,2026-05-25 03:16:00,109.52,0,0,0
ORD01719,CUST0349,Enterprise,WH_SOUTH,Express,Electronics,3189.32,2026-02-10 09:48:00,2026-02-20 09:27:00,239.65,1,0,0
ORD01720,CUST0422,Enterprise,WH_NORTH,Priority,Industrial,1276.16,2026-04-03 11:35:00,2026-04-10 17:00:00,173.42,1,0,0
ORD01721,CUST0852,SMB,WH_NORTH,Standard,Furniture,2725.71,2026-05-05 16:49:00,2026-05-09 17:00:00,96.18,0,0,0
ORD01722,CUST0585,SMB,WH_SOUTH,Priority,Clothing,1469.04,2026-06-02 10:43:00,2026-06-05 15:33:00,76.83,0,0,0
ORD01723,CUST0873,SMB,WH_WEST,Priority,Clothing,3265.11,2026-03-29 14:20:00,2026-04-03 15:48:00,121.47,0,0,0
ORD01724,CUST0511,Retail,WH_WEST,Express,Electronics,2958.07,2026-01-11 11:19:00,2026-01-18 04:10:00,160.85,0,0,0
ORD01725,CUST0680,SMB,WH_EAST,Standard,Clothing,855.47,2026-04-24 11:15:00,2026-05-03 00:38:00,205.38,1,0,0
ORD01726,CUST0528,Enterprise,WH_EAST,Priority,Furniture,4310.4,2026-03-11 15:25:00,2026-03-22 17:09:00,265.73,1,0,0
ORD01727,CUST0954,Enterprise,WH_SOUTH,Standard,Industrial,1177.59,2026-04-22 11:13:00,2026-04-29 07:11:00,163.97,0,0,0
ORD01728,CUST0346,Enterprise,WH_SOUTH,Standard,Furniture,3451.09,2026-02-28 15:52:00,2026-03-07 16:55:00,169.05,1,1,0
ORD01729,CUST0239,Retail,WH_SOUTH,Standard,Office Supplies,2425.59,2026-05-12 11:34:00,2026-05-19 14:42:00,171.13,1,0,0
ORD01730,CUST0451,Retail,WH_NORTH,Priority,Clothing,7867.9,2026-06-25 09:30:00,2026-06-29 20:13:00,106.72,0,0,1
ORD01731,CUST0099,SMB,WH_EAST,Priority,Office Supplies,1512.06,2026-02-26 15:39:00,2026-03-05 02:10:00,154.52,0,0,0
ORD01732,CUST0632,SMB,WH_SOUTH,Priority,Furniture,1367.24,2026-05-15 16:13:00,2026-05-21 09:52:00,137.65,0,1,0
ORD01733,CUST0083,Enterprise,WH_EAST,Standard,Furniture,1780.17,2026-01-25 17:32:00,2026-02-05 16:53:00,263.35,1,0,0
ORD01734,CUST0654,SMB,WH_NORTH,Priority,Industrial,1418.64,2026-02-27 12:31:00,2026-03-03 10:34:00,94.05,0,1,0
ORD01735,CUST0912,Enterprise,WH_NORTH,Priority,Clothing,3428.76,2026-02-17 12:09:00,2026-02-26 06:20:00,210.18,1,1,0
ORD01736,CUST0611,Retail,WH_EAST,Express,Office Supplies,496.19,2026-03-15 08:12:00,2026-03-23 16:22:00,200.17,1,0,0
ORD01737,CUST0223,Enterprise,WH_NORTH,Standard,Electronics,778.25,2026-01-05 10:47:00,2026-01-13 05:10:00,186.38,1,0,0
ORD01738,CUST0970,SMB,WH_SOUTH,Priority,Industrial,769.51,2026-03-10 17:13:00,2026-03-19 01:04:00,199.85,1,0,1
ORD01739,CUST0442,Retail,WH_WEST,Priority,Electronics,3867.05,2026-04-24 11:54:00,2026-04-30 18:00:00,150.1,0,0,0
ORD01740,CUST0629,Retail,WH_EAST,Express,Electronics,7104.55,2026-05-04 14:50:00,2026-05-08 22:36:00,103.77,0,0,0
ORD01741,CUST0015,SMB,WH_EAST,Express,Furniture,1663.1,2026-03-11 14:27:00,2026-03-18 06:48:00,160.35,0,0,0
ORD01742,CUST0134,Retail,WH_NORTH,Express,Industrial,1579.62,2026-04-22 13:58:00,2026-05-01 03:57:00,205.98,1,0,0
ORD01743,CUST0243,SMB,WH_WEST,Standard,Clothing,1912.26,2026-04-01 08:38:00,2026-04-10 15:07:00,222.48,1,0,0
ORD01744,CUST0288,Retail,WH_WEST,Priority,Furniture,4580.22,2026-03-09 11:19:00,2026-03-11 20:06:00,56.78,0,0,0
ORD01745,CUST0843,Retail,WH_SOUTH,Express,Electronics,861.02,2026-01-02 16:34:00,2026-01-05 09:07:00,64.55,0,0,0
ORD01746,CUST0218,SMB,WH_WEST,Express,Industrial,2187.9,2026-03-12 15:27:00,2026-03-19 16:26:00,168.98,1,0,0
ORD01747,CUST0716,SMB,WH_EAST,Priority,Industrial,3944.82,2026-05-09 09:40:00,2026-05-16 15:23:00,173.72,1,1,0
ORD01748,CUST0002,Enterprise,WH_NORTH,Priority,Clothing,2699.64,2026-03-22 08:49:00,2026-03-29 13:59:00,173.17,1,0,0
ORD01749,CUST0877,Enterprise,WH_WEST,Priority,Electronics,2104.15,2026-04-06 16:03:00,2026-04-14 19:31:00,195.47,1,0,0
ORD01750,CUST0098,Retail,WH_SOUTH,Express,Office Supplies,4027.24,2026-04-23 09:32:00,2026-05-01 19:44:00,202.2,1,1,1
ORD01751,CUST0941,Retail,WH_NORTH,Express,Electronics,207.97,2026-02-09 17:14:00,2026-02-13 06:23:00,85.15,0,1,0
ORD01752,CUST0967,SMB,WH_SOUTH,Priority,Electronics,3109.76,2026-05-01 15:23:00,2026-05-04 17:51:00,74.47,0,0,0
ORD01753,CUST0708,SMB,WH_SOUTH,Priority,Furniture,1071.42,2026-01-09 11:58:00,2026-01-12 15:36:00,75.63,0,0,0
ORD01754,CUST0121,Enterprise,WH_WEST,Priority,Electronics,418.01,2026-05-19 09:57:00,2026-05-30 04:36:00,258.65,1,0,0
ORD01755,CUST0595,Enterprise,WH_SOUTH,Express,Furniture,2721.56,2026-02-26 09:50:00,2026-03-05 19:45:00,177.92,1,0,0
ORD01756,CUST0585,Retail,WH_WEST,Standard,Clothing,5425.83,2026-04-02 08:22:00,2026-04-06 09:53:00,97.52,0,1,0
ORD01757,CUST0260,Retail,WH_EAST,Express,Electronics,1619.77,2026-05-19 09:44:00,2026-05-26 12:47:00,171.05,1,0,0
ORD01758,CUST0031,Enterprise,WH_WEST,Priority,Clothing,3874.99,2026-05-09 08:26:00,2026-05-19 05:27:00,237.02,1,0,0
ORD01759,CUST0146,Enterprise,WH_EAST,Express,Furniture,6567.07,2026-06-20 17:42:00,2026-06-30 10:38:00,232.93,1,0,0
ORD01760,CUST0620,Retail,WH_NORTH,Express,Furniture,5176.74,2026-01-12 09:25:00,2026-01-15 11:19:00,73.9,0,0,0
ORD01761,CUST0138,Enterprise,WH_WEST,Priority,Industrial,6714.14,2026-04-10 09:07:00,2026-04-22 07:17:00,286.17,1,0,0
ORD01762,CUST0667,Enterprise,WH_NORTH,Express,Clothing,3273.78,2026-04-07 10:53:00,2026-04-13 01:39:00,134.77,0,1,0
ORD01763,CUST0184,SMB,WH_SOUTH,Standard,Clothing,1920.51,2026-04-10 08:00:00,2026-04-17 10:54:00,170.9,1,0,0
ORD01764,CUST0979,SMB,WH_NORTH,Standard,Electronics,501.91,2026-06-10 13:58:00,2026-06-16 21:00:00,151.03,0,0,0
ORD01765,CUST0296,Enterprise,WH_SOUTH,Standard,Furniture,1484.97,2026-02-01 08:38:00,2026-02-08 05:42:00,165.07,0,0,0
ORD01766,CUST0949,Retail,WH_WEST,Standard,Clothing,920.95,2026-06-27 11:43:00,2026-07-02 03:01:00,111.3,0,0,0
ORD01767,CUST0234,Enterprise,WH_NORTH,Express,Office Supplies,10267.66,2026-05-25 16:05:00,2026-06-03 15:23:00,215.3,1,0,0
ORD01768,CUST0696,SMB,WH_EAST,Priority,Industrial,1570.72,2026-04-26 12:49:00,2026-05-01 22:56:00,130.12,0,0,0
ORD01769,CUST0303,Enterprise,WH_SOUTH,Priority,Clothing,1995.33,2026-02-21 13:07:00,2026-03-01 11:47:00,190.67,1,0,0
ORD01770,CUST0754,Retail,WH_SOUTH,Express,Furniture,2810.7,2026-01-02 12:28:00,2026-01-09 00:27:00,155.98,0,0,0
ORD01771,CUST0724,Enterprise,WH_WEST,Priority,Furniture,1872.22,2026-01-15 15:20:00,2026-01-20 03:27:00,108.12,0,0,0
ORD01772,CUST0810,Enterprise,WH_EAST,Standard,Electronics,7016.65,2026-01-04 14:05:00,2026-01-13 22:43:00,224.63,1,0,0
ORD01773,CUST0831,Retail,WH_NORTH,Express,Furniture,1098.7,2026-02-28 11:56:00,2026-03-04 22:21:00,106.42,0,0,0
ORD01774,CUST0811,Enterprise,WH_EAST,Express,Clothing,2112.62,2026-06-03 17:31:00,2026-06-11 00:10:00,174.65,1,0,0
ORD01775,CUST0971,Enterprise,WH_SOUTH,Express,Office Supplies,998.27,2026-06-01 10:31:00,2026-06-07 12:28:00,145.95,0,0,0
ORD01776,CUST0165,Enterprise,WH_SOUTH,Standard,Office Supplies,628.91,2026-03-24 12:35:00,2026-04-05 08:16:00,283.68,1,1,0
ORD01777,CUST0741,SMB,WH_WEST,Standard,Industrial,1108.3,2026-01-05 11:25:00,2026-01-11 03:15:00,135.83,0,0,0
ORD01778,CUST0124,Retail,WH_SOUTH,Priority,Office Supplies,1755.26,2026-02-02 09:37:00,2026-02-07 13:51:00,124.23,0,0,0
ORD01779,CUST0726,Retail,WH_SOUTH,Standard,Furniture,1282.49,2026-01-03 12:46:00,2026-01-10 14:21:00,169.58,1,0,0
ORD01780,CUST0557,Enterprise,WH_EAST,Standard,Furniture,1039.05,2026-02-21 12:41:00,2026-02-28 01:44:00,157.05,0,0,0
ORD01781,CUST0991,Enterprise,WH_EAST,Standard,Electronics,586.95,2026-04-10 11:29:00,2026-04-20 11:29:00,240.0,1,0,0
ORD01782,CUST0594,SMB,WH_EAST,Priority,Office Supplies,1691.74,2026-06-10 13:36:00,2026-06-18 20:39:00,199.05,1,1,0
ORD01783,CUST0182,SMB,WH_WEST,Express,Industrial,542.52,2026-05-14 15:30:00,2026-05-17 23:49:00,80.32,0,0,0
ORD01784,CUST0599,Enterprise,WH_EAST,Priority,Electronics,3321.08,2026-05-21 16:51:00,2026-05-25 04:05:00,83.23,0,0,0
ORD01785,CUST0077,Enterprise,WH_NORTH,Priority,Electronics,1931.31,2026-03-27 12:33:00,2026-03-30 09:55:00,69.37,0,0,0
ORD01786,CUST0003,Enterprise,WH_WEST,Express,Clothing,563.38,2026-04-28 17:01:00,2026-05-08 15:46:00,238.75,1,0,0
ORD01787,CUST0683,SMB,WH_SOUTH,Express,Furniture,1411.82,2026-01-10 17:43:00,2026-01-18 01:06:00,175.38,1,1,0
ORD01788,CUST0522,Retail,WH_WEST,Priority,Industrial,990.56,2026-02-10 12:58:00,2026-02-19 20:43:00,223.75,1,0,0
ORD01789,CUST0008,Enterprise,WH_NORTH,Priority,Clothing,2334.0,2026-03-20 17:06:00,2026-03-30 14:58:00,237.87,1,0,0
ORD01790,CUST0566,Enterprise,WH_WEST,Standard,Office Supplies,5283.59,2026-03-29 17:30:00,2026-04-05 02:33:00,153.05,0,0,0
ORD01791,CUST0392,Enterprise,WH_SOUTH,Express,Industrial,403.37,2026-05-07 14:56:00,2026-05-16 14:19:00,215.38,1,0,0
ORD01792,CUST0649,SMB,WH_EAST,Priority,Electronics,1982.32,2026-03-31 13:53:00,2026-04-06 21:03:00,151.17,0,0,0
ORD01793,CUST0248,SMB,WH_WEST,Standard,Office Supplies,1590.64,2026-06-15 08:35:00,2026-06-22 16:36:00,176.02,1,0,0
ORD01794,CUST0452,SMB,WH_EAST,Priority,Electronics,3093.54,2026-05-04 16:00:00,2026-05-11 05:31:00,157.52,0,0,0
ORD01795,CUST0616,SMB,WH_WEST,Priority,Office Supplies,2144.28,2026-01-11 12:51:00,2026-01-16 20:35:00,127.73,0,0,0
ORD01796,CUST0859,SMB,WH_NORTH,Standard,Electronics,990.71,2026-02-06 14:23:00,2026-02-14 23:38:00,201.25,1,0,0
ORD01797,CUST0273,SMB,WH_WEST,Priority,Electronics,1400.74,2026-03-05 11:54:00,2026-03-10 19:45:00,127.85,0,0,0
ORD01798,CUST0838,Enterprise,WH_NORTH,Standard,Electronics,956.4,2026-02-15 15:27:00,2026-02-27 04:15:00,276.8,1,1,0
ORD01799,CUST0531,Enterprise,WH_SOUTH,Standard,Industrial,4276.14,2026-01-23 12:16:00,2026-01-31 17:16:00,197.0,1,0,0
ORD01800,CUST0033,SMB,WH_SOUTH,Standard,Industrial,1839.13,2026-05-16 15:21:00,2026-05-21 11:30:00,116.15,0,1,0
ORD01801,CUST0131,SMB,WH_SOUTH,Express,Clothing,8274.66,2026-04-04 17:41:00,2026-04-12 15:14:00,189.55,1,0,0
ORD01802,CUST0010,Retail,WH_EAST,Priority,Electronics,1722.4,2026-05-06 17:04:00,2026-05-09 00:45:00,55.68,0,0,0
ORD01803,CUST0989,Retail,WH_WEST,Standard,Office Supplies,1025.85,2026-06-24 12:28:00,2026-07-01 11:12:00,166.73,0,0,0
ORD01804,CUST0707,SMB,WH_NORTH,Express,Office Supplies,538.63,2026-02-03 15:11:00,2026-02-08 23:42:00,128.52,0,0,0
ORD01805,CUST0252,SMB,WH_NORTH,Express,Office Supplies,427.3,2026-03-25 17:32:00,2026-03-30 20:08:00,122.6,0,0,0
ORD01806,CUST0191,SMB,WH_NORTH,Priority,Clothing,509.12,2026-04-22 08:54:00,2026-04-28 15:45:00,150.85,0,0,0
ORD01807,CUST0391,Enterprise,WH_SOUTH,Standard,Office Supplies,2238.81,2026-02-12 11:22:00,2026-02-22 09:10:00,237.8,1,0,0
ORD01808,CUST0947,Enterprise,WH_SOUTH,Standard,Furniture,2716.18,2026-06-10 17:22:00,2026-06-17 11:17:00,161.92,0,1,1
ORD01809,CUST0581,Enterprise,WH_SOUTH,Express,Clothing,510.32,2026-05-16 12:45:00,2026-05-24 13:49:00,193.07,1,0,0
ORD01810,CUST0243,SMB,WH_NORTH,Standard,Office Supplies,3699.79,2026-02-10 15:09:00,2026-02-18 21:39:00,198.5,1,0,0
ORD01811,CUST0190,SMB,WH_EAST,Priority,Industrial,1228.5,2026-06-25 14:49:00,2026-07-02 07:51:00,161.03,0,0,0
ORD01812,CUST0746,SMB,WH_EAST,Express,Office Supplies,2033.34,2026-04-27 14:06:00,2026-05-01 18:50:00,100.73,0,1,0
ORD01813,CUST0671,SMB,WH_EAST,Express,Clothing,6566.76,2026-01-11 11:58:00,2026-01-19 15:18:00,195.33,1,0,0
ORD01814,CUST0524,Enterprise,WH_NORTH,Priority,Furniture,3705.12,2026-06-19 10:28:00,2026-06-25 10:35:00,144.12,0,0,0
ORD01815,CUST0130,Retail,WH_SOUTH,Express,Furniture,1458.52,2026-03-15 17:51:00,2026-03-21 11:14:00,137.38,0,0,0
ORD01816,CUST0561,Retail,WH_EAST,Priority,Industrial,886.29,2026-04-29 12:59:00,2026-05-06 06:55:00,161.93,0,0,0
ORD01817,CUST0601,SMB,WH_SOUTH,Standard,Furniture,323.29,2026-04-26 14:28:00,2026-05-05 05:22:00,206.9,1,0,0
ORD01818,CUST0407,Enterprise,WH_EAST,Standard,Clothing,1017.07,2026-04-05 09:44:00,2026-04-15 04:41:00,234.95,1,0,0
ORD01819,CUST0946,Enterprise,WH_WEST,Standard,Industrial,1527.05,2026-05-23 11:13:00,2026-05-29 21:05:00,153.87,0,0,0
ORD01820,CUST0206,SMB,WH_NORTH,Standard,Clothing,820.78,2026-03-26 15:35:00,2026-04-04 20:30:00,220.92,1,1,0
ORD01821,CUST0037,Retail,WH_EAST,Priority,Electronics,1627.82,2026-01-23 08:23:00,2026-01-26 04:54:00,68.52,0,0,0
ORD01822,CUST0626,Retail,WH_SOUTH,Priority,Furniture,1922.69,2026-02-25 17:27:00,2026-03-02 02:19:00,104.87,0,0,0
ORD01823,CUST0967,Retail,WH_NORTH,Priority,Office Supplies,1510.38,2026-02-24 16:19:00,2026-02-26 21:23:00,53.07,0,0,0
ORD01824,CUST0557,SMB,WH_SOUTH,Priority,Electronics,1074.92,2026-02-17 12:11:00,2026-02-21 23:58:00,107.78,0,0,0
ORD01825,CUST0785,SMB,WH_SOUTH,Priority,Industrial,2069.21,2026-04-15 11:28:00,2026-04-21 23:52:00,156.4,0,0,0
ORD01826,CUST0540,Retail,WH_WEST,Standard,Clothing,2574.87,2026-03-07 14:52:00,2026-03-12 22:54:00,128.03,0,0,0
ORD01827,CUST0201,Enterprise,WH_EAST,Standard,Industrial,755.73,2026-05-30 08:54:00,2026-06-06 22:27:00,181.55,1,0,0
ORD01828,CUST0681,SMB,WH_SOUTH,Express,Office Supplies,5590.06,2026-05-06 10:11:00,2026-05-09 08:40:00,70.48,0,0,0
ORD01829,CUST0209,SMB,WH_WEST,Express,Office Supplies,1670.92,2026-03-25 15:32:00,2026-04-01 22:33:00,175.02,1,0,0
ORD01830,CUST0846,Retail,WH_WEST,Express,Office Supplies,1835.51,2026-06-23 08:03:00,2026-06-28 12:53:00,124.83,0,1,0
ORD01831,CUST0992,Enterprise,WH_WEST,Standard,Industrial,3186.16,2026-01-10 13:26:00,2026-01-21 08:39:00,259.22,1,0,0
ORD01832,CUST0257,Retail,WH_WEST,Standard,Clothing,2178.89,2026-02-05 08:15:00,2026-02-11 08:32:00,144.28,0,0,0
ORD01833,CUST0325,Enterprise,WH_EAST,Priority,Electronics,3875.81,2026-06-10 12:12:00,2026-06-16 09:00:00,140.8,0,0,0
ORD01834,CUST0213,Retail,WH_SOUTH,Standard,Electronics,2274.92,2026-04-13 08:58:00,2026-04-17 22:49:00,109.85,0,0,0
ORD01835,CUST0542,SMB,WH_EAST,Express,Clothing,1107.71,2026-05-29 14:23:00,2026-06-07 11:12:00,212.82,1,1,0
ORD01836,CUST0842,Enterprise,WH_SOUTH,Express,Electronics,2414.39,2026-06-10 15:30:00,2026-06-19 15:15:00,215.75,1,0,0
ORD01837,CUST0348,SMB,WH_SOUTH,Standard,Clothing,724.16,2026-04-25 11:53:00,2026-05-02 23:33:00,179.67,1,0,0
ORD01838,CUST0360,Enterprise,WH_WEST,Standard,Furniture,1972.09,2026-02-21 14:05:00,2026-02-27 06:00:00,135.92,0,0,0
ORD01839,CUST0415,Retail,WH_WEST,Standard,Furniture,1760.61,2026-04-27 13:07:00,2026-05-01 04:17:00,87.17,0,0,0
ORD01840,CUST0995,Enterprise,WH_SOUTH,Priority,Office Supplies,1530.74,2026-01-24 14:29:00,2026-02-01 11:00:00,188.52,1,0,0
ORD01841,CUST0543,Retail,WH_EAST,Priority,Clothing,1631.36,2026-01-21 14:21:00,2026-01-28 14:55:00,168.57,1,0,0
ORD01842,CUST0700,SMB,WH_EAST,Priority,Office Supplies,401.22,2026-03-27 13:47:00,2026-03-30 19:44:00,77.95,0,1,0
ORD01843,CUST0622,Enterprise,WH_SOUTH,Express,Industrial,1165.63,2026-04-04 11:14:00,2026-04-11 00:22:00,157.13,0,1,0
ORD01844,CUST0416,Enterprise,WH_EAST,Express,Industrial,1947.45,2026-01-09 10:06:00,2026-01-17 15:57:00,197.85,1,0,0
ORD01845,CUST0460,SMB,WH_EAST,Priority,Electronics,2054.7,2026-04-27 14:38:00,2026-05-03 22:37:00,151.98,0,1,0
ORD01846,CUST0739,Retail,WH_EAST,Standard,Industrial,794.62,2026-06-05 16:12:00,2026-06-14 09:19:00,209.12,1,0,0
ORD01847,CUST0359,SMB,WH_EAST,Standard,Clothing,4976.92,2026-05-27 11:59:00,2026-06-03 01:10:00,157.18,0,1,1
ORD01848,CUST0669,SMB,WH_SOUTH,Standard,Office Supplies,904.21,2026-06-19 10:26:00,2026-06-24 18:06:00,127.67,0,0,0
ORD01849,CUST0028,SMB,WH_SOUTH,Standard,Office Supplies,3926.74,2026-06-16 09:37:00,2026-06-21 19:59:00,130.37,0,1,0
ORD01850,CUST0541,SMB,WH_NORTH,Priority,Office Supplies,2544.67,2026-04-29 15:52:00,2026-05-03 12:24:00,92.53,0,0,0
ORD01851,CUST0903,Enterprise,WH_NORTH,Priority,Clothing,1078.17,2026-04-20 17:58:00,2026-04-25 12:37:00,114.65,0,0,0
ORD01852,CUST0038,Enterprise,WH_EAST,Standard,Clothing,7481.95,2026-04-13 11:54:00,2026-04-24 10:40:00,262.77,1,0,0
ORD01853,CUST0901,Retail,WH_WEST,Express,Furniture,695.82,2026-04-03 16:07:00,2026-04-10 09:34:00,161.45,0,0,0
ORD01854,CUST0885,Retail,WH_EAST,Priority,Clothing,3771.86,2026-02-25 16:15:00,2026-03-04 02:58:00,154.72,0,0,0
ORD01855,CUST0914,SMB,WH_EAST,Priority,Office Supplies,4025.75,2026-02-01 10:24:00,2026-02-04 10:50:00,72.43,0,1,0
ORD01856,CUST0252,Retail,WH_WEST,Standard,Electronics,1057.33,2026-03-24 14:33:00,2026-04-01 15:11:00,192.63,1,0,0
ORD01857,CUST0795,SMB,WH_WEST,Express,Office Supplies,5508.08,2026-02-01 09:11:00,2026-02-06 03:10:00,113.98,0,0,0
ORD01858,CUST0085,Retail,WH_WEST,Express,Office Supplies,1480.24,2026-04-21 13:57:00,2026-04-30 03:42:00,205.75,1,0,0
ORD01859,CUST0743,Retail,WH_WEST,Standard,Industrial,2277.78,2026-03-18 11:04:00,2026-03-22 19:39:00,104.58,0,0,0
ORD01860,CUST0922,Enterprise,WH_WEST,Standard,Office Supplies,2226.66,2026-03-11 16:02:00,2026-03-23 22:02:00,294.0,1,0,0
ORD01861,CUST1000,Retail,WH_NORTH,Priority,Clothing,1623.85,2026-03-25 08:25:00,2026-03-30 15:49:00,127.4,0,0,0
ORD01862,CUST0150,Retail,WH_WEST,Priority,Industrial,3458.69,2026-03-08 17:12:00,2026-03-15 19:52:00,170.67,1,0,0
ORD01863,CUST0626,Enterprise,WH_NORTH,Standard,Office Supplies,3411.1,2026-03-04 13:28:00,2026-03-13 21:24:00,223.93,1,0,0
ORD01864,CUST0055,SMB,WH_NORTH,Express,Furniture,446.38,2026-04-09 10:19:00,2026-04-14 22:57:00,132.63,0,0,1
ORD01865,CUST0584,Enterprise,WH_EAST,Express,Electronics,5133.14,2026-04-24 11:42:00,2026-04-30 05:00:00,137.3,0,0,0
ORD01866,CUST0052,Retail,WH_SOUTH,Priority,Electronics,478.19,2026-01-14 15:36:00,2026-01-18 16:07:00,96.52,0,1,0
ORD01867,CUST0299,SMB,WH_NORTH,Express,Industrial,4130.02,2026-01-18 14:32:00,2026-01-23 11:10:00,116.63,0,0,0
ORD01868,CUST0691,SMB,WH_SOUTH,Express,Clothing,4453.14,2026-01-04 10:33:00,2026-01-08 10:27:00,95.9,0,0,0
ORD01869,CUST0683,Retail,WH_EAST,Express,Office Supplies,755.38,2026-02-13 17:03:00,2026-02-20 02:17:00,153.23,0,0,0
ORD01870,CUST0164,Retail,WH_EAST,Standard,Clothing,1301.6,2026-01-29 12:00:00,2026-02-05 00:51:00,156.85,0,0,0
ORD01871,CUST0423,Enterprise,WH_EAST,Standard,Electronics,746.53,2026-02-11 08:06:00,2026-02-21 12:17:00,244.18,1,0,0
ORD01872,CUST0557,Retail,WH_NORTH,Priority,Furniture,1522.43,2026-04-29 10:51:00,2026-05-03 03:03:00,88.2,0,0,0
ORD01873,CUST0931,Enterprise,WH_EAST,Standard,Electronics,1413.14,2026-05-24 08:57:00,2026-05-31 10:27:00,169.5,1,0,0
ORD01874,CUST0745,Enterprise,WH_SOUTH,Priority,Clothing,3373.58,2026-04-12 10:25:00,2026-04-22 04:25:00,234.0,1,0,1
ORD01875,CUST0820,SMB,WH_NORTH,Express,Industrial,5157.71,2026-01-08 12:49:00,2026-01-14 16:30:00,147.68,0,0,0
ORD01876,CUST0054,SMB,WH_WEST,Standard,Electronics,5522.29,2026-01-11 15:41:00,2026-01-18 03:57:00,156.27,0,0,1
ORD01877,CUST0818,Enterprise,WH_WEST,Express,Clothing,1153.16,2026-02-16 14:22:00,2026-02-25 11:17:00,212.92,1,0,0
ORD01878,CUST0565,Retail,WH_EAST,Standard,Furniture,1529.39,2026-05-23 09:51:00,2026-05-27 17:47:00,103.93,0,0,0
ORD01879,CUST0490,SMB,WH_NORTH,Standard,Furniture,470.24,2026-04-01 15:49:00,2026-04-07 03:34:00,131.75,0,1,0
ORD01880,CUST0667,SMB,WH_SOUTH,Standard,Clothing,948.9,2026-04-30 08:22:00,2026-05-09 03:31:00,211.15,1,0,0
ORD01881,CUST0203,SMB,WH_EAST,Express,Office Supplies,3912.3,2026-04-17 14:08:00,2026-04-23 23:29:00,153.35,0,0,0
ORD01882,CUST0285,Enterprise,WH_SOUTH,Express,Office Supplies,6584.45,2026-03-27 13:06:00,2026-04-03 23:53:00,178.78,1,0,0
ORD01883,CUST0943,Enterprise,WH_NORTH,Priority,Industrial,673.52,2026-05-08 12:21:00,2026-05-17 14:03:00,217.7,1,0,0
ORD01884,CUST0509,Enterprise,WH_SOUTH,Standard,Clothing,1125.55,2026-02-04 14:55:00,2026-02-11 11:18:00,164.38,0,0,0
ORD01885,CUST0529,SMB,WH_NORTH,Standard,Office Supplies,1770.25,2026-06-09 17:48:00,2026-06-16 10:34:00,160.77,0,0,0
ORD01886,CUST0971,Enterprise,WH_WEST,Express,Furniture,2262.28,2026-01-19 09:19:00,2026-01-30 03:02:00,257.72,1,0,0
ORD01887,CUST0910,Retail,WH_EAST,Standard,Electronics,946.07,2026-03-02 16:06:00,2026-03-09 14:25:00,166.32,0,0,0
ORD01888,CUST0078,Enterprise,WH_EAST,Priority,Electronics,2538.3,2026-04-25 08:08:00,2026-05-01 12:49:00,148.68,0,1,0
ORD01889,CUST0986,SMB,WH_NORTH,Standard,Clothing,1237.6,2026-06-20 15:16:00,2026-06-23 08:02:00,64.77,0,0,0
ORD01890,CUST0068,Retail,WH_NORTH,Express,Electronics,1787.26,2026-02-21 09:15:00,2026-02-26 06:59:00,117.73,0,0,0
ORD01891,CUST0612,SMB,WH_EAST,Priority,Industrial,2799.03,2026-02-03 09:31:00,2026-02-10 23:14:00,181.72,1,0,0
ORD01892,CUST0940,Enterprise,WH_EAST,Standard,Office Supplies,1817.36,2026-05-03 15:42:00,2026-05-09 18:25:00,146.72,0,0,0
ORD01893,CUST0282,Enterprise,WH_EAST,Priority,Clothing,1275.24,2026-03-23 13:47:00,2026-03-31 17:07:00,195.33,1,0,0
ORD01894,CUST0746,Enterprise,WH_NORTH,Priority,Electronics,1656.25,2026-03-31 15:51:00,2026-04-05 01:48:00,105.95,0,0,0
ORD01895,CUST0371,SMB,WH_EAST,Priority,Furniture,1684.64,2026-03-02 17:11:00,2026-03-05 15:25:00,70.23,0,0,0
ORD01896,CUST0757,Retail,WH_WEST,Standard,Clothing,1344.79,2026-02-20 15:35:00,2026-02-24 13:48:00,94.22,0,0,0
ORD01897,CUST0461,SMB,WH_WEST,Express,Office Supplies,1469.92,2026-05-15 16:51:00,2026-05-17 21:55:00,53.07,0,0,0
ORD01898,CUST0948,Enterprise,WH_EAST,Priority,Clothing,6495.84,2026-05-07 09:07:00,2026-05-16 12:31:00,219.4,1,1,0
ORD01899,CUST0438,SMB,WH_WEST,Standard,Office Supplies,2831.99,2026-04-18 12:17:00,2026-04-22 21:54:00,105.62,0,0,0
ORD01900,CUST0121,SMB,WH_WEST,Standard,Furniture,1427.41,2026-03-04 10:20:00,2026-03-12 23:45:00,205.42,1,0,0
ORD01901,CUST0674,Retail,WH_EAST,Priority,Electronics,3157.59,2026-02-24 08:16:00,2026-03-02 23:44:00,159.47,0,0,0
ORD01902,CUST0862,SMB,WH_SOUTH,Express,Electronics,1384.29,2026-03-14 16:07:00,2026-03-20 15:24:00,143.28,0,1,0
ORD01903,CUST0945,Retail,WH_EAST,Express,Clothing,4621.62,2026-01-25 16:50:00,2026-01-30 02:34:00,105.73,0,0,0
ORD01904,CUST0747,SMB,WH_SOUTH,Express,Industrial,2430.16,2026-03-17 08:52:00,2026-03-20 15:37:00,78.75,0,0,0
ORD01905,CUST0653,Enterprise,WH_NORTH,Priority,Electronics,1659.31,2026-06-13 10:01:00,2026-06-20 16:51:00,174.83,1,0,0
ORD01906,CUST0168,SMB,WH_WEST,Priority,Furniture,2586.79,2026-04-04 11:35:00,2026-04-11 08:06:00,164.52,0,0,0
ORD01907,CUST0812,Retail,WH_NORTH,Express,Clothing,514.55,2026-03-22 11:28:00,2026-03-26 13:33:00,98.08,0,0,0
ORD01908,CUST0277,Enterprise,WH_EAST,Standard,Furniture,734.06,2026-02-04 11:22:00,2026-02-12 05:40:00,186.3,1,0,0
ORD01909,CUST0324,SMB,WH_NORTH,Priority,Office Supplies,695.66,2026-01-23 17:43:00,2026-01-31 07:21:00,181.63,1,0,0
ORD01910,CUST0505,SMB,WH_WEST,Express,Clothing,2027.09,2026-03-12 17:24:00,2026-03-16 06:33:00,85.15,0,0,0
ORD01911,CUST0400,Retail,WH_EAST,Express,Furniture,7230.13,2026-06-21 15:23:00,2026-06-25 07:49:00,88.43,0,0,0
ORD01912,CUST0144,Enterprise,WH_NORTH,Express,Electronics,10775.61,2026-04-30 10:55:00,2026-05-08 21:44:00,202.82,1,0,1
ORD01913,CUST0032,Retail,WH_WEST,Standard,Industrial,3012.24,2026-02-04 13:42:00,2026-02-13 02:50:00,205.13,1,0,0
ORD01914,CUST0253,SMB,WH_EAST,Standard,Industrial,2699.11,2026-05-23 17:22:00,2026-05-31 13:56:00,188.57,1,0,0
ORD01915,CUST0863,Retail,WH_WEST,Priority,Electronics,428.01,2026-02-14 15:46:00,2026-02-20 19:51:00,148.08,0,0,0
ORD01916,CUST0924,Enterprise,WH_NORTH,Standard,Office Supplies,1171.29,2026-02-23 14:55:00,2026-03-06 14:52:00,263.95,1,0,0
ORD01917,CUST0680,Enterprise,WH_EAST,Standard,Furniture,962.73,2026-05-22 14:14:00,2026-06-01 21:40:00,247.43,1,0,0
ORD01918,CUST0366,Retail,WH_SOUTH,Priority,Furniture,1100.28,2026-04-24 14:31:00,2026-04-28 10:51:00,92.33,0,0,0
ORD01919,CUST0733,Retail,WH_WEST,Standard,Office Supplies,1580.48,2026-04-18 17:11:00,2026-04-24 14:42:00,141.52,0,1,0
ORD01920,CUST0977,Retail,WH_WEST,Priority,Industrial,1239.33,2026-03-29 11:55:00,2026-04-02 10:04:00,94.15,0,0,0
ORD01921,CUST0068,Enterprise,WH_WEST,Standard,Office Supplies,371.13,2026-04-03 08:30:00,2026-04-10 20:23:00,179.88,1,0,0
ORD01922,CUST0916,Retail,WH_SOUTH,Priority,Industrial,3288.97,2026-06-21 13:38:00,2026-06-25 20:09:00,102.52,0,0,0
ORD01923,CUST0029,Enterprise,WH_WEST,Standard,Electronics,766.48,2026-05-14 17:54:00,2026-05-26 13:37:00,283.72,1,0,0
ORD01924,CUST0969,Enterprise,WH_EAST,Express,Clothing,2189.43,2026-04-25 17:01:00,2026-05-02 05:59:00,156.97,0,0,1
ORD01925,CUST0125,Enterprise,WH_SOUTH,Standard,Industrial,9502.08,2026-05-12 16:27:00,2026-05-21 03:40:00,203.22,1,0,0
ORD01926,CUST0304,Enterprise,WH_WEST,Standard,Industrial,866.53,2026-04-16 17:18:00,2026-04-26 23:42:00,246.4,1,0,0
ORD01927,CUST0936,Retail,WH_NORTH,Priority,Clothing,238.83,2026-04-13 10:06:00,2026-04-19 17:03:00,150.95,0,0,0
ORD01928,CUST0460,Enterprise,WH_EAST,Express,Office Supplies,1438.27,2026-06-23 16:43:00,2026-07-03 12:51:00,236.13,1,0,0
ORD01929,CUST0657,SMB,WH_SOUTH,Express,Electronics,4362.36,2026-05-10 15:39:00,2026-05-15 09:07:00,113.47,0,0,0
ORD01930,CUST0900,SMB,WH_NORTH,Priority,Clothing,8661.8,2026-04-02 17:33:00,2026-04-06 21:31:00,99.97,0,0,0
ORD01931,CUST0399,Enterprise,WH_EAST,Priority,Industrial,676.11,2026-04-06 14:50:00,2026-04-15 00:36:00,201.77,1,0,0
ORD01932,CUST0145,SMB,WH_EAST,Express,Furniture,2690.17,2026-01-19 10:54:00,2026-01-23 17:12:00,102.3,0,1,0
ORD01933,CUST0723,Enterprise,WH_EAST,Express,Industrial,1246.07,2026-04-08 08:00:00,2026-04-13 18:14:00,130.23,0,0,0
ORD01934,CUST0208,Enterprise,WH_EAST,Standard,Industrial,1661.11,2026-03-28 11:08:00,2026-04-05 07:15:00,188.12,1,0,0
ORD01935,CUST0279,Enterprise,WH_WEST,Express,Furniture,14995.04,2026-03-05 15:02:00,2026-03-16 10:16:00,259.23,1,1,0
ORD01936,CUST0516,SMB,WH_WEST,Standard,Electronics,543.28,2026-04-02 15:45:00,2026-04-12 10:56:00,235.18,1,0,0
ORD01937,CUST0315,SMB,WH_NORTH,Standard,Industrial,2214.96,2026-05-10 13:56:00,2026-05-16 02:41:00,132.75,0,1,0
ORD01938,CUST0140,Retail,WH_SOUTH,Standard,Office Supplies,2628.46,2026-05-30 16:57:00,2026-06-06 02:41:00,153.73,0,0,0
ORD01939,CUST0971,SMB,WH_EAST,Express,Industrial,4309.72,2026-05-04 09:23:00,2026-05-11 21:07:00,179.73,1,1,0
ORD01940,CUST0703,SMB,WH_EAST,Express,Industrial,1955.47,2026-05-06 15:48:00,2026-05-08 22:22:00,54.57,0,0,0
ORD01941,CUST0513,Retail,WH_EAST,Standard,Office Supplies,2313.32,2026-04-22 12:21:00,2026-05-01 18:10:00,221.82,1,1,0
ORD01942,CUST0307,Enterprise,WH_EAST,Standard,Electronics,1321.71,2026-04-21 09:43:00,2026-04-28 04:35:00,162.87,0,0,0
ORD01943,CUST0820,Enterprise,WH_WEST,Express,Industrial,2242.4,2026-04-21 11:37:00,2026-04-25 17:10:00,101.55,0,0,0
ORD01944,CUST0944,Retail,WH_NORTH,Express,Electronics,1373.95,2026-04-13 13:16:00,2026-04-20 12:31:00,167.25,0,0,0
ORD01945,CUST0107,Enterprise,WH_EAST,Express,Furniture,2972.79,2026-04-16 17:29:00,2026-04-21 21:01:00,123.53,0,0,0
ORD01946,CUST0337,SMB,WH_EAST,Express,Office Supplies,1345.22,2026-04-21 11:42:00,2026-04-25 16:00:00,100.3,0,0,0
ORD01947,CUST0335,Enterprise,WH_WEST,Priority,Electronics,2444.71,2026-06-03 17:47:00,2026-06-09 21:44:00,147.95,0,0,0
ORD01948,CUST0442,Enterprise,WH_EAST,Express,Office Supplies,1766.21,2026-04-28 11:27:00,2026-05-06 00:02:00,180.58,1,0,0
ORD01949,CUST0857,Enterprise,WH_NORTH,Priority,Industrial,4450.8,2026-02-10 09:58:00,2026-02-16 03:40:00,137.7,0,0,0
ORD01950,CUST0037,SMB,WH_NORTH,Express,Industrial,1735.21,2026-04-15 11:40:00,2026-04-21 02:30:00,134.83,0,0,1
ORD01951,CUST0690,SMB,WH_NORTH,Standard,Furniture,437.72,2026-01-14 15:20:00,2026-01-23 01:23:00,202.05,1,0,1
ORD01952,CUST0051,SMB,WH_WEST,Express,Electronics,4961.87,2026-06-03 11:47:00,2026-06-09 02:01:00,134.23,0,0,0
ORD01953,CUST0951,Enterprise,WH_SOUTH,Standard,Office Supplies,876.04,2026-01-04 15:30:00,2026-01-15 17:33:00,266.05,1,0,0
ORD01954,CUST0352,SMB,WH_EAST,Express,Electronics,1071.68,2026-04-23 10:28:00,2026-04-30 05:15:00,162.78,0,0,0
ORD01955,CUST0439,SMB,WH_NORTH,Priority,Furniture,1122.68,2026-05-29 11:51:00,2026-06-01 01:12:00,61.35,0,0,0
ORD01956,CUST0957,Enterprise,WH_NORTH,Express,Furniture,5429.22,2026-06-12 11:36:00,2026-06-18 10:14:00,142.63,0,0,0
ORD01957,CUST0722,Enterprise,WH_NORTH,Priority,Office Supplies,327.49,2026-01-12 11:28:00,2026-01-17 08:52:00,117.4,0,0,0
ORD01958,CUST0822,Enterprise,WH_SOUTH,Priority,Electronics,22252.26,2026-04-18 10:11:00,2026-04-24 10:36:00,144.42,0,0,0
ORD01959,CUST0402,SMB,WH_EAST,Express,Furniture,4208.43,2026-02-11 17:51:00,2026-02-20 00:43:00,198.87,1,0,0
ORD01960,CUST0245,Enterprise,WH_EAST,Express,Office Supplies,2161.57,2026-01-13 16:57:00,2026-01-16 21:57:00,77.0,0,0,0
ORD01961,CUST0682,Enterprise,WH_WEST,Priority,Furniture,1730.36,2026-03-29 16:46:00,2026-04-08 06:51:00,230.08,1,0,0
ORD01962,CUST0248,SMB,WH_EAST,Express,Furniture,2272.06,2026-02-26 10:45:00,2026-03-02 10:13:00,95.47,0,0,0
ORD01963,CUST0477,SMB,WH_EAST,Standard,Clothing,2743.25,2026-01-18 16:23:00,2026-01-23 04:55:00,108.53,0,0,0
ORD01964,CUST0805,Retail,WH_SOUTH,Standard,Industrial,3029.56,2026-03-22 10:11:00,2026-03-30 07:47:00,189.6,1,0,0
ORD01965,CUST0095,SMB,WH_EAST,Express,Industrial,2819.98,2026-05-31 13:53:00,2026-06-05 14:46:00,120.88,0,0,0
ORD01966,CUST0059,Retail,WH_SOUTH,Express,Electronics,1942.37,2026-05-20 09:14:00,2026-05-25 05:37:00,116.38,0,0,0
ORD01967,CUST0621,Enterprise,WH_SOUTH,Priority,Clothing,1544.0,2026-01-09 09:45:00,2026-01-15 06:38:00,140.88,0,0,0
ORD01968,CUST0480,Retail,WH_SOUTH,Priority,Clothing,1601.96,2026-05-08 14:29:00,2026-05-15 02:38:00,156.15,0,1,0
ORD01969,CUST0705,SMB,WH_SOUTH,Priority,Electronics,1547.0,2026-06-24 17:40:00,2026-06-29 04:22:00,106.7,0,0,0
ORD01970,CUST0343,Enterprise,WH_WEST,Priority,Industrial,4478.38,2026-02-17 14:24:00,2026-02-24 07:44:00,161.33,0,0,0
ORD01971,CUST0985,Retail,WH_NORTH,Priority,Clothing,2906.91,2026-04-30 10:12:00,2026-05-03 10:35:00,72.38,0,0,0
ORD01972,CUST0960,Retail,WH_EAST,Priority,Industrial,172.03,2026-01-23 16:03:00,2026-01-28 17:25:00,121.37,0,0,0
ORD01973,CUST0619,Enterprise,WH_EAST,Standard,Office Supplies,3055.57,2026-04-03 09:33:00,2026-04-14 08:20:00,262.78,1,0,0
ORD01974,CUST0029,SMB,WH_NORTH,Priority,Furniture,2112.84,2026-03-10 15:26:00,2026-03-14 04:27:00,85.02,0,0,0
ORD01975,CUST0164,Enterprise,WH_NORTH,Express,Furniture,1781.18,2026-01-25 16:48:00,2026-02-02 10:22:00,185.57,1,0,0
ORD01976,CUST0696,SMB,WH_NORTH,Standard,Office Supplies,1325.02,2026-05-22 10:05:00,2026-05-29 12:22:00,170.28,1,1,0
ORD01977,CUST0619,Enterprise,WH_NORTH,Standard,Industrial,4443.91,2026-05-05 13:25:00,2026-05-15 19:41:00,246.27,1,1,0
ORD01978,CUST0245,Enterprise,WH_EAST,Priority,Industrial,3858.45,2026-01-30 13:58:00,2026-02-04 13:30:00,119.53,0,0,0
ORD01979,CUST0865,Enterprise,WH_EAST,Standard,Office Supplies,974.28,2026-03-02 16:00:00,2026-03-14 00:55:00,272.92,1,0,0
ORD01980,CUST0892,Enterprise,WH_SOUTH,Express,Electronics,2503.99,2026-05-20 11:08:00,2026-05-25 16:50:00,125.7,0,0,0
ORD01981,CUST0102,SMB,WH_WEST,Priority,Clothing,831.04,2026-03-16 10:33:00,2026-03-23 16:21:00,173.8,1,0,0
ORD01982,CUST0946,Retail,WH_WEST,Priority,Industrial,599.63,2026-02-04 17:00:00,2026-02-09 09:53:00,112.88,0,1,0
ORD01983,CUST0176,Retail,WH_NORTH,Priority,Clothing,1095.13,2026-01-22 15:43:00,2026-01-25 21:28:00,77.75,0,0,0
ORD01984,CUST0063,Enterprise,WH_EAST,Express,Clothing,3604.42,2026-03-23 08:33:00,2026-04-03 18:57:00,274.4,1,0,0
ORD01985,CUST0504,Retail,WH_NORTH,Standard,Office Supplies,3875.77,2026-06-17 11:01:00,2026-06-21 04:51:00,89.83,0,0,0
ORD01986,CUST0087,Enterprise,WH_WEST,Express,Furniture,2725.67,2026-04-27 17:28:00,2026-05-02 18:48:00,121.33,0,0,1
ORD01987,CUST0847,SMB,WH_SOUTH,Standard,Industrial,3229.48,2026-02-20 14:34:00,2026-03-01 10:37:00,212.05,1,0,0
ORD01988,CUST0654,SMB,WH_EAST,Standard,Electronics,2732.42,2026-04-28 08:42:00,2026-05-05 18:40:00,177.97,1,0,0
ORD01989,CUST0850,SMB,WH_NORTH,Priority,Office Supplies,1082.27,2026-01-07 12:40:00,2026-01-12 13:35:00,120.92,0,0,0
ORD01990,CUST0841,Retail,WH_EAST,Express,Industrial,2554.31,2026-06-27 14:29:00,2026-07-01 15:08:00,96.65,0,0,0
ORD01991,CUST0810,SMB,WH_NORTH,Express,Clothing,3430.04,2026-03-26 09:59:00,2026-04-02 03:57:00,161.97,0,0,0
ORD01992,CUST0981,SMB,WH_SOUTH,Express,Office Supplies,3305.8,2026-02-11 15:29:00,2026-02-17 14:37:00,143.13,0,0,0
ORD01993,CUST0537,Enterprise,WH_WEST,Express,Office Supplies,4680.36,2026-05-08 10:29:00,2026-05-16 18:58:00,200.48,1,0,0
ORD01994,CUST0516,Retail,WH_WEST,Express,Furniture,3186.39,2026-06-05 16:19:00,2026-06-13 02:07:00,177.8,1,0,0
ORD01995,CUST0816,Enterprise,WH_EAST,Priority,Furniture,2395.05,2026-06-04 09:35:00,2026-06-08 09:04:00,95.48,0,0,0
ORD01996,CUST0873,SMB,WH_NORTH,Express,Furniture,4256.15,2026-03-04 12:49:00,2026-03-11 13:42:00,168.88,1,0,0
ORD01997,CUST0217,Enterprise,WH_WEST,Priority,Office Supplies,1770.09,2026-04-18 10:56:00,2026-04-23 01:23:00,110.45,0,1,0
ORD01998,CUST0080,SMB,WH_NORTH,Express,Clothing,892.92,2026-05-28 12:18:00,2026-06-03 16:50:00,148.53,0,0,0
ORD01999,CUST0388,Retail,WH_SOUTH,Standard,Clothing,1586.91,2026-01-20 10:39:00,2026-01-25 21:23:00,130.73,0,0,0
ORD02000,CUST0601,Enterprise,WH_WEST,Express,Industrial,996.33,2026-02-22 13:13:00,2026-03-04 09:28:00,236.25,1,0,0
ORD02001,CUST0829,SMB,WH_NORTH,Express,Electronics,1053.48,2026-05-16 11:54:00,2026-05-22 18:20:00,150.43,0,0,0
ORD02002,CUST0758,Enterprise,WH_SOUTH,Standard,Office Supplies,1610.64,2026-01-24 10:16:00,2026-01-30 13:35:00,147.32,0,0,0
ORD02003,CUST0648,Enterprise,WH_WEST,Express,Industrial,959.17,2026-06-01 14:07:00,2026-06-07 14:24:00,144.28,0,0,0
ORD02004,CUST0347,SMB,WH_NORTH,Standard,Clothing,1413.23,2026-04-23 09:22:00,2026-05-02 01:59:00,208.62,1,1,1
ORD02005,CUST0170,Retail,WH_WEST,Standard,Furniture,397.47,2026-01-29 10:03:00,2026-02-06 13:45:00,195.7,1,0,0
ORD02006,CUST0633,Retail,WH_WEST,Express,Furniture,2144.44,2026-01-09 08:41:00,2026-01-18 12:17:00,219.6,1,1,0
ORD02007,CUST0070,Retail,WH_EAST,Express,Furniture,1809.79,2026-05-13 13:47:00,2026-05-19 08:02:00,138.25,0,0,0
ORD02008,CUST0030,SMB,WH_EAST,Express,Industrial,940.42,2026-05-28 15:42:00,2026-06-02 09:16:00,113.57,0,0,0
ORD02009,CUST0620,Retail,WH_EAST,Priority,Office Supplies,3063.75,2026-01-27 13:00:00,2026-02-02 16:07:00,147.12,0,0,0
ORD02010,CUST0786,Retail,WH_WEST,Priority,Industrial,3827.84,2026-04-19 08:54:00,2026-04-21 20:37:00,59.72,0,0,0
ORD02011,CUST0091,Enterprise,WH_EAST,Express,Furniture,499.67,2026-06-19 10:24:00,2026-06-26 10:53:00,168.48,1,0,0
ORD02012,CUST0416,Enterprise,WH_EAST,Express,Furniture,982.22,2026-03-12 11:30:00,2026-03-21 10:51:00,215.35,1,0,0
ORD02013,CUST0832,Retail,WH_EAST,Priority,Furniture,977.19,2026-03-26 09:10:00,2026-03-30 14:30:00,101.33,0,0,0
ORD02014,CUST0873,SMB,WH_SOUTH,Priority,Furniture,852.42,2026-06-09 12:36:00,2026-06-12 01:27:00,60.85,0,0,0
ORD02015,CUST0840,Retail,WH_SOUTH,Priority,Clothing,3510.73,2026-03-10 08:28:00,2026-03-15 21:23:00,132.92,0,0,0
ORD02016,CUST0482,Enterprise,WH_EAST,Priority,Office Supplies,1548.34,2026-03-29 09:45:00,2026-04-06 09:30:00,191.75,1,0,0
ORD02017,CUST0023,Enterprise,WH_EAST,Priority,Clothing,1463.21,2026-02-06 08:25:00,2026-02-15 06:38:00,214.22,1,0,0
ORD02018,CUST0618,Retail,WH_SOUTH,Standard,Office Supplies,363.91,2026-01-11 12:06:00,2026-01-19 05:48:00,185.7,1,1,1
ORD02019,CUST0256,Retail,WH_WEST,Express,Electronics,3005.91,2026-06-20 10:43:00,2026-06-29 06:53:00,212.17,1,0,0
ORD02020,CUST0743,SMB,WH_WEST,Express,Industrial,670.88,2026-04-27 11:54:00,2026-05-01 08:23:00,92.48,0,0,0
ORD02021,CUST0629,Retail,WH_EAST,Express,Furniture,1896.84,2026-04-02 09:06:00,2026-04-07 22:52:00,133.77,0,0,0
ORD02022,CUST0194,Enterprise,WH_NORTH,Express,Electronics,2257.25,2026-03-21 16:20:00,2026-03-30 18:29:00,218.15,1,0,0
ORD02023,CUST0735,SMB,WH_NORTH,Priority,Electronics,5369.7,2026-03-18 12:52:00,2026-03-22 06:03:00,89.18,0,0,0
ORD02024,CUST0465,Enterprise,WH_WEST,Standard,Furniture,634.57,2026-05-30 12:03:00,2026-06-05 10:17:00,142.23,0,0,0
ORD02025,CUST0384,Retail,WH_SOUTH,Express,Office Supplies,161.48,2026-05-24 17:57:00,2026-05-28 12:47:00,90.83,0,0,0
ORD02026,CUST0768,SMB,WH_EAST,Express,Clothing,2094.52,2026-03-18 14:16:00,2026-03-26 10:56:00,188.67,1,0,1
ORD02027,CUST0339,SMB,WH_EAST,Standard,Electronics,7634.32,2026-05-09 17:30:00,2026-05-18 06:42:00,205.2,1,0,0
ORD02028,CUST0147,Enterprise,WH_EAST,Priority,Furniture,4871.5,2026-05-09 08:03:00,2026-05-16 15:14:00,175.18,1,0,0
ORD02029,CUST0227,Enterprise,WH_EAST,Priority,Industrial,2138.22,2026-05-31 17:08:00,2026-06-09 15:48:00,214.67,1,0,0
ORD02030,CUST0891,Retail,WH_SOUTH,Express,Industrial,1220.1,2026-06-25 16:21:00,2026-07-03 04:49:00,180.47,1,0,0
ORD02031,CUST0113,SMB,WH_EAST,Express,Industrial,3448.51,2026-01-21 14:26:00,2026-01-28 09:14:00,162.8,0,0,0
ORD02032,CUST0322,Retail,WH_NORTH,Express,Electronics,829.78,2026-01-19 11:13:00,2026-01-25 21:06:00,153.88,0,0,0
ORD02033,CUST0405,Enterprise,WH_WEST,Priority,Furniture,2646.75,2026-01-21 10:41:00,2026-02-02 01:07:00,278.43,1,0,0
ORD02034,CUST0419,Enterprise,WH_SOUTH,Priority,Industrial,2709.11,2026-02-27 08:22:00,2026-03-04 16:47:00,128.42,0,0,0
ORD02035,CUST0241,Enterprise,WH_NORTH,Standard,Industrial,4222.44,2026-03-14 14:37:00,2026-03-21 18:47:00,172.17,1,0,0
ORD02036,CUST0372,Enterprise,WH_EAST,Express,Electronics,16444.2,2026-04-18 10:11:00,2026-04-29 07:27:00,261.27,1,0,0
ORD02037,CUST0820,Enterprise,WH_NORTH,Express,Electronics,2474.84,2026-01-10 11:54:00,2026-01-17 15:48:00,171.9,1,1,0
ORD02038,CUST0700,SMB,WH_SOUTH,Express,Electronics,1203.31,2026-01-30 16:32:00,2026-02-04 08:28:00,111.93,0,1,1
ORD02039,CUST0576,Enterprise,WH_EAST,Priority,Electronics,1771.43,2026-01-27 09:41:00,2026-02-04 13:36:00,195.92,1,0,0
ORD02040,CUST0180,Retail,WH_NORTH,Standard,Furniture,439.11,2026-04-17 13:37:00,2026-04-23 05:12:00,135.58,0,0,0
ORD02041,CUST0503,Enterprise,WH_EAST,Express,Furniture,1037.15,2026-06-20 09:42:00,2026-06-25 14:06:00,124.4,0,0,0
ORD02042,CUST0379,Retail,WH_WEST,Express,Office Supplies,1303.19,2026-01-16 15:50:00,2026-01-24 20:54:00,197.07,1,0,0
ORD02043,CUST0244,Enterprise,WH_SOUTH,Priority,Electronics,1188.84,2026-03-25 09:17:00,2026-04-03 14:05:00,220.8,1,0,0
ORD02044,CUST0141,Enterprise,WH_SOUTH,Priority,Industrial,2042.41,2026-01-28 17:41:00,2026-02-04 07:48:00,158.12,0,0,0
ORD02045,CUST0688,Retail,WH_EAST,Express,Industrial,936.42,2026-05-03 14:55:00,2026-05-06 13:08:00,70.22,0,0,0
ORD02046,CUST0725,Retail,WH_NORTH,Express,Office Supplies,4432.97,2026-03-30 14:47:00,2026-04-02 06:48:00,64.02,0,0,0
ORD02047,CUST0946,Retail,WH_NORTH,Express,Electronics,1808.34,2026-02-09 15:01:00,2026-02-12 03:10:00,60.15,0,1,0
ORD02048,CUST0685,Enterprise,WH_SOUTH,Standard,Furniture,1794.64,2026-05-21 16:06:00,2026-05-31 07:27:00,231.35,1,0,0
ORD02049,CUST0303,Retail,WH_EAST,Standard,Industrial,1390.87,2026-04-03 14:30:00,2026-04-12 19:41:00,221.18,1,0,1
ORD02050,CUST0035,SMB,WH_EAST,Express,Industrial,2047.04,2026-02-21 17:15:00,2026-02-27 05:02:00,131.78,0,0,0
ORD02051,CUST0736,SMB,WH_NORTH,Priority,Office Supplies,3498.46,2026-04-20 16:07:00,2026-04-26 14:25:00,142.3,0,0,0
ORD02052,CUST0279,Retail,WH_WEST,Standard,Electronics,903.52,2026-05-25 13:33:00,2026-05-30 19:29:00,125.93,0,1,0
ORD02053,CUST0990,SMB,WH_NORTH,Standard,Office Supplies,1067.96,2026-05-10 13:16:00,2026-05-14 20:20:00,103.07,0,0,0
ORD02054,CUST0568,Enterprise,WH_EAST,Standard,Electronics,1418.02,2026-05-28 16:20:00,2026-06-03 20:17:00,147.95,0,0,0
ORD02055,CUST0089,Enterprise,WH_NORTH,Express,Office Supplies,616.03,2026-03-18 08:36:00,2026-03-24 17:54:00,153.3,0,0,0
ORD02056,CUST0253,Retail,WH_WEST,Express,Industrial,938.79,2026-04-10 14:02:00,2026-04-19 11:52:00,213.83,1,0,0
ORD02057,CUST0564,Retail,WH_SOUTH,Express,Clothing,1235.24,2026-03-16 11:01:00,2026-03-19 15:47:00,76.77,0,0,0
ORD02058,CUST0185,SMB,WH_WEST,Standard,Office Supplies,3639.17,2026-02-12 08:30:00,2026-02-20 11:33:00,195.05,1,0,1
ORD02059,CUST0850,SMB,WH_WEST,Express,Industrial,2230.65,2026-01-19 17:08:00,2026-01-25 12:36:00,139.47,0,0,0
ORD02060,CUST0035,Retail,WH_EAST,Priority,Furniture,2110.9,2026-03-02 08:13:00,2026-03-08 00:41:00,136.47,0,0,0
ORD02061,CUST0350,Enterprise,WH_WEST,Standard,Industrial,3571.42,2026-03-14 17:53:00,2026-03-23 19:04:00,217.18,1,0,0
ORD02062,CUST0695,SMB,WH_SOUTH,Standard,Industrial,1619.87,2026-06-17 17:36:00,2026-06-23 21:19:00,147.72,0,0,0
ORD02063,CUST0557,Enterprise,WH_EAST,Express,Industrial,2470.98,2026-04-20 12:47:00,2026-04-25 23:22:00,130.58,0,0,0
ORD02064,CUST0881,SMB,WH_SOUTH,Express,Clothing,1664.74,2026-06-29 08:11:00,2026-07-05 10:40:00,146.48,0,0,1
ORD02065,CUST0875,Retail,WH_SOUTH,Priority,Furniture,2235.66,2026-03-04 12:39:00,2026-03-08 10:48:00,94.15,0,0,0
ORD02066,CUST0413,Retail,WH_SOUTH,Priority,Electronics,1134.33,2026-06-13 11:51:00,2026-06-17 14:40:00,98.82,0,0,0
ORD02067,CUST0733,Retail,WH_WEST,Express,Clothing,256.97,2026-05-04 14:46:00,2026-05-12 16:02:00,193.27,1,0,0
ORD02068,CUST0574,Retail,WH_WEST,Standard,Industrial,1623.88,2026-05-15 09:36:00,2026-05-20 07:03:00,117.45,0,0,0
ORD02069,CUST0888,Enterprise,WH_WEST,Express,Furniture,5643.15,2026-06-25 17:16:00,2026-07-02 12:50:00,163.57,0,0,0
ORD02070,CUST0356,Enterprise,WH_WEST,Standard,Furniture,3793.23,2026-02-10 16:09:00,2026-02-25 12:21:00,356.2,1,0,0
ORD02071,CUST0731,Retail,WH_WEST,Standard,Electronics,3914.01,2026-02-19 10:49:00,2026-02-27 01:37:00,182.8,1,1,0
ORD02072,CUST0449,Enterprise,WH_WEST,Priority,Office Supplies,4860.54,2026-05-18 10:13:00,2026-05-26 01:18:00,183.08,1,0,0
ORD02073,CUST0250,Retail,WH_NORTH,Express,Industrial,1940.94,2026-01-11 09:30:00,2026-01-14 20:03:00,82.55,0,0,0
ORD02074,CUST0528,Retail,WH_EAST,Express,Clothing,2117.21,2026-05-27 09:40:00,2026-06-03 11:26:00,169.77,1,0,0
ORD02075,CUST0241,SMB,WH_WEST,Standard,Furniture,1103.1,2026-05-15 12:23:00,2026-05-20 20:31:00,128.13,0,1,0
ORD02076,CUST0524,Retail,WH_EAST,Express,Electronics,1404.09,2026-01-10 14:46:00,2026-01-16 02:55:00,132.15,0,0,0
ORD02077,CUST0628,Enterprise,WH_EAST,Priority,Office Supplies,2959.03,2026-01-28 14:57:00,2026-02-03 16:59:00,146.03,0,1,0
ORD02078,CUST0358,Enterprise,WH_NORTH,Priority,Clothing,4736.75,2026-02-09 11:49:00,2026-02-17 13:43:00,193.9,1,0,0
ORD02079,CUST0632,Enterprise,WH_EAST,Standard,Furniture,1617.19,2026-06-19 08:22:00,2026-06-26 06:49:00,166.45,0,0,0
ORD02080,CUST0467,SMB,WH_EAST,Express,Electronics,1261.24,2026-02-13 17:58:00,2026-02-18 13:01:00,115.05,0,0,0
ORD02081,CUST0049,Enterprise,WH_EAST,Standard,Industrial,1808.81,2026-04-11 16:00:00,2026-04-19 15:15:00,191.25,1,0,0
ORD02082,CUST0056,Retail,WH_SOUTH,Standard,Clothing,2924.75,2026-01-12 10:31:00,2026-01-19 03:32:00,161.02,0,0,0
ORD02083,CUST0494,SMB,WH_WEST,Express,Furniture,569.59,2026-06-02 17:37:00,2026-06-08 01:25:00,127.8,0,0,0
ORD02084,CUST0841,SMB,WH_NORTH,Priority,Industrial,288.03,2026-06-17 11:53:00,2026-06-21 06:33:00,90.67,0,0,0
ORD02085,CUST0343,SMB,WH_NORTH,Standard,Office Supplies,1163.95,2026-02-02 11:29:00,2026-02-08 14:27:00,146.97,0,1,0
ORD02086,CUST0709,SMB,WH_NORTH,Standard,Industrial,680.91,2026-03-06 08:01:00,2026-03-16 06:39:00,238.63,1,0,0
ORD02087,CUST0773,SMB,WH_SOUTH,Express,Clothing,1204.1,2026-06-03 14:25:00,2026-06-07 21:03:00,102.63,0,0,0
ORD02088,CUST0007,Retail,WH_NORTH,Standard,Furniture,1606.44,2026-04-22 16:38:00,2026-04-30 21:51:00,197.22,1,0,0
ORD02089,CUST0222,SMB,WH_SOUTH,Standard,Industrial,1258.15,2026-01-05 10:25:00,2026-01-10 06:07:00,115.7,0,0,0
ORD02090,CUST0438,SMB,WH_SOUTH,Express,Office Supplies,5778.93,2026-01-18 15:20:00,2026-01-23 18:05:00,122.75,0,0,1
ORD02091,CUST0012,Retail,WH_SOUTH,Express,Furniture,2348.18,2026-06-03 13:08:00,2026-06-07 01:20:00,84.2,0,1,0
ORD02092,CUST0096,SMB,WH_NORTH,Priority,Office Supplies,2299.34,2026-05-06 12:29:00,2026-05-09 06:42:00,66.22,0,0,0
ORD02093,CUST0590,SMB,WH_WEST,Priority,Electronics,2974.31,2026-06-04 12:23:00,2026-06-08 17:14:00,100.85,0,0,0
ORD02094,CUST0792,Enterprise,WH_EAST,Express,Industrial,727.01,2026-02-22 14:34:00,2026-02-28 13:43:00,143.15,0,0,0
ORD02095,CUST0877,Enterprise,WH_SOUTH,Priority,Office Supplies,4151.77,2026-06-19 16:29:00,2026-06-28 08:25:00,207.93,1,0,0
ORD02096,CUST0238,Enterprise,WH_WEST,Express,Electronics,1701.71,2026-01-31 08:16:00,2026-02-08 01:35:00,185.32,1,0,0
ORD02097,CUST0852,Retail,WH_NORTH,Standard,Office Supplies,3091.42,2026-01-31 10:54:00,2026-02-09 21:52:00,226.97,1,0,0
ORD02098,CUST0027,Enterprise,WH_EAST,Priority,Clothing,767.02,2026-06-23 16:49:00,2026-07-03 16:22:00,239.55,1,0,0
ORD02099,CUST0023,Enterprise,WH_WEST,Express,Office Supplies,521.65,2026-03-07 12:35:00,2026-03-13 02:02:00,133.45,0,0,1
ORD02100,CUST0745,SMB,WH_WEST,Standard,Industrial,3478.34,2026-06-05 15:10:00,2026-06-12 09:07:00,161.95,0,0,0
ORD02101,CUST0265,Retail,WH_WEST,Priority,Office Supplies,2443.36,2026-02-08 13:07:00,2026-02-16 20:40:00,199.55,1,0,0
ORD02102,CUST0923,Retail,WH_WEST,Priority,Furniture,878.63,2026-06-20 15:58:00,2026-06-23 16:01:00,72.05,0,0,0
ORD02103,CUST0816,Retail,WH_WEST,Express,Industrial,901.69,2026-01-31 16:20:00,2026-02-07 14:44:00,166.4,0,1,0
ORD02104,CUST0387,Enterprise,WH_NORTH,Express,Electronics,4448.61,2026-02-21 09:26:00,2026-03-01 13:25:00,195.98,1,0,0
ORD02105,CUST0450,Enterprise,WH_WEST,Priority,Clothing,698.18,2026-01-03 14:55:00,2026-01-14 00:20:00,249.42,1,0,0
ORD02106,CUST0473,Enterprise,WH_WEST,Standard,Industrial,6728.71,2026-01-09 10:47:00,2026-01-19 22:42:00,251.92,1,0,0
ORD02107,CUST0827,Retail,WH_WEST,Standard,Electronics,879.63,2026-06-24 11:27:00,2026-07-03 12:41:00,217.23,1,0,0
ORD02108,CUST0232,Enterprise,WH_NORTH,Standard,Electronics,3013.07,2026-04-21 14:28:00,2026-05-03 20:42:00,294.23,1,0,0
ORD02109,CUST0285,SMB,WH_SOUTH,Standard,Furniture,1390.06,2026-05-09 14:58:00,2026-05-14 10:18:00,115.33,0,0,0
ORD02110,CUST0119,SMB,WH_SOUTH,Express,Office Supplies,2929.39,2026-06-17 16:24:00,2026-06-23 15:06:00,142.7,0,0,0
ORD02111,CUST0682,SMB,WH_EAST,Standard,Clothing,1169.94,2026-02-10 17:23:00,2026-02-16 09:22:00,135.98,0,0,0
ORD02112,CUST0956,Retail,WH_EAST,Express,Office Supplies,1587.26,2026-02-08 14:15:00,2026-02-16 00:32:00,178.28,1,1,0
ORD02113,CUST0078,SMB,WH_SOUTH,Priority,Clothing,1868.21,2026-05-31 13:13:00,2026-06-03 03:25:00,62.2,0,0,0
ORD02114,CUST0640,SMB,WH_WEST,Priority,Furniture,810.99,2026-01-29 11:17:00,2026-02-03 18:49:00,127.53,0,0,1
ORD02115,CUST0925,Enterprise,WH_WEST,Priority,Office Supplies,3270.37,2026-01-25 08:06:00,2026-02-03 11:44:00,219.63,1,0,1
ORD02116,CUST0683,Enterprise,WH_NORTH,Express,Office Supplies,1199.22,2026-01-29 15:48:00,2026-02-07 13:06:00,213.3,1,0,0
ORD02117,CUST0560,SMB,WH_NORTH,Standard,Furniture,1505.86,2026-02-25 12:45:00,2026-03-07 02:07:00,229.37,1,0,0
ORD02118,CUST0738,Retail,WH_WEST,Priority,Electronics,816.09,2026-06-12 10:06:00,2026-06-15 03:17:00,65.18,0,0,0
ORD02119,CUST0165,SMB,WH_EAST,Express,Industrial,232.79,2026-03-08 10:32:00,2026-03-13 17:11:00,126.65,0,0,0
ORD02120,CUST0637,Retail,WH_EAST,Priority,Clothing,1551.81,2026-06-03 09:54:00,2026-06-08 11:03:00,121.15,0,1,1
ORD02121,CUST0778,SMB,WH_WEST,Express,Industrial,12457.68,2026-05-12 09:13:00,2026-05-19 15:46:00,174.55,1,0,0
ORD02122,CUST0278,Enterprise,WH_EAST,Priority,Industrial,3386.94,2026-02-06 17:56:00,2026-02-13 16:49:00,166.88,0,0,0
ORD02123,CUST0102,Retail,WH_SOUTH,Priority,Clothing,1780.4,2026-04-03 15:16:00,2026-04-06 08:42:00,65.43,0,0,0
ORD02124,CUST0531,SMB,WH_SOUTH,Express,Clothing,1465.11,2026-02-06 15:32:00,2026-02-13 21:20:00,173.8,1,0,0
ORD02125,CUST0628,Enterprise,WH_SOUTH,Express,Office Supplies,1840.83,2026-04-17 10:29:00,2026-04-25 14:23:00,195.9,1,0,0
ORD02126,CUST0721,SMB,WH_EAST,Priority,Industrial,2800.9,2026-05-24 08:10:00,2026-05-27 03:14:00,67.07,0,0,0
ORD02127,CUST0137,Retail,WH_WEST,Priority,Clothing,702.99,2026-03-10 15:14:00,2026-03-16 06:57:00,135.72,0,0,0
ORD02128,CUST0754,Retail,WH_NORTH,Express,Industrial,4409.24,2026-04-30 17:40:00,2026-05-04 09:44:00,88.07,0,0,0
ORD02129,CUST0730,Enterprise,WH_NORTH,Priority,Electronics,3204.48,2026-03-17 08:35:00,2026-03-27 06:13:00,237.63,1,0,0
ORD02130,CUST0660,Enterprise,WH_SOUTH,Priority,Clothing,3211.68,2026-02-06 10:20:00,2026-02-13 21:09:00,178.82,1,0,0
ORD02131,CUST0457,Enterprise,WH_EAST,Standard,Electronics,2567.74,2026-06-18 16:33:00,2026-06-29 10:12:00,257.65,1,0,0
ORD02132,CUST0501,Enterprise,WH_EAST,Standard,Clothing,1836.64,2026-04-29 13:57:00,2026-05-07 15:35:00,193.63,1,0,0
ORD02133,CUST0349,Enterprise,WH_SOUTH,Priority,Electronics,3097.31,2026-02-08 13:19:00,2026-02-19 09:59:00,260.67,1,0,0
ORD02134,CUST0221,Retail,WH_WEST,Standard,Furniture,2902.86,2026-05-27 13:39:00,2026-06-02 03:18:00,133.65,0,0,0
ORD02135,CUST0976,Retail,WH_EAST,Standard,Electronics,1362.08,2026-06-08 12:29:00,2026-06-17 21:03:00,224.57,1,0,0
ORD02136,CUST0584,Retail,WH_NORTH,Express,Office Supplies,1142.67,2026-06-10 10:51:00,2026-06-14 08:48:00,93.95,0,1,1
ORD02137,CUST0405,SMB,WH_SOUTH,Standard,Clothing,1961.54,2026-05-06 13:37:00,2026-05-16 11:45:00,238.13,1,0,0
ORD02138,CUST0009,Retail,WH_NORTH,Express,Clothing,6243.0,2026-05-12 15:57:00,2026-05-19 12:53:00,164.93,0,0,0
ORD02139,CUST0721,Retail,WH_SOUTH,Express,Office Supplies,670.96,2026-02-20 08:22:00,2026-02-25 15:14:00,126.87,0,0,0
ORD02140,CUST0778,SMB,WH_SOUTH,Standard,Industrial,558.91,2026-04-29 13:43:00,2026-05-06 01:48:00,156.08,0,0,0
ORD02141,CUST0682,Enterprise,WH_NORTH,Express,Office Supplies,2062.78,2026-04-23 17:05:00,2026-05-01 14:35:00,189.5,1,0,0
ORD02142,CUST0403,Retail,WH_WEST,Express,Clothing,1883.17,2026-05-02 10:50:00,2026-05-05 13:36:00,74.77,0,0,0
ORD02143,CUST0224,SMB,WH_SOUTH,Standard,Industrial,2076.99,2026-05-27 13:45:00,2026-06-01 07:52:00,114.12,0,0,0
ORD02144,CUST0765,Retail,WH_NORTH,Express,Furniture,2197.69,2026-05-14 11:41:00,2026-05-21 02:50:00,159.15,0,0,0
ORD02145,CUST0091,Retail,WH_EAST,Priority,Office Supplies,1512.38,2026-02-22 14:42:00,2026-02-28 14:11:00,143.48,0,0,0
ORD02146,CUST0066,SMB,WH_EAST,Express,Furniture,5954.43,2026-01-05 08:41:00,2026-01-08 23:06:00,86.42,0,0,1
ORD02147,CUST0893,Retail,WH_EAST,Standard,Electronics,502.34,2026-02-22 13:48:00,2026-02-28 08:48:00,139.0,0,0,0
ORD02148,CUST0784,Retail,WH_EAST,Priority,Office Supplies,931.88,2026-04-11 15:29:00,2026-04-15 00:56:00,81.45,0,0,0
ORD02149,CUST0334,Retail,WH_EAST,Priority,Furniture,1664.69,2026-05-03 08:03:00,2026-05-08 06:59:00,118.93,0,0,0
ORD02150,CUST0431,Enterprise,WH_NORTH,Standard,Furniture,485.63,2026-04-22 16:54:00,2026-05-02 03:15:00,226.35,1,0,0
ORD02151,CUST0771,SMB,WH_NORTH,Express,Clothing,1570.76,2026-03-28 16:38:00,2026-03-31 12:44:00,68.1,0,0,0
ORD02152,CUST0891,Enterprise,WH_WEST,Standard,Furniture,6830.66,2026-02-07 16:49:00,2026-02-21 04:59:00,324.17,1,0,0
ORD02153,CUST0665,SMB,WH_WEST,Express,Furniture,1838.51,2026-04-16 16:42:00,2026-04-20 19:19:00,98.62,0,0,0
ORD02154,CUST0777,Enterprise,WH_NORTH,Priority,Clothing,2174.51,2026-06-25 08:33:00,2026-06-29 16:39:00,104.1,0,0,0
ORD02155,CUST0328,Enterprise,WH_NORTH,Standard,Office Supplies,659.75,2026-06-14 16:56:00,2026-06-23 01:21:00,200.42,1,0,0
ORD02156,CUST0805,SMB,WH_EAST,Express,Furniture,1104.24,2026-02-26 11:19:00,2026-03-06 14:59:00,195.67,1,0,0
ORD02157,CUST0118,SMB,WH_NORTH,Standard,Furniture,1339.22,2026-02-25 15:18:00,2026-03-04 10:21:00,163.05,0,0,0
ORD02158,CUST0931,SMB,WH_NORTH,Express,Furniture,1402.24,2026-04-17 08:39:00,2026-04-19 22:53:00,62.23,0,0,0
ORD02159,CUST0586,Retail,WH_EAST,Standard,Office Supplies,5040.77,2026-05-23 09:28:00,2026-05-31 04:20:00,186.87,1,0,0
ORD02160,CUST0519,Retail,WH_EAST,Express,Industrial,2824.69,2026-01-30 11:07:00,2026-02-08 07:22:00,212.25,1,0,1
ORD02161,CUST0489,SMB,WH_WEST,Standard,Industrial,743.1,2026-06-13 10:05:00,2026-06-23 11:16:00,241.18,1,0,0
ORD02162,CUST0607,Enterprise,WH_SOUTH,Priority,Furniture,2202.18,2026-06-02 08:40:00,2026-06-10 15:58:00,199.3,1,0,0
ORD02163,CUST0034,Retail,WH_EAST,Priority,Electronics,2693.45,2026-05-27 11:17:00,2026-05-30 01:55:00,62.63,0,0,0
ORD02164,CUST0794,SMB,WH_WEST,Standard,Furniture,4501.29,2026-04-06 11:56:00,2026-04-15 05:49:00,209.88,1,0,0
ORD02165,CUST0191,Retail,WH_NORTH,Express,Electronics,6402.43,2026-05-15 15:35:00,2026-05-23 07:06:00,183.52,1,0,0
ORD02166,CUST0254,Retail,WH_NORTH,Express,Industrial,802.65,2026-02-26 17:41:00,2026-03-05 06:55:00,157.23,0,0,0
ORD02167,CUST0953,Enterprise,WH_EAST,Standard,Clothing,945.12,2026-03-13 13:42:00,2026-03-19 02:39:00,132.95,0,0,0
ORD02168,CUST0415,Enterprise,WH_EAST,Express,Office Supplies,661.12,2026-02-10 13:18:00,2026-02-18 23:45:00,202.45,1,0,0
ORD02169,CUST0285,Retail,WH_EAST,Standard,Office Supplies,1499.35,2026-05-22 15:42:00,2026-05-30 11:08:00,187.43,1,0,0
ORD02170,CUST0347,Enterprise,WH_WEST,Express,Office Supplies,2625.66,2026-02-25 17:23:00,2026-03-04 06:11:00,156.8,0,0,0
ORD02171,CUST0398,Retail,WH_SOUTH,Express,Electronics,3983.31,2026-02-16 15:55:00,2026-02-21 01:59:00,106.07,0,0,0
ORD02172,CUST0318,Enterprise,WH_NORTH,Express,Electronics,1701.46,2026-05-03 11:00:00,2026-05-14 04:12:00,257.2,1,1,0
ORD02173,CUST0952,SMB,WH_NORTH,Express,Furniture,1399.85,2026-02-20 16:25:00,2026-02-25 23:06:00,126.68,0,0,0
ORD02174,CUST0753,SMB,WH_EAST,Standard,Electronics,2041.43,2026-03-23 15:30:00,2026-03-31 23:40:00,200.17,1,0,0
ORD02175,CUST0826,Retail,WH_EAST,Express,Furniture,926.94,2026-02-24 13:31:00,2026-03-03 02:20:00,156.82,0,0,1
ORD02176,CUST0061,Retail,WH_WEST,Express,Office Supplies,9620.3,2026-03-04 09:25:00,2026-03-08 03:36:00,90.18,0,0,0
ORD02177,CUST0237,Enterprise,WH_EAST,Priority,Clothing,499.63,2026-04-23 13:02:00,2026-04-28 04:58:00,111.93,0,0,0
ORD02178,CUST0318,Retail,WH_EAST,Standard,Clothing,2096.01,2026-04-22 13:47:00,2026-04-29 15:07:00,169.33,1,0,0
ORD02179,CUST0372,Retail,WH_EAST,Priority,Electronics,9126.02,2026-05-05 08:33:00,2026-05-10 10:17:00,121.73,0,0,0
ORD02180,CUST0688,Enterprise,WH_NORTH,Priority,Electronics,1817.9,2026-03-08 13:13:00,2026-03-14 23:13:00,154.0,0,1,0
ORD02181,CUST0704,Enterprise,WH_WEST,Priority,Industrial,1553.04,2026-01-14 17:37:00,2026-01-22 13:52:00,188.25,1,1,0
ORD02182,CUST0302,Retail,WH_WEST,Standard,Furniture,1358.37,2026-05-21 09:23:00,2026-05-29 11:19:00,193.93,1,0,0
ORD02183,CUST0432,Enterprise,WH_NORTH,Express,Industrial,1565.07,2026-06-01 16:28:00,2026-06-10 00:12:00,199.73,1,0,0
ORD02184,CUST0039,Retail,WH_NORTH,Priority,Office Supplies,5422.32,2026-06-07 15:07:00,2026-06-14 00:36:00,153.48,0,0,0
ORD02185,CUST0961,SMB,WH_NORTH,Express,Industrial,308.13,2026-01-23 14:21:00,2026-01-27 17:01:00,98.67,0,0,0
ORD02186,CUST0614,Retail,WH_WEST,Priority,Clothing,6165.64,2026-04-05 12:05:00,2026-04-09 14:45:00,98.67,0,0,0
ORD02187,CUST0022,Retail,WH_SOUTH,Standard,Industrial,578.73,2026-03-05 17:25:00,2026-03-14 03:08:00,201.72,1,0,0
ORD02188,CUST0268,Enterprise,WH_EAST,Standard,Industrial,1460.71,2026-06-27 09:12:00,2026-07-04 05:47:00,164.58,0,0,0
ORD02189,CUST0884,SMB,WH_EAST,Standard,Electronics,1282.55,2026-05-28 13:17:00,2026-06-04 21:51:00,176.57,1,0,0
ORD02190,CUST0663,Retail,WH_SOUTH,Standard,Industrial,2895.3,2026-02-10 15:04:00,2026-02-19 11:04:00,212.0,1,0,1
ORD02191,CUST0163,Enterprise,WH_WEST,Standard,Furniture,503.46,2026-04-15 10:28:00,2026-04-27 13:10:00,290.7,1,0,0
ORD02192,CUST0771,Retail,WH_EAST,Priority,Furniture,2616.88,2026-05-28 12:17:00,2026-05-31 14:01:00,73.73,0,0,0
ORD02193,CUST0932,Enterprise,WH_EAST,Express,Industrial,9131.16,2026-04-23 16:13:00,2026-04-29 21:07:00,148.9,0,1,0
ORD02194,CUST0205,Retail,WH_NORTH,Express,Electronics,607.57,2026-05-12 08:06:00,2026-05-16 21:50:00,109.73,0,0,0
ORD02195,CUST0513,Enterprise,WH_EAST,Standard,Electronics,2104.36,2026-04-01 12:49:00,2026-04-12 17:09:00,268.33,1,0,0
ORD02196,CUST0013,Enterprise,WH_WEST,Standard,Industrial,1064.66,2026-04-01 08:18:00,2026-04-12 09:14:00,264.93,1,0,0
ORD02197,CUST0714,SMB,WH_SOUTH,Priority,Electronics,2542.01,2026-03-04 13:02:00,2026-03-13 16:52:00,219.83,1,1,1
ORD02198,CUST0066,Retail,WH_NORTH,Priority,Industrial,1835.95,2026-06-14 13:11:00,2026-06-20 07:11:00,138.0,0,0,1
ORD02199,CUST0043,Enterprise,WH_WEST,Express,Furniture,1082.26,2026-01-14 16:43:00,2026-01-24 18:37:00,241.9,1,0,0
ORD02200,CUST0648,Retail,WH_SOUTH,Express,Industrial,2671.24,2026-03-15 16:52:00,2026-03-19 07:16:00,86.4,0,0,0
ORD02201,CUST0912,Enterprise,WH_EAST,Standard,Office Supplies,7657.79,2026-02-23 10:08:00,2026-03-03 15:40:00,197.53,1,0,0
ORD02202,CUST0550,SMB,WH_WEST,Express,Office Supplies,1551.96,2026-03-10 15:34:00,2026-03-19 01:31:00,201.95,1,0,0
ORD02203,CUST0248,SMB,WH_WEST,Express,Clothing,3215.72,2026-06-15 08:17:00,2026-06-20 06:20:00,118.05,0,0,0
ORD02204,CUST0119,Enterprise,WH_WEST,Standard,Electronics,642.51,2026-02-28 13:37:00,2026-03-11 14:36:00,264.98,1,0,0
ORD02205,CUST0032,Retail,WH_NORTH,Priority,Furniture,841.22,2026-02-23 13:11:00,2026-03-01 21:12:00,152.02,0,0,0
ORD02206,CUST0762,Enterprise,WH_EAST,Express,Industrial,2638.39,2026-02-28 11:07:00,2026-03-10 12:10:00,241.05,1,0,0
ORD02207,CUST0048,Enterprise,WH_EAST,Priority,Office Supplies,5927.11,2026-04-03 08:35:00,2026-04-13 15:40:00,247.08,1,1,0
ORD02208,CUST0378,SMB,WH_NORTH,Express,Furniture,2403.04,2026-04-03 10:16:00,2026-04-06 11:38:00,73.37,0,0,0
ORD02209,CUST0407,SMB,WH_WEST,Priority,Industrial,1407.48,2026-01-06 10:18:00,2026-01-14 01:04:00,182.77,1,0,0
ORD02210,CUST0088,SMB,WH_WEST,Standard,Furniture,1807.02,2026-02-02 15:55:00,2026-02-11 20:37:00,220.7,1,0,0
ORD02211,CUST0610,SMB,WH_NORTH,Priority,Office Supplies,664.92,2026-03-05 09:30:00,2026-03-12 22:43:00,181.22,1,0,0
ORD02212,CUST0320,SMB,WH_EAST,Express,Industrial,2932.5,2026-02-25 09:58:00,2026-03-03 02:46:00,136.8,0,0,0
ORD02213,CUST0318,Retail,WH_EAST,Standard,Office Supplies,3662.37,2026-04-01 15:47:00,2026-04-09 20:40:00,196.88,1,0,0
ORD02214,CUST0107,Retail,WH_SOUTH,Standard,Electronics,1259.32,2026-01-27 10:28:00,2026-02-03 23:43:00,181.25,1,0,0
ORD02215,CUST0482,SMB,WH_WEST,Express,Clothing,1241.36,2026-01-04 08:04:00,2026-01-09 17:42:00,129.63,0,0,0
ORD02216,CUST0077,SMB,WH_NORTH,Express,Furniture,2236.58,2026-03-11 10:19:00,2026-03-16 00:53:00,110.57,0,0,0
ORD02217,CUST0282,Enterprise,WH_SOUTH,Standard,Electronics,1274.9,2026-06-14 14:57:00,2026-06-24 01:23:00,226.43,1,0,0
ORD02218,CUST0244,Retail,WH_EAST,Express,Industrial,1714.87,2026-03-23 10:04:00,2026-03-30 15:38:00,173.57,1,0,0
ORD02219,CUST0035,Retail,WH_EAST,Express,Electronics,9698.99,2026-01-25 11:30:00,2026-01-29 00:56:00,85.43,0,0,0
ORD02220,CUST0655,Retail,WH_WEST,Express,Office Supplies,1483.83,2026-06-25 13:28:00,2026-07-02 09:45:00,164.28,0,1,0
ORD02221,CUST0501,SMB,WH_EAST,Standard,Furniture,1357.4,2026-03-10 11:23:00,2026-03-17 12:52:00,169.48,1,0,0
ORD02222,CUST0079,SMB,WH_WEST,Standard,Clothing,1077.03,2026-01-02 17:13:00,2026-01-11 23:24:00,222.18,1,1,0
ORD02223,CUST0174,SMB,WH_NORTH,Priority,Clothing,3279.2,2026-01-09 17:22:00,2026-01-12 17:15:00,71.88,0,0,0
ORD02224,CUST0407,Retail,WH_SOUTH,Priority,Office Supplies,1564.03,2026-06-12 10:18:00,2026-06-20 06:46:00,188.47,1,0,0
ORD02225,CUST0526,Retail,WH_NORTH,Priority,Electronics,1075.46,2026-04-11 16:51:00,2026-04-15 06:35:00,85.73,0,0,0
ORD02226,CUST0798,Enterprise,WH_SOUTH,Standard,Electronics,5203.27,2026-02-17 13:24:00,2026-02-24 01:26:00,156.03,0,1,0
ORD02227,CUST0095,SMB,WH_SOUTH,Standard,Industrial,5628.97,2026-06-17 15:12:00,2026-06-22 18:16:00,123.07,0,0,0
ORD02228,CUST0013,Enterprise,WH_EAST,Standard,Industrial,1118.41,2026-06-02 11:57:00,2026-06-10 14:53:00,194.93,1,0,0
ORD02229,CUST0373,Retail,WH_EAST,Priority,Office Supplies,406.17,2026-05-06 15:38:00,2026-05-11 15:43:00,120.08,0,0,0
ORD02230,CUST0534,SMB,WH_NORTH,Priority,Electronics,4048.13,2026-02-02 17:09:00,2026-02-04 16:17:00,47.13,0,0,0
ORD02231,CUST0487,Enterprise,WH_EAST,Express,Electronics,1045.55,2026-02-15 12:25:00,2026-02-19 19:47:00,103.37,0,0,0
ORD02232,CUST0572,Enterprise,WH_WEST,Priority,Clothing,3403.3,2026-06-30 15:03:00,2026-07-11 06:27:00,255.4,1,0,0
ORD02233,CUST0211,Retail,WH_WEST,Standard,Electronics,373.87,2026-02-27 09:27:00,2026-03-09 11:58:00,242.52,1,0,0
ORD02234,CUST0863,SMB,WH_EAST,Priority,Office Supplies,3692.57,2026-05-20 16:50:00,2026-05-25 06:01:00,109.18,0,0,0
ORD02235,CUST0813,SMB,WH_SOUTH,Standard,Clothing,686.13,2026-05-28 12:25:00,2026-06-04 10:53:00,166.47,0,0,0
ORD02236,CUST0330,Enterprise,WH_SOUTH,Express,Office Supplies,3244.16,2026-01-26 09:49:00,2026-02-07 13:46:00,291.95,1,0,0
ORD02237,CUST0999,SMB,WH_SOUTH,Priority,Industrial,1828.81,2026-04-01 11:29:00,2026-04-07 21:35:00,154.1,0,0,0
ORD02238,CUST0427,Enterprise,WH_WEST,Priority,Industrial,842.9,2026-02-24 11:05:00,2026-02-28 21:21:00,106.27,0,0,0
ORD02239,CUST0262,Enterprise,WH_NORTH,Express,Industrial,1305.54,2026-06-09 09:29:00,2026-06-18 05:57:00,212.47,1,0,1
ORD02240,CUST0047,Enterprise,WH_WEST,Standard,Industrial,3130.83,2026-02-16 12:28:00,2026-02-22 06:17:00,137.82,0,0,0
ORD02241,CUST0734,SMB,WH_SOUTH,Express,Office Supplies,1967.89,2026-06-12 09:08:00,2026-06-18 18:38:00,153.5,0,0,0
ORD02242,CUST0713,Enterprise,WH_EAST,Priority,Electronics,2885.72,2026-05-26 17:48:00,2026-06-04 22:27:00,220.65,1,0,0
ORD02243,CUST0302,Enterprise,WH_SOUTH,Express,Clothing,8788.09,2026-01-15 13:57:00,2026-01-25 01:11:00,227.23,1,0,0
ORD02244,CUST0819,Retail,WH_EAST,Priority,Office Supplies,517.29,2026-06-23 11:02:00,2026-07-01 04:29:00,185.45,1,0,1
ORD02245,CUST0020,SMB,WH_NORTH,Express,Industrial,6593.04,2026-04-02 12:33:00,2026-04-10 03:38:00,183.08,1,0,1
ORD02246,CUST0395,SMB,WH_SOUTH,Priority,Office Supplies,1965.47,2026-04-23 13:10:00,2026-05-01 06:23:00,185.22,1,1,0
ORD02247,CUST0062,Enterprise,WH_NORTH,Priority,Electronics,880.93,2026-06-28 15:38:00,2026-07-05 05:58:00,158.33,0,0,0
ORD02248,CUST0571,SMB,WH_NORTH,Priority,Clothing,623.75,2026-06-04 08:19:00,2026-06-11 01:55:00,161.6,0,0,0
ORD02249,CUST0701,SMB,WH_EAST,Express,Industrial,1554.18,2026-02-18 09:40:00,2026-02-23 22:41:00,133.02,0,0,0
ORD02250,CUST0987,Enterprise,WH_WEST,Express,Office Supplies,3779.4,2026-03-07 12:17:00,2026-03-13 16:20:00,148.05,0,0,0
ORD02251,CUST0521,Enterprise,WH_NORTH,Standard,Industrial,1632.65,2026-06-11 10:17:00,2026-06-19 10:13:00,191.93,1,0,0
ORD02252,CUST0911,Retail,WH_NORTH,Priority,Clothing,6056.72,2026-04-09 13:54:00,2026-04-12 10:14:00,68.33,0,0,0
ORD02253,CUST0660,Enterprise,WH_WEST,Express,Industrial,566.26,2026-06-20 15:26:00,2026-06-27 06:51:00,159.42,0,0,0
ORD02254,CUST0466,SMB,WH_NORTH,Standard,Office Supplies,1790.64,2026-05-27 15:19:00,2026-06-02 19:03:00,147.73,0,0,0
ORD02255,CUST0616,SMB,WH_SOUTH,Standard,Industrial,663.87,2026-03-06 10:21:00,2026-03-15 21:33:00,227.2,1,0,0
ORD02256,CUST0327,Enterprise,WH_NORTH,Priority,Clothing,2418.51,2026-06-17 14:46:00,2026-06-23 02:43:00,131.95,0,0,0
ORD02257,CUST0035,SMB,WH_EAST,Express,Electronics,3675.74,2026-02-04 13:47:00,2026-02-12 09:16:00,187.48,1,0,1
ORD02258,CUST0646,SMB,WH_SOUTH,Express,Clothing,1291.28,2026-05-21 12:22:00,2026-05-24 01:56:00,61.57,0,0,0
ORD02259,CUST0726,Enterprise,WH_EAST,Priority,Clothing,225.12,2026-02-25 08:43:00,2026-03-03 09:25:00,144.7,0,0,0
ORD02260,CUST0754,SMB,WH_WEST,Standard,Furniture,2119.97,2026-04-15 14:51:00,2026-04-23 02:45:00,179.9,1,1,0
ORD02261,CUST0202,Enterprise,WH_EAST,Standard,Industrial,2564.17,2026-06-04 14:51:00,2026-06-12 00:16:00,177.42,1,0,0
ORD02262,CUST0198,Retail,WH_WEST,Express,Electronics,2498.47,2026-06-25 15:51:00,2026-07-04 16:57:00,217.1,1,0,1
ORD02263,CUST0146,Enterprise,WH_SOUTH,Express,Electronics,4859.18,2026-01-06 16:04:00,2026-01-14 11:51:00,187.78,1,0,1
ORD02264,CUST0101,Enterprise,WH_NORTH,Priority,Industrial,767.51,2026-06-22 17:40:00,2026-06-29 18:06:00,168.43,1,1,0
ORD02265,CUST0160,Retail,WH_WEST,Standard,Clothing,3115.59,2026-04-22 13:37:00,2026-05-01 11:19:00,213.7,1,0,1
ORD02266,CUST0662,Enterprise,WH_EAST,Standard,Office Supplies,4693.84,2026-03-16 11:35:00,2026-03-24 13:17:00,193.7,1,0,0
ORD02267,CUST0753,Enterprise,WH_SOUTH,Priority,Furniture,435.78,2026-04-25 15:50:00,2026-05-02 15:11:00,167.35,0,0,0
ORD02268,CUST0162,SMB,WH_WEST,Priority,Office Supplies,2334.89,2026-02-07 12:55:00,2026-02-12 19:36:00,126.68,0,0,0
ORD02269,CUST0752,Retail,WH_EAST,Standard,Furniture,1207.92,2026-05-15 14:28:00,2026-05-20 04:50:00,110.37,0,0,0
ORD02270,CUST0612,Retail,WH_WEST,Express,Clothing,1693.89,2026-02-16 12:06:00,2026-02-18 22:58:00,58.87,0,0,0
ORD02271,CUST0472,Retail,WH_NORTH,Standard,Furniture,2387.83,2026-06-02 12:15:00,2026-06-10 01:09:00,180.9,1,0,0
ORD02272,CUST0326,Enterprise,WH_NORTH,Priority,Furniture,1224.41,2026-04-05 11:57:00,2026-04-12 15:16:00,171.32,1,0,0
ORD02273,CUST0059,Retail,WH_NORTH,Priority,Electronics,1053.04,2026-06-20 15:17:00,2026-06-24 02:27:00,83.17,0,1,0
ORD02274,CUST0723,Enterprise,WH_WEST,Express,Furniture,1858.12,2026-03-02 17:30:00,2026-03-10 00:49:00,175.32,1,1,0
ORD02275,CUST0973,Enterprise,WH_EAST,Standard,Industrial,757.64,2026-01-20 11:33:00,2026-01-26 13:33:00,146.0,0,0,0
ORD02276,CUST0850,Enterprise,WH_NORTH,Express,Clothing,758.5,2026-01-14 09:57:00,2026-01-20 21:43:00,155.77,0,0,0
ORD02277,CUST0816,SMB,WH_WEST,Priority,Industrial,3113.49,2026-04-17 08:54:00,2026-04-23 15:56:00,151.03,0,0,0
ORD02278,CUST0776,SMB,WH_NORTH,Priority,Clothing,721.23,2026-06-19 16:26:00,2026-06-27 12:55:00,188.48,1,0,0
ORD02279,CUST0112,SMB,WH_NORTH,Priority,Office Supplies,3081.12,2026-01-25 14:03:00,2026-02-02 13:37:00,191.57,1,1,0
ORD02280,CUST0756,SMB,WH_WEST,Standard,Clothing,2617.76,2026-03-11 12:05:00,2026-03-16 07:23:00,115.3,0,0,0
ORD02281,CUST0337,Enterprise,WH_NORTH,Express,Office Supplies,454.57,2026-06-18 14:49:00,2026-06-25 23:04:00,176.25,1,0,1
ORD02282,CUST0896,SMB,WH_NORTH,Express,Office Supplies,1051.47,2026-01-21 15:41:00,2026-01-26 20:48:00,125.12,0,0,0
ORD02283,CUST0611,SMB,WH_WEST,Express,Electronics,4699.86,2026-06-24 08:20:00,2026-07-02 17:54:00,201.57,1,0,0
ORD02284,CUST0776,Retail,WH_NORTH,Priority,Office Supplies,824.74,2026-01-02 08:57:00,2026-01-09 04:42:00,163.75,0,0,0
ORD02285,CUST0944,SMB,WH_WEST,Standard,Industrial,1246.98,2026-04-20 15:08:00,2026-04-25 18:22:00,123.23,0,0,0
ORD02286,CUST0114,Enterprise,WH_EAST,Express,Furniture,2616.65,2026-04-04 17:31:00,2026-04-10 07:16:00,133.75,0,0,0
ORD02287,CUST0608,SMB,WH_EAST,Priority,Industrial,3383.66,2026-06-10 14:37:00,2026-06-15 10:08:00,115.52,0,0,0
ORD02288,CUST0425,Retail,WH_NORTH,Standard,Office Supplies,1478.48,2026-05-19 08:09:00,2026-05-24 23:28:00,135.32,0,0,0
ORD02289,CUST0469,Enterprise,WH_NORTH,Express,Clothing,1121.02,2026-06-08 13:56:00,2026-06-18 09:01:00,235.08,1,0,0
ORD02290,CUST0881,Retail,WH_WEST,Standard,Industrial,5641.45,2026-01-14 10:49:00,2026-01-23 08:59:00,214.17,1,0,0
ORD02291,CUST0048,SMB,WH_NORTH,Priority,Clothing,7267.15,2026-01-05 17:28:00,2026-01-08 16:25:00,70.95,0,0,0
ORD02292,CUST0053,SMB,WH_NORTH,Express,Clothing,3956.39,2026-05-19 12:32:00,2026-05-24 13:00:00,120.47,0,0,0
ORD02293,CUST0719,Retail,WH_EAST,Priority,Industrial,1935.76,2026-01-01 16:38:00,2026-01-06 16:15:00,119.62,0,0,0
ORD02294,CUST0479,Retail,WH_NORTH,Express,Office Supplies,947.08,2026-03-04 08:16:00,2026-03-08 08:47:00,96.52,0,0,0
ORD02295,CUST0193,Retail,WH_NORTH,Standard,Clothing,930.43,2026-06-11 08:57:00,2026-06-14 20:19:00,83.37,0,0,0
ORD02296,CUST0555,Enterprise,WH_EAST,Express,Clothing,2746.3,2026-01-07 14:10:00,2026-01-15 22:48:00,200.63,1,0,0
ORD02297,CUST0920,Enterprise,WH_NORTH,Standard,Clothing,2526.82,2026-02-10 12:29:00,2026-02-21 11:48:00,263.32,1,0,1
ORD02298,CUST0368,SMB,WH_NORTH,Standard,Furniture,5548.48,2026-01-06 08:31:00,2026-01-15 01:59:00,209.47,1,0,1
ORD02299,CUST0576,SMB,WH_EAST,Standard,Office Supplies,3042.27,2026-04-30 17:12:00,2026-05-05 13:30:00,116.3,0,0,0
ORD02300,CUST0450,Enterprise,WH_NORTH,Express,Electronics,543.23,2026-02-22 15:13:00,2026-03-02 08:31:00,185.3,1,1,0
ORD02301,CUST0442,Enterprise,WH_EAST,Express,Clothing,4194.62,2026-06-23 11:05:00,2026-07-01 17:04:00,197.98,1,0,0
ORD02302,CUST0719,Retail,WH_SOUTH,Standard,Office Supplies,813.67,2026-04-25 17:35:00,2026-04-30 19:48:00,122.22,0,0,0
ORD02303,CUST0247,Retail,WH_SOUTH,Priority,Office Supplies,1329.85,2026-06-11 11:06:00,2026-06-16 17:30:00,126.4,0,0,0
ORD02304,CUST0252,SMB,WH_WEST,Express,Office Supplies,2208.7,2026-03-19 15:02:00,2026-03-27 13:51:00,190.82,1,0,1
ORD02305,CUST0516,SMB,WH_NORTH,Standard,Industrial,8924.31,2026-02-19 16:03:00,2026-02-27 18:28:00,194.42,1,0,0
ORD02306,CUST0512,Retail,WH_NORTH,Priority,Industrial,21762.31,2026-04-03 09:33:00,2026-04-07 21:02:00,107.48,0,0,0
ORD02307,CUST0518,SMB,WH_NORTH,Priority,Office Supplies,2937.69,2026-04-10 08:00:00,2026-04-14 02:25:00,90.42,0,0,0
ORD02308,CUST0379,Retail,WH_SOUTH,Priority,Clothing,1561.56,2026-04-07 13:32:00,2026-04-14 13:41:00,168.15,1,0,0
ORD02309,CUST0620,Enterprise,WH_WEST,Standard,Electronics,2772.78,2026-01-11 16:03:00,2026-01-21 09:43:00,233.67,1,0,0
ORD02310,CUST0253,SMB,WH_SOUTH,Express,Clothing,3678.0,2026-05-19 14:58:00,2026-05-22 01:41:00,58.72,0,0,0
ORD02311,CUST0433,Retail,WH_WEST,Priority,Industrial,1398.93,2026-03-18 08:20:00,2026-03-23 06:57:00,118.62,0,0,0
ORD02312,CUST0456,Retail,WH_SOUTH,Express,Furniture,7602.02,2026-04-23 09:08:00,2026-04-30 23:24:00,182.27,1,0,0
ORD02313,CUST0206,SMB,WH_NORTH,Standard,Electronics,2173.42,2026-05-03 13:24:00,2026-05-09 01:26:00,132.03,0,0,0
ORD02314,CUST0740,SMB,WH_NORTH,Priority,Office Supplies,2692.42,2026-05-03 14:27:00,2026-05-06 20:43:00,78.27,0,0,0
ORD02315,CUST0341,SMB,WH_WEST,Express,Industrial,3080.17,2026-04-09 10:07:00,2026-04-15 06:23:00,140.27,0,0,0
ORD02316,CUST0154,SMB,WH_EAST,Priority,Industrial,2533.28,2026-04-13 15:11:00,2026-04-15 16:47:00,49.6,0,0,0
ORD02317,CUST0102,SMB,WH_EAST,Standard,Furniture,3537.42,2026-05-13 10:28:00,2026-05-19 08:24:00,141.93,0,0,0
ORD02318,CUST0159,Retail,WH_EAST,Express,Industrial,1103.45,2026-06-16 16:47:00,2026-06-23 14:40:00,165.88,0,0,1
ORD02319,CUST0206,Retail,WH_WEST,Standard,Clothing,1156.74,2026-05-29 10:26:00,2026-06-02 05:21:00,90.92,0,0,1
ORD02320,CUST0600,Enterprise,WH_WEST,Express,Office Supplies,749.85,2026-01-10 17:58:00,2026-01-20 12:47:00,234.82,1,0,0
ORD02321,CUST0134,Retail,WH_WEST,Express,Furniture,2569.85,2026-01-02 13:11:00,2026-01-06 14:28:00,97.28,0,0,0
ORD02322,CUST0112,SMB,WH_WEST,Express,Industrial,3371.62,2026-05-26 09:02:00,2026-05-29 18:45:00,81.72,0,1,0
ORD02323,CUST0655,SMB,WH_SOUTH,Standard,Electronics,2607.69,2026-04-15 12:11:00,2026-04-25 01:47:00,229.6,1,0,0
ORD02324,CUST0690,Enterprise,WH_EAST,Express,Furniture,6902.19,2026-03-14 15:56:00,2026-03-25 18:11:00,266.25,1,1,0
ORD02325,CUST0655,SMB,WH_WEST,Priority,Furniture,1799.97,2026-01-16 12:46:00,2026-01-22 21:52:00,153.1,0,0,0
ORD02326,CUST0946,Retail,WH_EAST,Standard,Electronics,3087.12,2026-06-18 11:40:00,2026-06-26 19:50:00,200.17,1,0,0
ORD02327,CUST0538,SMB,WH_WEST,Priority,Clothing,754.94,2026-01-14 12:54:00,2026-01-23 05:20:00,208.43,1,0,0
ORD02328,CUST0462,Enterprise,WH_NORTH,Standard,Office Supplies,1326.53,2026-05-27 15:35:00,2026-06-05 07:50:00,208.25,1,0,0
ORD02329,CUST0130,SMB,WH_WEST,Priority,Clothing,3154.01,2026-06-04 15:49:00,2026-06-09 21:50:00,126.02,0,0,1
ORD02330,CUST0235,Retail,WH_EAST,Express,Industrial,3566.29,2026-03-31 09:41:00,2026-04-06 06:59:00,141.3,0,0,0
ORD02331,CUST0606,Retail,WH_EAST,Priority,Clothing,1429.14,2026-03-03 13:59:00,2026-03-07 12:10:00,94.18,0,0,0
ORD02332,CUST0076,Enterprise,WH_NORTH,Standard,Industrial,1707.39,2026-03-20 10:06:00,2026-03-30 09:48:00,239.7,1,0,0
ORD02333,CUST0379,SMB,WH_NORTH,Standard,Office Supplies,536.84,2026-04-05 08:40:00,2026-04-13 15:50:00,199.17,1,0,0
ORD02334,CUST0464,Enterprise,WH_SOUTH,Express,Office Supplies,1358.83,2026-05-15 08:16:00,2026-05-23 21:39:00,205.38,1,0,0
ORD02335,CUST0637,Enterprise,WH_WEST,Express,Office Supplies,3686.03,2026-01-28 16:19:00,2026-02-05 12:59:00,188.67,1,0,0
ORD02336,CUST0019,SMB,WH_NORTH,Express,Electronics,2864.54,2026-03-22 17:46:00,2026-03-28 20:47:00,147.02,0,0,0
ORD02337,CUST0753,Enterprise,WH_SOUTH,Standard,Electronics,2698.72,2026-06-15 15:36:00,2026-06-26 14:26:00,262.83,1,0,0
ORD02338,CUST0646,Enterprise,WH_NORTH,Standard,Electronics,1881.49,2026-01-06 08:10:00,2026-01-12 16:34:00,152.4,0,0,0
ORD02339,CUST0233,Retail,WH_NORTH,Express,Furniture,1818.29,2026-01-25 17:44:00,2026-01-30 01:26:00,103.7,0,0,0
ORD02340,CUST0726,SMB,WH_WEST,Priority,Industrial,1066.08,2026-02-17 10:25:00,2026-02-19 18:16:00,55.85,0,0,0
ORD02341,CUST0456,SMB,WH_EAST,Priority,Furniture,3162.32,2026-01-25 12:55:00,2026-02-01 06:02:00,161.12,0,0,0
ORD02342,CUST0181,Retail,WH_EAST,Standard,Office Supplies,2532.03,2026-03-13 08:36:00,2026-03-23 03:13:00,234.62,1,0,1
ORD02343,CUST0061,Retail,WH_EAST,Standard,Office Supplies,2680.12,2026-02-09 13:05:00,2026-02-16 21:50:00,176.75,1,0,0
ORD02344,CUST0849,SMB,WH_EAST,Express,Electronics,1186.99,2026-06-08 14:51:00,2026-06-11 18:43:00,75.87,0,0,0
ORD02345,CUST0002,SMB,WH_SOUTH,Priority,Clothing,322.89,2026-03-29 15:24:00,2026-04-06 03:54:00,180.5,1,0,0
ORD02346,CUST0492,Enterprise,WH_EAST,Standard,Clothing,4349.09,2026-01-01 14:33:00,2026-01-07 06:22:00,135.82,0,0,0
ORD02347,CUST0858,SMB,WH_NORTH,Express,Furniture,1232.66,2026-04-29 11:53:00,2026-05-03 20:05:00,104.2,0,0,0
ORD02348,CUST0064,Enterprise,WH_WEST,Express,Electronics,906.67,2026-05-03 09:54:00,2026-05-14 12:55:00,267.02,1,0,0
ORD02349,CUST0656,SMB,WH_WEST,Priority,Industrial,3148.82,2026-06-22 11:06:00,2026-06-29 07:50:00,164.73,0,0,0
ORD02350,CUST0848,Enterprise,WH_NORTH,Standard,Office Supplies,1321.32,2026-05-11 11:01:00,2026-05-20 01:20:00,206.32,1,0,0
ORD02351,CUST0467,Retail,WH_EAST,Express,Office Supplies,4221.51,2026-04-11 16:43:00,2026-04-18 01:27:00,152.73,0,0,0
ORD02352,CUST0264,SMB,WH_WEST,Priority,Clothing,2961.95,2026-01-05 09:51:00,2026-01-08 10:09:00,72.3,0,0,0
ORD02353,CUST0284,Retail,WH_NORTH,Standard,Office Supplies,3123.96,2026-02-16 12:48:00,2026-02-22 01:55:00,133.12,0,0,0
ORD02354,CUST0680,Retail,WH_SOUTH,Standard,Clothing,606.22,2026-05-26 14:40:00,2026-05-31 04:15:00,109.58,0,0,0
ORD02355,CUST0727,SMB,WH_SOUTH,Priority,Electronics,4767.39,2026-01-07 12:57:00,2026-01-10 23:45:00,82.8,0,1,0
ORD02356,CUST0620,Retail,WH_SOUTH,Express,Furniture,2228.31,2026-05-07 16:36:00,2026-05-10 09:22:00,64.77,0,0,0
ORD02357,CUST0656,Retail,WH_WEST,Standard,Clothing,1345.58,2026-03-20 09:27:00,2026-03-31 07:38:00,262.18,1,0,0
ORD02358,CUST0052,SMB,WH_NORTH,Priority,Office Supplies,2027.81,2026-03-30 16:09:00,2026-04-05 10:58:00,138.82,0,0,0
ORD02359,CUST0007,Enterprise,WH_NORTH,Standard,Furniture,436.6,2026-01-22 13:04:00,2026-02-04 12:16:00,311.2,1,1,0
ORD02360,CUST0271,Retail,WH_NORTH,Express,Office Supplies,2507.2,2026-03-30 16:59:00,2026-04-04 02:30:00,105.52,0,0,0
ORD02361,CUST0269,Enterprise,WH_SOUTH,Express,Industrial,793.54,2026-06-28 15:03:00,2026-07-07 07:06:00,208.05,1,0,0
ORD02362,CUST0204,SMB,WH_EAST,Priority,Furniture,612.69,2026-01-24 11:33:00,2026-01-31 02:49:00,159.27,0,1,0
ORD02363,CUST0378,Enterprise,WH_SOUTH,Standard,Industrial,534.92,2026-04-03 08:32:00,2026-04-11 03:17:00,186.75,1,0,0
ORD02364,CUST0258,Enterprise,WH_SOUTH,Priority,Furniture,4403.48,2026-05-26 13:51:00,2026-06-02 01:36:00,155.75,0,0,0
ORD02365,CUST0013,Retail,WH_WEST,Express,Clothing,1092.9,2026-03-25 16:02:00,2026-04-03 17:56:00,217.9,1,0,1
ORD02366,CUST0452,Retail,WH_SOUTH,Standard,Industrial,6167.09,2026-01-06 14:56:00,2026-01-14 14:54:00,191.97,1,0,0
ORD02367,CUST0361,Retail,WH_SOUTH,Standard,Industrial,1177.75,2026-02-06 11:59:00,2026-02-15 06:41:00,210.7,1,0,0
ORD02368,CUST0766,Enterprise,WH_NORTH,Express,Electronics,461.33,2026-03-15 15:30:00,2026-03-24 10:45:00,211.25,1,0,0
ORD02369,CUST0883,Enterprise,WH_EAST,Priority,Furniture,740.1,2026-05-19 17:35:00,2026-05-29 19:40:00,242.08,1,0,0
ORD02370,CUST0277,SMB,WH_EAST,Standard,Furniture,4859.3,2026-06-10 13:59:00,2026-06-20 00:12:00,226.22,1,0,0
ORD02371,CUST0125,Retail,WH_SOUTH,Standard,Industrial,1596.04,2026-01-20 16:43:00,2026-01-26 15:38:00,142.92,0,0,0
ORD02372,CUST0532,Retail,WH_SOUTH,Standard,Electronics,1166.04,2026-04-08 10:37:00,2026-04-13 22:57:00,132.33,0,1,0
ORD02373,CUST0650,SMB,WH_NORTH,Express,Office Supplies,2054.97,2026-03-27 14:58:00,2026-03-29 23:14:00,56.27,0,0,0
ORD02374,CUST0694,Enterprise,WH_WEST,Priority,Electronics,2701.13,2026-01-24 08:29:00,2026-02-02 09:24:00,216.92,1,0,0
ORD02375,CUST0268,Enterprise,WH_EAST,Express,Furniture,4420.11,2026-01-29 11:11:00,2026-02-08 04:15:00,233.07,1,0,0
ORD02376,CUST0821,Enterprise,WH_EAST,Priority,Clothing,5760.61,2026-06-28 11:02:00,2026-07-05 05:06:00,162.07,0,0,0
ORD02377,CUST0778,Enterprise,WH_NORTH,Priority,Industrial,1355.85,2026-03-13 15:10:00,2026-03-18 18:14:00,123.07,0,0,0
ORD02378,CUST0110,Enterprise,WH_SOUTH,Express,Office Supplies,625.88,2026-01-30 15:50:00,2026-02-06 21:40:00,173.83,1,0,0
ORD02379,CUST0025,Enterprise,WH_WEST,Standard,Clothing,1298.84,2026-01-30 14:22:00,2026-02-07 19:22:00,197.0,1,0,0
ORD02380,CUST0617,SMB,WH_SOUTH,Standard,Furniture,2226.59,2026-04-12 10:09:00,2026-04-18 15:58:00,149.82,0,0,0
ORD02381,CUST0006,SMB,WH_NORTH,Express,Office Supplies,836.3,2026-04-10 09:55:00,2026-04-15 20:06:00,130.18,0,0,0
ORD02382,CUST0374,Retail,WH_NORTH,Priority,Office Supplies,840.74,2026-05-22 08:27:00,2026-05-26 21:46:00,109.32,0,0,0
ORD02383,CUST0432,SMB,WH_SOUTH,Standard,Electronics,2380.42,2026-03-21 17:17:00,2026-03-26 15:25:00,118.13,0,0,0
ORD02384,CUST0031,SMB,WH_WEST,Standard,Electronics,1739.02,2026-05-31 10:18:00,2026-06-06 09:10:00,142.87,0,0,0
ORD02385,CUST0677,SMB,WH_EAST,Express,Furniture,1856.11,2026-02-26 17:06:00,2026-03-06 02:17:00,177.18,1,0,1
ORD02386,CUST0045,Retail,WH_NORTH,Express,Industrial,985.55,2026-05-13 11:41:00,2026-05-21 11:27:00,191.77,1,0,0
ORD02387,CUST0734,SMB,WH_EAST,Priority,Clothing,1503.69,2026-06-14 10:03:00,2026-06-17 13:09:00,75.1,0,1,1
ORD02388,CUST0864,SMB,WH_NORTH,Express,Electronics,863.17,2026-04-27 13:07:00,2026-05-04 18:52:00,173.75,1,0,0
ORD02389,CUST0097,Retail,WH_WEST,Standard,Furniture,3685.49,2026-06-22 16:40:00,2026-07-02 06:36:00,229.93,1,0,0
ORD02390,CUST0866,Enterprise,WH_WEST,Standard,Furniture,4138.96,2026-04-09 13:14:00,2026-04-21 07:33:00,282.32,1,1,0
ORD02391,CUST0378,Enterprise,WH_EAST,Priority,Electronics,412.84,2026-01-13 10:40:00,2026-01-20 22:43:00,180.05,1,0,0
ORD02392,CUST0261,SMB,WH_SOUTH,Priority,Electronics,859.53,2026-01-10 17:01:00,2026-01-13 10:12:00,65.18,0,0,0
ORD02393,CUST0155,SMB,WH_SOUTH,Standard,Industrial,546.09,2026-03-17 09:31:00,2026-03-25 05:06:00,187.58,1,1,0
ORD02394,CUST0761,SMB,WH_NORTH,Express,Furniture,1074.9,2026-02-17 16:01:00,2026-02-24 21:51:00,173.83,1,0,0
ORD02395,CUST0629,SMB,WH_NORTH,Priority,Clothing,1691.29,2026-05-22 10:35:00,2026-05-26 05:10:00,90.58,0,0,0
ORD02396,CUST0821,Retail,WH_WEST,Priority,Clothing,566.96,2026-04-22 09:08:00,2026-04-28 20:29:00,155.35,0,0,0
ORD02397,CUST0392,SMB,WH_SOUTH,Standard,Office Supplies,864.81,2026-03-08 13:03:00,2026-03-13 17:44:00,124.68,0,0,0
ORD02398,CUST0527,Enterprise,WH_WEST,Standard,Furniture,809.84,2026-05-14 13:40:00,2026-05-26 07:59:00,282.32,1,0,0
ORD02399,CUST0853,Retail,WH_NORTH,Standard,Office Supplies,2134.13,2026-05-16 08:49:00,2026-05-22 03:15:00,138.43,0,0,0
ORD02400,CUST0911,Retail,WH_NORTH,Priority,Office Supplies,1911.18,2026-02-27 08:14:00,2026-03-02 03:42:00,67.47,0,0,0
ORD02401,CUST0596,Retail,WH_NORTH,Standard,Clothing,1014.97,2026-01-04 15:56:00,2026-01-09 19:59:00,124.05,0,0,0
ORD02402,CUST0911,Enterprise,WH_EAST,Priority,Industrial,2082.78,2026-04-22 15:13:00,2026-04-30 20:19:00,197.1,1,1,0
ORD02403,CUST0387,Retail,WH_SOUTH,Express,Furniture,1167.54,2026-02-12 15:13:00,2026-02-16 02:34:00,83.35,0,0,0
ORD02404,CUST0335,SMB,WH_WEST,Express,Electronics,1454.88,2026-03-09 09:43:00,2026-03-13 04:12:00,90.48,0,0,0
ORD02405,CUST0657,Enterprise,WH_WEST,Express,Electronics,6896.45,2026-05-30 09:30:00,2026-06-04 03:21:00,113.85,0,0,0
ORD02406,CUST0994,Retail,WH_NORTH,Express,Furniture,5283.63,2026-03-15 09:12:00,2026-03-20 21:21:00,132.15,0,0,0
ORD02407,CUST0473,Enterprise,WH_WEST,Standard,Industrial,639.28,2026-02-22 12:29:00,2026-02-27 18:58:00,126.48,0,0,0
ORD02408,CUST0798,Retail,WH_WEST,Priority,Clothing,3511.46,2026-06-01 10:25:00,2026-06-05 10:57:00,96.53,0,0,1
ORD02409,CUST0306,SMB,WH_EAST,Priority,Electronics,3460.32,2026-04-14 13:57:00,2026-04-17 21:45:00,79.8,0,0,0
ORD02410,CUST0289,SMB,WH_EAST,Priority,Furniture,721.54,2026-05-23 16:50:00,2026-05-28 15:35:00,118.75,0,1,1
ORD02411,CUST0707,Retail,WH_NORTH,Standard,Furniture,3480.82,2026-04-26 10:48:00,2026-05-05 03:12:00,208.4,1,0,0
ORD02412,CUST0807,SMB,WH_SOUTH,Priority,Electronics,6187.87,2026-06-17 09:25:00,2026-06-20 23:53:00,86.47,0,0,0
ORD02413,CUST0209,Retail,WH_SOUTH,Express,Furniture,736.54,2026-06-28 10:40:00,2026-07-06 20:32:00,201.87,1,1,0
ORD02414,CUST0548,Enterprise,WH_SOUTH,Standard,Electronics,867.83,2026-02-21 14:31:00,2026-03-03 19:33:00,245.03,1,0,1
ORD02415,CUST0015,Enterprise,WH_WEST,Express,Clothing,4081.13,2026-05-16 16:04:00,2026-05-25 05:43:00,205.65,1,0,0
ORD02416,CUST0664,Retail,WH_EAST,Priority,Furniture,2246.65,2026-01-15 16:57:00,2026-01-24 13:48:00,212.85,1,0,0
ORD02417,CUST0747,Enterprise,WH_SOUTH,Standard,Electronics,2810.68,2026-04-23 10:40:00,2026-04-28 23:21:00,132.68,0,1,0
ORD02418,CUST0696,SMB,WH_EAST,Express,Electronics,2374.33,2026-01-22 12:45:00,2026-01-28 07:36:00,138.85,0,0,0
ORD02419,CUST0562,SMB,WH_WEST,Priority,Clothing,2471.44,2026-04-14 10:13:00,2026-04-17 06:33:00,68.33,0,0,0
ORD02420,CUST0721,Enterprise,WH_WEST,Priority,Clothing,625.67,2026-06-13 09:45:00,2026-06-20 13:38:00,171.88,1,0,0
ORD02421,CUST0415,Retail,WH_SOUTH,Standard,Industrial,4179.11,2026-04-06 14:49:00,2026-04-14 02:42:00,179.88,1,0,0
ORD02422,CUST0988,Retail,WH_EAST,Standard,Industrial,4608.57,2026-01-19 16:43:00,2026-01-26 05:17:00,156.57,0,0,0
ORD02423,CUST0134,SMB,WH_EAST,Express,Electronics,1504.91,2026-02-16 13:53:00,2026-02-21 05:35:00,111.7,0,0,0
ORD02424,CUST0741,Enterprise,WH_NORTH,Express,Industrial,1746.24,2026-02-23 10:37:00,2026-03-04 22:13:00,227.6,1,0,0
ORD02425,CUST0327,Enterprise,WH_NORTH,Priority,Industrial,531.19,2026-01-27 17:52:00,2026-02-02 11:08:00,137.27,0,0,0
ORD02426,CUST0171,SMB,WH_WEST,Priority,Clothing,2728.22,2026-02-16 13:57:00,2026-02-20 10:08:00,92.18,0,0,0
ORD02427,CUST0569,Enterprise,WH_NORTH,Priority,Industrial,2857.34,2026-06-21 08:50:00,2026-06-26 10:53:00,122.05,0,0,0
ORD02428,CUST0951,Enterprise,WH_WEST,Express,Electronics,1720.29,2026-06-18 13:12:00,2026-06-25 05:45:00,160.55,0,1,0
ORD02429,CUST0778,Retail,WH_WEST,Express,Clothing,4444.77,2026-04-28 13:54:00,2026-05-07 01:20:00,203.43,1,0,0
ORD02430,CUST0560,Retail,WH_SOUTH,Express,Office Supplies,1384.01,2026-06-30 17:27:00,2026-07-03 14:14:00,68.78,0,0,0
ORD02431,CUST0296,SMB,WH_NORTH,Priority,Electronics,2840.36,2026-02-19 14:14:00,2026-02-22 17:04:00,74.83,0,0,0
ORD02432,CUST0887,Enterprise,WH_SOUTH,Priority,Office Supplies,799.73,2026-02-23 08:38:00,2026-03-06 00:24:00,255.77,1,0,0
ORD02433,CUST0626,Enterprise,WH_NORTH,Express,Furniture,1774.29,2026-03-29 14:24:00,2026-04-04 19:17:00,148.88,0,0,1
ORD02434,CUST0112,SMB,WH_NORTH,Standard,Furniture,1572.65,2026-04-13 15:29:00,2026-04-19 06:10:00,134.68,0,0,0
ORD02435,CUST0480,Retail,WH_NORTH,Express,Industrial,2165.15,2026-03-22 13:49:00,2026-03-28 04:52:00,135.05,0,0,1
ORD02436,CUST0924,Enterprise,WH_EAST,Priority,Office Supplies,1345.31,2026-02-05 14:53:00,2026-02-16 10:52:00,259.98,1,0,0
ORD02437,CUST0893,Retail,WH_NORTH,Express,Office Supplies,1627.54,2026-04-19 11:36:00,2026-04-25 03:28:00,135.87,0,0,0
ORD02438,CUST0809,SMB,WH_EAST,Express,Clothing,3501.12,2026-02-17 15:03:00,2026-02-24 23:22:00,176.32,1,0,0
ORD02439,CUST0848,Retail,WH_SOUTH,Express,Clothing,1274.86,2026-01-15 15:20:00,2026-01-20 00:13:00,104.88,0,0,0
ORD02440,CUST0573,Enterprise,WH_NORTH,Express,Industrial,500.07,2026-05-14 17:38:00,2026-05-20 00:48:00,127.17,0,0,0
ORD02441,CUST0590,Retail,WH_SOUTH,Priority,Furniture,7329.53,2026-03-24 14:28:00,2026-04-01 18:29:00,196.02,1,0,0
ORD02442,CUST0069,Enterprise,WH_WEST,Express,Industrial,5459.78,2026-04-23 16:26:00,2026-04-30 19:32:00,171.1,1,0,0
ORD02443,CUST0702,SMB,WH_WEST,Standard,Office Supplies,643.03,2026-03-06 14:25:00,2026-03-11 12:31:00,118.1,0,0,1
ORD02444,CUST0669,SMB,WH_WEST,Standard,Electronics,3139.33,2026-05-19 08:54:00,2026-05-24 21:51:00,132.95,0,0,0
ORD02445,CUST0880,SMB,WH_WEST,Standard,Clothing,1209.09,2026-06-12 13:25:00,2026-06-20 04:37:00,183.2,1,0,1
ORD02446,CUST0914,SMB,WH_NORTH,Priority,Industrial,2232.3,2026-03-25 16:44:00,2026-03-30 11:43:00,114.98,0,0,0
ORD02447,CUST0824,Enterprise,WH_SOUTH,Standard,Clothing,2287.88,2026-04-22 17:19:00,2026-05-04 04:02:00,274.72,1,0,0
ORD02448,CUST0067,Enterprise,WH_NORTH,Standard,Office Supplies,1498.88,2026-03-20 09:40:00,2026-03-29 11:28:00,217.8,1,0,0
ORD02449,CUST0440,Enterprise,WH_NORTH,Priority,Electronics,965.83,2026-02-26 16:17:00,2026-03-09 23:57:00,271.67,1,0,0
ORD02450,CUST0118,Retail,WH_EAST,Standard,Clothing,1040.61,2026-02-24 13:56:00,2026-03-07 03:10:00,253.23,1,0,0
ORD02451,CUST0087,Retail,WH_SOUTH,Express,Industrial,868.74,2026-03-27 09:15:00,2026-03-31 03:21:00,90.1,0,0,0
ORD02452,CUST0686,Enterprise,WH_EAST,Express,Clothing,929.4,2026-03-10 14:45:00,2026-03-16 17:51:00,147.1,0,0,0
ORD02453,CUST0238,SMB,WH_NORTH,Priority,Clothing,1713.44,2026-04-07 12:14:00,2026-04-09 23:45:00,59.52,0,0,0
ORD02454,CUST0063,Retail,WH_SOUTH,Standard,Electronics,1019.83,2026-05-28 13:59:00,2026-06-03 05:00:00,135.02,0,0,1
ORD02455,CUST0969,Retail,WH_SOUTH,Priority,Furniture,3120.17,2026-04-10 10:01:00,2026-04-18 10:53:00,192.87,1,0,0
ORD02456,CUST0381,SMB,WH_WEST,Priority,Industrial,5941.98,2026-05-20 11:53:00,2026-05-30 02:19:00,230.43,1,0,0
ORD02457,CUST0362,Retail,WH_WEST,Express,Office Supplies,1136.78,2026-02-17 16:54:00,2026-02-26 21:04:00,220.17,1,0,0
ORD02458,CUST0834,Retail,WH_EAST,Priority,Office Supplies,2189.71,2026-06-24 16:18:00,2026-06-29 10:35:00,114.28,0,0,0
ORD02459,CUST0935,SMB,WH_SOUTH,Standard,Office Supplies,2696.6,2026-06-13 16:28:00,2026-06-18 09:39:00,113.18,0,0,1
ORD02460,CUST0047,SMB,WH_EAST,Priority,Electronics,2637.54,2026-04-29 12:13:00,2026-05-04 15:35:00,123.37,0,0,0
ORD02461,CUST0645,SMB,WH_EAST,Standard,Industrial,1921.31,2026-03-02 09:36:00,2026-03-11 22:43:00,229.12,1,0,1
ORD02462,CUST0634,Enterprise,WH_EAST,Express,Electronics,3275.24,2026-06-13 14:26:00,2026-06-19 20:42:00,150.27,0,1,0
ORD02463,CUST0254,Retail,WH_NORTH,Standard,Electronics,2659.25,2026-06-16 08:04:00,2026-06-20 13:40:00,101.6,0,1,0
ORD02464,CUST0827,SMB,WH_WEST,Priority,Clothing,671.74,2026-02-23 08:35:00,2026-03-01 12:04:00,147.48,0,0,0
ORD02465,CUST0857,SMB,WH_EAST,Express,Electronics,3623.97,2026-01-10 14:03:00,2026-01-14 20:50:00,102.78,0,1,0
ORD02466,CUST0557,Enterprise,WH_NORTH,Standard,Industrial,3676.93,2026-02-11 17:01:00,2026-02-21 20:01:00,243.0,1,0,0
ORD02467,CUST0477,Retail,WH_WEST,Express,Office Supplies,981.78,2026-06-11 13:29:00,2026-06-17 10:17:00,140.8,0,0,0
ORD02468,CUST0787,Retail,WH_WEST,Standard,Electronics,1863.76,2026-05-30 17:45:00,2026-06-05 20:34:00,146.82,0,0,0
ORD02469,CUST0296,Enterprise,WH_EAST,Standard,Clothing,3123.36,2026-02-24 08:16:00,2026-03-07 02:36:00,258.33,1,1,0
ORD02470,CUST0809,SMB,WH_NORTH,Standard,Office Supplies,1529.27,2026-02-05 13:05:00,2026-02-14 10:15:00,213.17,1,0,0
ORD02471,CUST0821,SMB,WH_SOUTH,Standard,Furniture,4265.79,2026-01-08 16:49:00,2026-01-17 12:39:00,211.83,1,0,0
ORD02472,CUST0515,SMB,WH_NORTH,Express,Furniture,11981.25,2026-01-16 14:20:00,2026-01-20 19:52:00,101.53,0,0,0
ORD02473,CUST0001,Retail,WH_NORTH,Express,Industrial,964.12,2026-04-20 11:58:00,2026-04-22 22:52:00,58.9,0,1,0
ORD02474,CUST0959,Retail,WH_WEST,Express,Office Supplies,598.94,2026-06-15 14:17:00,2026-06-22 09:12:00,162.92,0,1,0
ORD02475,CUST0352,SMB,WH_SOUTH,Express,Industrial,2305.5,2026-04-08 16:37:00,2026-04-13 20:04:00,123.45,0,0,0
ORD02476,CUST0743,Retail,WH_SOUTH,Priority,Furniture,3220.37,2026-06-18 15:47:00,2026-06-21 21:49:00,78.03,0,0,0
ORD02477,CUST0360,Retail,WH_NORTH,Priority,Industrial,1503.13,2026-06-20 11:09:00,2026-06-23 10:10:00,71.02,0,0,0
ORD02478,CUST0371,Retail,WH_EAST,Priority,Furniture,5782.6,2026-02-28 16:49:00,2026-03-06 19:36:00,146.78,0,0,0
ORD02479,CUST0737,SMB,WH_WEST,Standard,Furniture,619.63,2026-01-07 17:34:00,2026-01-11 20:39:00,99.08,0,0,0
ORD02480,CUST0710,SMB,WH_WEST,Priority,Furniture,3147.41,2026-03-14 15:09:00,2026-03-22 01:07:00,177.97,1,1,0
ORD02481,CUST0293,SMB,WH_WEST,Standard,Office Supplies,1113.55,2026-06-13 11:08:00,2026-06-18 05:46:00,114.63,0,0,0
ORD02482,CUST0570,SMB,WH_EAST,Express,Office Supplies,7154.54,2026-02-09 14:08:00,2026-02-17 06:23:00,184.25,1,0,0
ORD02483,CUST0229,Enterprise,WH_EAST,Express,Electronics,8901.83,2026-06-09 15:55:00,2026-06-16 21:04:00,173.15,1,0,0
ORD02484,CUST0423,Enterprise,WH_SOUTH,Express,Clothing,979.14,2026-01-19 15:06:00,2026-01-24 08:51:00,113.75,0,0,0
ORD02485,CUST0825,SMB,WH_WEST,Priority,Clothing,1164.86,2026-05-15 08:31:00,2026-05-19 09:24:00,96.88,0,0,0
ORD02486,CUST0508,Enterprise,WH_SOUTH,Express,Office Supplies,3596.33,2026-03-15 16:11:00,2026-03-22 14:42:00,166.52,0,0,0
ORD02487,CUST0827,SMB,WH_SOUTH,Standard,Industrial,1326.5,2026-04-19 13:19:00,2026-04-27 12:37:00,191.3,1,0,0
ORD02488,CUST0886,Retail,WH_SOUTH,Priority,Electronics,1743.54,2026-06-11 10:53:00,2026-06-14 11:33:00,72.67,0,0,0
ORD02489,CUST0138,SMB,WH_WEST,Standard,Furniture,1845.14,2026-04-24 15:44:00,2026-05-01 22:30:00,174.77,1,0,0
ORD02490,CUST0015,Retail,WH_NORTH,Standard,Electronics,389.27,2026-05-18 17:46:00,2026-05-26 09:12:00,183.43,1,0,0
ORD02491,CUST0034,Retail,WH_SOUTH,Priority,Furniture,1788.14,2026-04-29 14:16:00,2026-05-06 02:06:00,155.83,0,0,0
ORD02492,CUST0328,Enterprise,WH_WEST,Express,Electronics,1041.29,2026-01-04 16:00:00,2026-01-16 01:01:00,273.02,1,0,0
ORD02493,CUST0158,Retail,WH_WEST,Priority,Industrial,1218.65,2026-06-11 10:50:00,2026-06-18 22:56:00,180.1,1,0,1
ORD02494,CUST0388,Enterprise,WH_WEST,Standard,Clothing,5738.23,2026-03-10 09:22:00,2026-03-21 16:20:00,270.97,1,1,0
ORD02495,CUST0341,SMB,WH_SOUTH,Priority,Furniture,661.69,2026-06-30 14:12:00,2026-07-04 05:28:00,87.27,0,0,0
ORD02496,CUST0790,Enterprise,WH_SOUTH,Express,Clothing,3465.33,2026-05-15 16:22:00,2026-05-22 21:55:00,173.55,1,0,0
ORD02497,CUST0028,SMB,WH_EAST,Priority,Industrial,1446.4,2026-04-04 11:01:00,2026-04-12 01:29:00,182.47,1,0,0
ORD02498,CUST0480,Retail,WH_EAST,Priority,Furniture,1445.47,2026-06-16 08:11:00,2026-06-19 04:46:00,68.58,0,0,0
ORD02499,CUST0576,SMB,WH_NORTH,Priority,Furniture,3402.61,2026-05-12 12:21:00,2026-05-16 17:05:00,100.73,0,0,0
ORD02500,CUST0566,SMB,WH_WEST,Priority,Office Supplies,2373.31,2026-01-06 15:42:00,2026-01-11 18:50:00,123.13,0,0,0
ORD02501,CUST0885,Retail,WH_SOUTH,Priority,Clothing,2854.04,2026-04-25 13:43:00,2026-05-01 04:56:00,135.22,0,0,0
ORD02502,CUST0435,Enterprise,WH_NORTH,Standard,Clothing,3922.75,2026-06-27 16:07:00,2026-07-05 04:57:00,180.83,1,0,0
ORD02503,CUST0119,SMB,WH_NORTH,Priority,Industrial,1387.08,2026-02-05 12:44:00,2026-02-11 20:22:00,151.63,0,1,0
ORD02504,CUST0470,Enterprise,WH_WEST,Standard,Office Supplies,1107.89,2026-02-24 13:28:00,2026-03-04 08:03:00,186.58,1,1,0
ORD02505,CUST0015,Enterprise,WH_EAST,Standard,Furniture,758.91,2026-02-10 11:00:00,2026-02-21 19:32:00,272.53,1,0,0
ORD02506,CUST0746,SMB,WH_EAST,Standard,Clothing,934.18,2026-05-11 14:35:00,2026-05-22 05:16:00,254.68,1,0,0
ORD02507,CUST0485,Enterprise,WH_NORTH,Standard,Electronics,19135.02,2026-01-14 10:21:00,2026-01-25 16:57:00,270.6,1,0,0
ORD02508,CUST0295,Enterprise,WH_WEST,Express,Electronics,4893.89,2026-06-26 12:23:00,2026-07-04 01:12:00,180.82,1,0,0
ORD02509,CUST0404,Enterprise,WH_NORTH,Priority,Industrial,613.48,2026-04-04 17:22:00,2026-04-14 17:32:00,240.17,1,0,0
ORD02510,CUST0737,Enterprise,WH_NORTH,Priority,Electronics,627.68,2026-01-28 14:28:00,2026-02-04 09:15:00,162.78,0,0,0
ORD02511,CUST0102,Enterprise,WH_EAST,Priority,Industrial,2658.43,2026-05-27 12:30:00,2026-06-02 05:11:00,136.68,0,0,0
ORD02512,CUST0648,Retail,WH_NORTH,Priority,Industrial,2801.22,2026-04-28 14:19:00,2026-05-01 10:18:00,67.98,0,0,0
ORD02513,CUST0927,Retail,WH_WEST,Priority,Electronics,2804.85,2026-06-13 08:55:00,2026-06-19 02:32:00,137.62,0,0,0
ORD02514,CUST0949,Retail,WH_EAST,Express,Office Supplies,1474.44,2026-04-24 14:36:00,2026-05-02 07:41:00,185.08,1,0,0
ORD02515,CUST0888,Enterprise,WH_SOUTH,Priority,Furniture,1635.39,2026-03-31 17:58:00,2026-04-08 22:09:00,196.18,1,0,0
ORD02516,CUST0857,Enterprise,WH_WEST,Standard,Industrial,2350.31,2026-02-15 15:17:00,2026-02-21 22:16:00,150.98,0,0,0
ORD02517,CUST0476,Retail,WH_EAST,Standard,Furniture,1936.65,2026-05-15 09:02:00,2026-05-20 19:41:00,130.65,0,0,0
ORD02518,CUST0666,Enterprise,WH_WEST,Standard,Clothing,306.3,2026-04-12 12:04:00,2026-04-18 18:21:00,150.28,0,0,0
ORD02519,CUST0695,SMB,WH_SOUTH,Standard,Industrial,1504.42,2026-02-03 11:42:00,2026-02-08 09:47:00,118.08,0,0,0
ORD02520,CUST0842,SMB,WH_SOUTH,Express,Industrial,914.95,2026-02-09 10:16:00,2026-02-11 15:43:00,53.45,0,0,0
ORD02521,CUST0005,SMB,WH_EAST,Priority,Office Supplies,2080.1,2026-06-04 10:30:00,2026-06-11 00:32:00,158.03,0,0,1
ORD02522,CUST0973,SMB,WH_EAST,Standard,Office Supplies,19696.72,2026-04-05 17:35:00,2026-04-13 23:11:00,197.6,1,0,0
ORD02523,CUST0734,SMB,WH_EAST,Priority,Furniture,2425.97,2026-02-21 16:00:00,2026-03-01 03:31:00,179.52,1,0,0
ORD02524,CUST0906,Enterprise,WH_EAST,Standard,Industrial,1406.95,2026-03-22 08:21:00,2026-04-01 11:34:00,243.22,1,0,0
ORD02525,CUST0168,Enterprise,WH_SOUTH,Express,Furniture,3779.86,2026-01-11 12:15:00,2026-01-18 22:04:00,177.82,1,0,0
ORD02526,CUST0606,Retail,WH_NORTH,Standard,Clothing,2660.18,2026-02-07 08:53:00,2026-02-11 05:58:00,93.08,0,0,0
ORD02527,CUST0733,Retail,WH_SOUTH,Express,Clothing,2530.26,2026-03-18 10:09:00,2026-03-20 20:51:00,58.7,0,0,0
ORD02528,CUST0099,Enterprise,WH_SOUTH,Express,Office Supplies,2937.99,2026-06-04 10:34:00,2026-06-12 17:44:00,199.17,1,0,1
ORD02529,CUST0331,Enterprise,WH_WEST,Priority,Industrial,9369.69,2026-04-16 10:37:00,2026-04-23 11:47:00,169.17,1,0,0
ORD02530,CUST0071,Enterprise,WH_EAST,Priority,Furniture,731.64,2026-01-01 15:02:00,2026-01-08 18:07:00,171.08,1,0,0
ORD02531,CUST0071,Retail,WH_WEST,Standard,Industrial,2640.98,2026-02-17 17:09:00,2026-02-26 21:51:00,220.7,1,0,0
ORD02532,CUST0160,SMB,WH_NORTH,Express,Furniture,861.69,2026-06-02 10:10:00,2026-06-06 16:40:00,102.5,0,0,0
ORD02533,CUST0223,Retail,WH_EAST,Standard,Industrial,2819.77,2026-02-07 15:43:00,2026-02-14 15:25:00,167.7,0,0,0
ORD02534,CUST0347,Enterprise,WH_SOUTH,Priority,Furniture,867.01,2026-03-06 13:24:00,2026-03-14 12:47:00,191.38,1,0,0
ORD02535,CUST0931,Retail,WH_SOUTH,Priority,Furniture,1294.79,2026-02-20 15:17:00,2026-02-27 07:11:00,159.9,0,0,0
ORD02536,CUST0807,Retail,WH_NORTH,Priority,Electronics,1427.85,2026-03-29 11:48:00,2026-04-02 12:31:00,96.72,0,0,0
ORD02537,CUST0354,Enterprise,WH_WEST,Standard,Furniture,3946.77,2026-06-28 11:00:00,2026-07-07 05:39:00,210.65,1,0,0
ORD02538,CUST0761,SMB,WH_NORTH,Priority,Furniture,3769.75,2026-04-04 14:55:00,2026-04-08 02:03:00,83.13,0,0,0
ORD02539,CUST0694,Retail,WH_EAST,Priority,Clothing,667.42,2026-06-10 09:50:00,2026-06-17 11:21:00,169.52,1,0,0
ORD02540,CUST0918,Retail,WH_NORTH,Priority,Clothing,1889.27,2026-01-13 13:36:00,2026-01-17 09:39:00,92.05,0,0,0
ORD02541,CUST0025,SMB,WH_WEST,Express,Furniture,1024.89,2026-02-05 14:40:00,2026-02-11 04:40:00,134.0,0,0,0
ORD02542,CUST0195,Enterprise,WH_NORTH,Priority,Electronics,660.63,2026-03-27 14:34:00,2026-04-04 23:49:00,201.25,1,0,0
ORD02543,CUST0601,SMB,WH_WEST,Express,Office Supplies,1519.88,2026-04-29 08:27:00,2026-05-02 04:54:00,68.45,0,0,0
ORD02544,CUST0472,Retail,WH_NORTH,Standard,Electronics,1412.64,2026-01-10 09:08:00,2026-01-13 09:20:00,72.2,0,0,0
ORD02545,CUST0027,SMB,WH_EAST,Priority,Electronics,12599.01,2026-01-14 08:28:00,2026-01-20 23:18:00,158.83,0,0,0
ORD02546,CUST0297,SMB,WH_NORTH,Standard,Furniture,2556.43,2026-01-19 08:29:00,2026-01-29 01:30:00,233.02,1,0,1
ORD02547,CUST0526,Retail,WH_WEST,Express,Electronics,600.59,2026-04-10 14:00:00,2026-04-17 02:31:00,156.52,0,0,0
ORD02548,CUST0413,Retail,WH_NORTH,Express,Electronics,1150.76,2026-03-10 10:59:00,2026-03-14 06:42:00,91.72,0,1,0
ORD02549,CUST0121,Retail,WH_NORTH,Express,Furniture,4093.3,2026-05-01 09:16:00,2026-05-06 19:09:00,129.88,0,0,0
ORD02550,CUST0977,Enterprise,WH_WEST,Express,Clothing,9611.87,2026-02-25 09:54:00,2026-03-03 15:01:00,149.12,0,0,0
ORD02551,CUST0949,Retail,WH_NORTH,Priority,Industrial,508.37,2026-01-09 17:27:00,2026-01-14 06:40:00,109.22,0,0,0
ORD02552,CUST0801,Retail,WH_NORTH,Standard,Clothing,401.84,2026-01-16 08:51:00,2026-01-26 17:17:00,248.43,1,0,0
ORD02553,CUST0459,Retail,WH_EAST,Standard,Clothing,8076.97,2026-06-01 12:39:00,2026-06-08 04:06:00,159.45,0,0,0
ORD02554,CUST0546,Retail,WH_WEST,Priority,Industrial,2469.3,2026-04-22 12:35:00,2026-05-02 04:12:00,231.62,1,1,0
ORD02555,CUST0483,Retail,WH_WEST,Priority,Furniture,902.68,2026-06-19 14:29:00,2026-06-24 12:59:00,118.5,0,1,0
ORD02556,CUST0196,SMB,WH_NORTH,Express,Office Supplies,2773.05,2026-02-15 08:35:00,2026-02-19 04:57:00,92.37,0,0,0
ORD02557,CUST0604,Retail,WH_EAST,Standard,Furniture,219.51,2026-04-08 14:03:00,2026-04-15 13:46:00,167.72,0,0,0
ORD02558,CUST0640,Retail,WH_NORTH,Priority,Furniture,1812.93,2026-06-18 15:25:00,2026-06-25 04:38:00,157.22,0,0,0
ORD02559,CUST0401,Retail,WH_WEST,Express,Industrial,2350.2,2026-01-03 13:22:00,2026-01-09 08:05:00,138.72,0,0,0
ORD02560,CUST0370,Retail,WH_NORTH,Priority,Office Supplies,3787.33,2026-05-10 08:22:00,2026-05-14 19:13:00,106.85,0,0,0
ORD02561,CUST0428,SMB,WH_NORTH,Standard,Clothing,803.42,2026-01-04 10:38:00,2026-01-12 10:52:00,192.23,1,0,0
ORD02562,CUST0626,SMB,WH_SOUTH,Express,Office Supplies,1936.33,2026-03-09 17:00:00,2026-03-17 07:03:00,182.05,1,0,0
ORD02563,CUST0446,SMB,WH_WEST,Express,Electronics,862.35,2026-06-27 08:17:00,2026-07-03 12:36:00,148.32,0,0,0
ORD02564,CUST0054,Retail,WH_SOUTH,Express,Electronics,2217.88,2026-02-20 17:03:00,2026-02-27 06:36:00,157.55,0,0,0
ORD02565,CUST0966,SMB,WH_NORTH,Standard,Clothing,883.35,2026-06-19 15:18:00,2026-06-23 20:38:00,101.33,0,0,1
ORD02566,CUST0877,Enterprise,WH_NORTH,Standard,Furniture,1304.43,2026-06-12 10:51:00,2026-06-25 12:23:00,313.53,1,0,0
ORD02567,CUST0826,Enterprise,WH_EAST,Express,Industrial,815.13,2026-01-22 17:01:00,2026-01-30 06:56:00,181.92,1,0,0
ORD02568,CUST0707,Enterprise,WH_WEST,Express,Electronics,3043.94,2026-01-05 13:17:00,2026-01-10 21:40:00,128.38,0,0,1
ORD02569,CUST0725,SMB,WH_EAST,Priority,Office Supplies,3593.07,2026-04-13 12:55:00,2026-04-15 22:37:00,57.7,0,0,0
ORD02570,CUST0181,Retail,WH_SOUTH,Express,Office Supplies,1498.63,2026-04-23 14:05:00,2026-04-26 17:04:00,74.98,0,0,0
ORD02571,CUST0636,Retail,WH_NORTH,Express,Industrial,1864.21,2026-03-28 11:49:00,2026-03-31 00:38:00,60.82,0,0,0
ORD02572,CUST0014,SMB,WH_SOUTH,Priority,Furniture,567.44,2026-06-14 15:34:00,2026-06-21 11:09:00,163.58,0,0,0
ORD02573,CUST0504,Retail,WH_WEST,Standard,Office Supplies,1422.62,2026-06-05 14:02:00,2026-06-14 00:37:00,202.58,1,0,0
ORD02574,CUST0868,SMB,WH_WEST,Priority,Furniture,1736.86,2026-05-28 11:35:00,2026-06-05 08:34:00,188.98,1,0,0
ORD02575,CUST0199,Retail,WH_SOUTH,Express,Industrial,14715.17,2026-04-10 17:48:00,2026-04-17 18:42:00,168.9,1,1,0
ORD02576,CUST0231,Retail,WH_SOUTH,Priority,Furniture,742.8,2026-01-20 13:42:00,2026-01-28 19:15:00,197.55,1,0,0
ORD02577,CUST0529,Enterprise,WH_WEST,Standard,Clothing,5833.32,2026-01-16 16:45:00,2026-01-26 04:39:00,227.9,1,0,0
ORD02578,CUST0280,Retail,WH_NORTH,Standard,Furniture,4013.77,2026-05-08 16:33:00,2026-05-12 17:31:00,96.97,0,0,0
ORD02579,CUST0841,Retail,WH_SOUTH,Express,Electronics,2263.14,2026-06-16 08:28:00,2026-06-23 02:32:00,162.07,0,0,0
ORD02580,CUST0731,Retail,WH_NORTH,Standard,Industrial,7382.71,2026-04-26 11:13:00,2026-05-03 20:55:00,177.7,1,0,0
ORD02581,CUST0448,Retail,WH_WEST,Standard,Clothing,2434.96,2026-05-11 10:44:00,2026-05-18 12:36:00,169.87,1,0,0
ORD02582,CUST0062,Enterprise,WH_WEST,Express,Industrial,2468.4,2026-01-08 09:31:00,2026-01-15 06:24:00,164.88,0,0,1
ORD02583,CUST0950,Enterprise,WH_WEST,Express,Office Supplies,1732.82,2026-03-05 16:30:00,2026-03-12 07:00:00,158.5,0,0,0
ORD02584,CUST0799,Retail,WH_SOUTH,Priority,Furniture,4811.94,2026-04-18 13:51:00,2026-04-24 21:11:00,151.33,0,0,0
ORD02585,CUST0780,SMB,WH_EAST,Priority,Clothing,4346.71,2026-01-04 11:49:00,2026-01-09 14:47:00,122.97,0,0,0
ORD02586,CUST0409,Retail,WH_EAST,Standard,Furniture,1096.04,2026-06-25 08:54:00,2026-07-05 20:07:00,251.22,1,0,0
ORD02587,CUST0395,SMB,WH_SOUTH,Standard,Clothing,629.3,2026-03-03 16:34:00,2026-03-07 12:19:00,91.75,0,0,0
ORD02588,CUST0135,Retail,WH_WEST,Standard,Office Supplies,1537.04,2026-03-23 12:17:00,2026-03-28 04:21:00,112.07,0,1,0
ORD02589,CUST0553,SMB,WH_WEST,Standard,Clothing,953.34,2026-06-18 10:31:00,2026-06-23 14:05:00,123.57,0,0,0
ORD02590,CUST0350,Enterprise,WH_WEST,Express,Furniture,1718.45,2026-01-17 15:13:00,2026-01-23 06:59:00,135.77,0,0,0
ORD02591,CUST0436,Retail,WH_WEST,Standard,Industrial,4865.63,2026-02-13 12:47:00,2026-02-23 12:50:00,240.05,1,0,0
ORD02592,CUST0142,SMB,WH_SOUTH,Express,Office Supplies,1254.08,2026-06-11 10:08:00,2026-06-14 18:37:00,80.48,0,0,0
ORD02593,CUST0654,Retail,WH_EAST,Priority,Office Supplies,1747.15,2026-04-02 15:39:00,2026-04-06 13:40:00,94.02,0,0,0
ORD02594,CUST0300,Enterprise,WH_NORTH,Express,Furniture,1893.95,2026-03-06 13:17:00,2026-03-13 05:46:00,160.48,0,0,0
ORD02595,CUST0116,Enterprise,WH_EAST,Express,Electronics,3564.38,2026-06-04 08:28:00,2026-06-10 17:14:00,152.77,0,0,0
ORD02596,CUST0410,Enterprise,WH_EAST,Express,Clothing,299.61,2026-01-03 11:23:00,2026-01-08 22:18:00,130.92,0,0,0
ORD02597,CUST0594,Retail,WH_EAST,Express,Industrial,1112.81,2026-01-11 11:06:00,2026-01-16 14:50:00,123.73,0,1,0
ORD02598,CUST0338,SMB,WH_EAST,Express,Furniture,2141.0,2026-04-12 15:39:00,2026-04-19 07:18:00,159.65,0,0,0
ORD02599,CUST0920,Enterprise,WH_NORTH,Priority,Industrial,4722.36,2026-02-19 10:50:00,2026-02-23 10:55:00,96.08,0,0,0
ORD02600,CUST0092,SMB,WH_SOUTH,Express,Clothing,1219.84,2026-02-24 13:03:00,2026-02-28 13:13:00,96.17,0,0,0
ORD02601,CUST0896,Enterprise,WH_NORTH,Standard,Electronics,402.93,2026-02-25 16:09:00,2026-03-07 11:23:00,235.23,1,0,0
ORD02602,CUST0446,Retail,WH_NORTH,Priority,Industrial,2968.37,2026-05-12 08:15:00,2026-05-16 16:40:00,104.42,0,0,1
ORD02603,CUST0122,Enterprise,WH_EAST,Standard,Industrial,1087.58,2026-01-01 13:31:00,2026-01-10 21:30:00,223.98,1,0,0
ORD02604,CUST0389,Retail,WH_NORTH,Standard,Furniture,698.03,2026-04-08 12:04:00,2026-04-17 12:32:00,216.47,1,0,0
ORD02605,CUST0026,Enterprise,WH_NORTH,Express,Office Supplies,1097.21,2026-01-04 09:48:00,2026-01-13 20:00:00,226.2,1,0,1
ORD02606,CUST0505,Enterprise,WH_SOUTH,Standard,Electronics,1559.9,2026-05-30 14:02:00,2026-06-05 10:22:00,140.33,0,0,0
ORD02607,CUST0611,Enterprise,WH_WEST,Express,Industrial,1114.55,2026-03-12 16:56:00,2026-03-23 01:10:00,248.23,1,0,0
ORD02608,CUST0103,Retail,WH_NORTH,Priority,Furniture,309.68,2026-04-05 11:36:00,2026-04-09 14:30:00,98.9,0,1,1
ORD02609,CUST0520,Retail,WH_EAST,Priority,Industrial,3705.79,2026-05-16 08:16:00,2026-05-24 23:28:00,207.2,1,0,1
ORD02610,CUST0810,Retail,WH_SOUTH,Priority,Office Supplies,5013.55,2026-01-12 11:30:00,2026-01-18 04:33:00,137.05,0,0,0
ORD02611,CUST0532,Enterprise,WH_EAST,Priority,Electronics,3044.88,2026-04-27 12:33:00,2026-05-03 14:26:00,145.88,0,0,0
ORD02612,CUST0762,Retail,WH_NORTH,Standard,Furniture,727.67,2026-04-09 09:31:00,2026-04-15 17:45:00,152.23,0,1,0
ORD02613,CUST0519,Enterprise,WH_NORTH,Priority,Office Supplies,1538.87,2026-03-14 13:10:00,2026-03-21 16:07:00,170.95,1,0,0
ORD02614,CUST0556,Enterprise,WH_WEST,Standard,Electronics,1798.63,2026-06-06 11:42:00,2026-06-15 23:33:00,227.85,1,0,0
ORD02615,CUST0416,Enterprise,WH_EAST,Priority,Industrial,2919.11,2026-01-20 10:07:00,2026-01-26 08:55:00,142.8,0,0,0
ORD02616,CUST0713,Enterprise,WH_NORTH,Express,Industrial,3086.13,2026-05-29 14:21:00,2026-06-05 02:05:00,155.73,0,0,0
ORD02617,CUST0301,SMB,WH_SOUTH,Express,Industrial,1004.92,2026-02-13 10:51:00,2026-02-20 06:36:00,163.75,0,0,0
ORD02618,CUST0008,Enterprise,WH_EAST,Priority,Electronics,1930.62,2026-04-22 16:14:00,2026-04-28 10:41:00,138.45,0,0,0
ORD02619,CUST0759,Retail,WH_WEST,Priority,Electronics,2606.66,2026-04-06 13:21:00,2026-04-10 07:13:00,89.87,0,0,0
ORD02620,CUST0142,SMB,WH_NORTH,Standard,Furniture,5794.46,2026-05-22 12:09:00,2026-05-30 11:39:00,191.5,1,0,0
ORD02621,CUST0177,SMB,WH_WEST,Standard,Furniture,3176.72,2026-03-09 10:02:00,2026-03-14 19:55:00,129.88,0,0,0
ORD02622,CUST0224,Enterprise,WH_NORTH,Express,Electronics,3399.03,2026-02-26 08:00:00,2026-03-03 22:19:00,134.32,0,0,0
ORD02623,CUST0344,Retail,WH_SOUTH,Standard,Industrial,1933.45,2026-05-02 08:42:00,2026-05-11 18:29:00,225.78,1,1,0
ORD02624,CUST0688,Retail,WH_WEST,Express,Electronics,5587.95,2026-01-17 11:22:00,2026-01-22 23:01:00,131.65,0,0,0
ORD02625,CUST0579,Retail,WH_WEST,Standard,Electronics,2509.43,2026-04-24 09:58:00,2026-05-05 03:04:00,257.1,1,0,0
ORD02626,CUST0835,Retail,WH_NORTH,Express,Furniture,907.9,2026-02-02 13:59:00,2026-02-09 10:54:00,164.92,0,0,0
ORD02627,CUST0917,SMB,WH_NORTH,Express,Office Supplies,5556.35,2026-06-20 15:19:00,2026-06-26 16:52:00,145.55,0,0,0
ORD02628,CUST0920,Enterprise,WH_NORTH,Standard,Clothing,3159.99,2026-05-07 16:57:00,2026-05-16 13:38:00,212.68,1,0,0
ORD02629,CUST0216,Enterprise,WH_WEST,Priority,Clothing,1268.47,2026-03-28 16:34:00,2026-04-06 04:07:00,203.55,1,0,0
ORD02630,CUST0366,Retail,WH_WEST,Standard,Electronics,1232.01,2026-05-08 16:16:00,2026-05-18 23:52:00,247.6,1,0,0
ORD02631,CUST0623,SMB,WH_SOUTH,Express,Industrial,2292.18,2026-01-14 12:19:00,2026-01-19 05:20:00,113.02,0,0,0
ORD02632,CUST0758,Retail,WH_WEST,Express,Furniture,2619.0,2026-03-17 15:29:00,2026-03-21 15:54:00,96.42,0,0,0
ORD02633,CUST0656,SMB,WH_NORTH,Express,Industrial,2117.17,2026-03-25 12:07:00,2026-03-28 13:27:00,73.33,0,0,0
ORD02634,CUST0742,Retail,WH_WEST,Priority,Electronics,2319.36,2026-05-02 15:41:00,2026-05-08 00:10:00,128.48,0,0,0
ORD02635,CUST0155,Enterprise,WH_WEST,Express,Office Supplies,7044.24,2026-02-14 09:40:00,2026-02-20 17:13:00,151.55,0,0,0
ORD02636,CUST0872,SMB,WH_NORTH,Express,Clothing,4260.9,2026-06-12 16:22:00,2026-06-16 20:23:00,100.02,0,0,0
ORD02637,CUST0518,Enterprise,WH_SOUTH,Standard,Furniture,2105.92,2026-02-02 08:17:00,2026-02-15 00:54:00,304.62,1,0,0
ORD02638,CUST0049,SMB,WH_WEST,Standard,Industrial,3839.31,2026-02-13 13:02:00,2026-02-24 12:53:00,263.85,1,0,0
ORD02639,CUST0746,Enterprise,WH_EAST,Express,Office Supplies,791.54,2026-04-10 09:43:00,2026-04-13 19:50:00,82.12,0,0,0
ORD02640,CUST0814,Enterprise,WH_SOUTH,Priority,Office Supplies,2485.78,2026-04-07 15:25:00,2026-04-17 00:29:00,225.07,1,0,0
ORD02641,CUST0605,Retail,WH_SOUTH,Express,Electronics,7688.22,2026-03-28 16:27:00,2026-04-03 03:03:00,130.6,0,1,0
ORD02642,CUST0081,SMB,WH_NORTH,Express,Furniture,1518.63,2026-02-12 10:35:00,2026-02-19 16:07:00,173.53,1,0,0
ORD02643,CUST0034,SMB,WH_NORTH,Express,Industrial,917.72,2026-06-20 16:28:00,2026-06-25 04:06:00,107.63,0,0,1
ORD02644,CUST0968,Retail,WH_SOUTH,Standard,Clothing,1073.12,2026-02-12 10:13:00,2026-02-18 11:39:00,145.43,0,0,0
ORD02645,CUST0271,Retail,WH_EAST,Priority,Office Supplies,756.19,2026-04-13 16:16:00,2026-04-19 08:41:00,136.42,0,0,0
ORD02646,CUST0133,Retail,WH_WEST,Standard,Furniture,965.06,2026-06-18 17:36:00,2026-06-24 00:41:00,127.08,0,0,0
ORD02647,CUST0052,Retail,WH_SOUTH,Express,Clothing,1344.25,2026-03-09 12:05:00,2026-03-12 05:37:00,65.53,0,0,0
ORD02648,CUST0339,Enterprise,WH_NORTH,Express,Industrial,587.31,2026-02-13 11:28:00,2026-02-20 11:45:00,168.28,1,0,0
ORD02649,CUST0608,SMB,WH_NORTH,Express,Industrial,1830.78,2026-03-02 10:55:00,2026-03-07 03:53:00,112.97,0,0,0
ORD02650,CUST0356,Retail,WH_SOUTH,Express,Furniture,3721.28,2026-05-29 09:25:00,2026-06-05 18:58:00,177.55,1,0,0
ORD02651,CUST0339,SMB,WH_WEST,Standard,Industrial,874.62,2026-04-14 13:43:00,2026-04-21 09:08:00,163.42,0,0,0
ORD02652,CUST0241,Enterprise,WH_EAST,Priority,Furniture,6096.24,2026-02-19 15:32:00,2026-02-25 00:46:00,129.23,0,0,0
ORD02653,CUST0603,SMB,WH_EAST,Express,Furniture,2720.67,2026-01-14 08:03:00,2026-01-17 01:42:00,65.65,0,0,0
ORD02654,CUST0241,SMB,WH_SOUTH,Standard,Clothing,4123.53,2026-02-06 09:13:00,2026-02-14 10:10:00,192.95,1,0,0
ORD02655,CUST0742,Retail,WH_EAST,Express,Clothing,1068.2,2026-02-10 15:52:00,2026-02-18 12:10:00,188.3,1,0,0
ORD02656,CUST0179,Retail,WH_NORTH,Express,Office Supplies,3581.8,2026-05-09 09:40:00,2026-05-13 00:54:00,87.23,0,0,1
ORD02657,CUST0640,Enterprise,WH_SOUTH,Express,Furniture,754.8,2026-04-23 10:17:00,2026-05-02 08:57:00,214.67,1,0,0
ORD02658,CUST0190,Enterprise,WH_SOUTH,Express,Clothing,3685.63,2026-03-02 10:20:00,2026-03-08 02:02:00,135.7,0,0,0
ORD02659,CUST0347,SMB,WH_NORTH,Standard,Office Supplies,2074.49,2026-04-13 10:49:00,2026-04-17 22:21:00,107.53,0,0,0
ORD02660,CUST0657,SMB,WH_WEST,Priority,Clothing,2814.67,2026-05-03 09:43:00,2026-05-09 06:35:00,140.87,0,1,0
ORD02661,CUST0949,Enterprise,WH_EAST,Express,Furniture,705.94,2026-04-21 17:44:00,2026-04-30 23:44:00,222.0,1,0,0
ORD02662,CUST0600,SMB,WH_WEST,Standard,Furniture,883.55,2026-02-05 11:24:00,2026-02-12 05:00:00,161.6,0,0,0
ORD02663,CUST0202,Enterprise,WH_EAST,Express,Office Supplies,2915.46,2026-01-27 14:09:00,2026-02-03 09:21:00,163.2,0,0,0
ORD02664,CUST0862,Enterprise,WH_WEST,Priority,Electronics,846.68,2026-06-21 17:01:00,2026-06-29 22:11:00,197.17,1,1,1
ORD02665,CUST0486,Enterprise,WH_NORTH,Express,Clothing,2619.05,2026-02-23 13:05:00,2026-03-01 10:30:00,141.42,0,0,0
ORD02666,CUST0778,SMB,WH_EAST,Express,Electronics,605.64,2026-06-29 13:55:00,2026-07-03 22:06:00,104.18,0,0,0
ORD02667,CUST0034,Retail,WH_WEST,Standard,Office Supplies,3563.65,2026-06-15 17:57:00,2026-06-22 05:01:00,155.07,0,0,0
ORD02668,CUST0775,SMB,WH_NORTH,Priority,Furniture,674.51,2026-04-05 12:38:00,2026-04-12 23:26:00,178.8,1,1,0
ORD02669,CUST0114,SMB,WH_SOUTH,Express,Clothing,2812.53,2026-04-09 09:27:00,2026-04-14 05:11:00,115.73,0,0,0
ORD02670,CUST0392,Enterprise,WH_WEST,Standard,Industrial,2982.46,2026-06-29 12:30:00,2026-07-09 22:22:00,249.87,1,0,0
ORD02671,CUST0609,SMB,WH_WEST,Standard,Electronics,1035.44,2026-03-11 09:35:00,2026-03-19 17:48:00,200.22,1,0,0
ORD02672,CUST0707,SMB,WH_EAST,Express,Electronics,2880.22,2026-01-30 17:52:00,2026-02-05 01:55:00,128.05,0,0,0
ORD02673,CUST0723,Retail,WH_SOUTH,Priority,Clothing,2226.87,2026-01-13 11:38:00,2026-01-18 18:54:00,127.27,0,0,0
ORD02674,CUST0092,Enterprise,WH_EAST,Express,Electronics,1174.89,2026-06-07 13:25:00,2026-06-17 07:09:00,233.73,1,0,0
ORD02675,CUST0525,SMB,WH_SOUTH,Standard,Clothing,806.86,2026-05-18 13:39:00,2026-05-24 11:24:00,141.75,0,0,0
ORD02676,CUST0146,Retail,WH_EAST,Priority,Clothing,376.12,2026-02-28 15:44:00,2026-03-06 21:00:00,149.27,0,0,0
ORD02677,CUST0612,SMB,WH_EAST,Standard,Office Supplies,2391.61,2026-03-10 13:51:00,2026-03-15 15:32:00,121.68,0,0,0
ORD02678,CUST0622,Retail,WH_WEST,Standard,Office Supplies,517.06,2026-03-27 13:44:00,2026-04-03 16:49:00,171.08,1,0,0
ORD02679,CUST0259,Retail,WH_EAST,Standard,Office Supplies,1951.35,2026-04-13 15:53:00,2026-04-22 13:25:00,213.53,1,0,0
ORD02680,CUST0652,Enterprise,WH_WEST,Standard,Clothing,1464.46,2026-03-06 15:27:00,2026-03-16 07:16:00,231.82,1,1,0
ORD02681,CUST0637,Enterprise,WH_EAST,Express,Furniture,3112.91,2026-02-28 12:51:00,2026-03-06 00:29:00,131.63,0,1,0
ORD02682,CUST0005,Retail,WH_SOUTH,Priority,Clothing,1419.93,2026-01-12 09:50:00,2026-01-18 05:57:00,140.12,0,0,0
ORD02683,CUST0380,Enterprise,WH_EAST,Standard,Industrial,1389.14,2026-05-10 11:44:00,2026-05-20 17:27:00,245.72,1,0,0
ORD02684,CUST0558,Retail,WH_EAST,Express,Clothing,3247.03,2026-01-17 17:58:00,2026-01-20 15:24:00,69.43,0,0,0
ORD02685,CUST0416,Retail,WH_EAST,Priority,Clothing,2363.85,2026-05-29 08:12:00,2026-06-03 17:37:00,129.42,0,0,0
ORD02686,CUST0736,Retail,WH_SOUTH,Priority,Electronics,2328.37,2026-06-30 15:07:00,2026-07-04 12:07:00,93.0,0,0,0
ORD02687,CUST0583,Enterprise,WH_SOUTH,Standard,Office Supplies,2631.78,2026-04-07 15:40:00,2026-04-17 04:17:00,228.62,1,0,0
ORD02688,CUST0789,Retail,WH_SOUTH,Express,Industrial,529.29,2026-06-05 13:15:00,2026-06-11 21:38:00,152.38,0,0,0
ORD02689,CUST0932,Retail,WH_WEST,Standard,Office Supplies,3312.41,2026-04-11 11:37:00,2026-04-19 19:57:00,200.33,1,0,0
ORD02690,CUST0638,SMB,WH_NORTH,Express,Electronics,2951.22,2026-06-05 08:38:00,2026-06-12 04:02:00,163.4,0,0,0
ORD02691,CUST0242,Enterprise,WH_NORTH,Express,Industrial,801.64,2026-02-27 11:13:00,2026-03-08 09:08:00,213.92,1,0,0
ORD02692,CUST0399,Retail,WH_WEST,Priority,Office Supplies,1487.33,2026-06-30 10:15:00,2026-07-06 12:00:00,145.75,0,0,0
ORD02693,CUST0695,SMB,WH_EAST,Express,Office Supplies,1752.07,2026-03-21 15:38:00,2026-03-25 06:07:00,86.48,0,0,0
ORD02694,CUST0175,Retail,WH_NORTH,Priority,Industrial,1623.6,2026-04-27 13:39:00,2026-05-01 07:57:00,90.3,0,0,0
ORD02695,CUST0007,Enterprise,WH_EAST,Priority,Electronics,2361.58,2026-02-28 15:08:00,2026-03-08 04:59:00,181.85,1,0,0
ORD02696,CUST0058,SMB,WH_NORTH,Priority,Industrial,5682.2,2026-06-17 11:13:00,2026-06-21 06:37:00,91.4,0,0,0
ORD02697,CUST0501,SMB,WH_EAST,Standard,Electronics,4295.89,2026-02-23 11:19:00,2026-03-01 09:18:00,141.98,0,0,0
ORD02698,CUST0613,Retail,WH_EAST,Standard,Office Supplies,632.84,2026-05-26 12:55:00,2026-06-04 07:01:00,210.1,1,0,0
ORD02699,CUST0958,Retail,WH_EAST,Express,Office Supplies,2973.98,2026-04-20 12:31:00,2026-04-23 21:52:00,81.35,0,0,0
ORD02700,CUST0406,Retail,WH_WEST,Priority,Office Supplies,5235.13,2026-04-16 12:55:00,2026-04-21 09:32:00,116.62,0,1,0
ORD02701,CUST0435,SMB,WH_EAST,Priority,Industrial,2463.77,2026-06-08 13:02:00,2026-06-15 01:36:00,156.57,0,1,1
ORD02702,CUST0105,Enterprise,WH_WEST,Express,Clothing,4327.67,2026-01-01 10:01:00,2026-01-08 20:08:00,178.12,1,0,0
ORD02703,CUST0920,SMB,WH_WEST,Standard,Clothing,9043.63,2026-01-25 12:32:00,2026-01-31 10:42:00,142.17,0,0,0
ORD02704,CUST0748,Enterprise,WH_EAST,Priority,Furniture,4100.92,2026-03-26 16:55:00,2026-04-02 16:11:00,167.27,0,0,0
ORD02705,CUST0733,Retail,WH_WEST,Priority,Clothing,2207.13,2026-01-21 10:00:00,2026-01-30 12:37:00,218.62,1,1,0
ORD02706,CUST0245,SMB,WH_SOUTH,Standard,Office Supplies,4171.67,2026-05-19 17:45:00,2026-05-27 06:18:00,180.55,1,0,0
ORD02707,CUST0064,Retail,WH_NORTH,Express,Office Supplies,2030.24,2026-05-06 13:49:00,2026-05-08 17:30:00,51.68,0,0,0
ORD02708,CUST0693,Enterprise,WH_EAST,Priority,Furniture,1842.95,2026-05-20 14:20:00,2026-05-27 15:56:00,169.6,1,0,1
ORD02709,CUST0379,SMB,WH_WEST,Standard,Industrial,1364.94,2026-05-29 14:42:00,2026-06-04 14:20:00,143.63,0,1,0
ORD02710,CUST0389,SMB,WH_EAST,Priority,Clothing,6315.3,2026-05-18 10:31:00,2026-05-24 18:11:00,151.67,0,0,0
ORD02711,CUST0398,Retail,WH_EAST,Standard,Industrial,939.41,2026-01-06 16:41:00,2026-01-14 01:52:00,177.18,1,0,0
ORD02712,CUST0598,SMB,WH_NORTH,Express,Furniture,6160.38,2026-06-30 12:38:00,2026-07-04 07:56:00,91.3,0,0,0
ORD02713,CUST0249,Retail,WH_WEST,Priority,Industrial,2696.99,2026-01-01 09:35:00,2026-01-05 20:02:00,106.45,0,0,0
ORD02714,CUST0207,SMB,WH_NORTH,Standard,Furniture,590.26,2026-03-12 09:40:00,2026-03-16 06:05:00,92.42,0,0,0
ORD02715,CUST0862,Enterprise,WH_NORTH,Priority,Furniture,2426.29,2026-02-14 08:53:00,2026-02-24 21:39:00,252.77,1,0,0
ORD02716,CUST0795,SMB,WH_NORTH,Express,Office Supplies,336.96,2026-04-01 15:07:00,2026-04-05 20:17:00,101.17,0,0,0
ORD02717,CUST0524,Enterprise,WH_EAST,Standard,Clothing,2982.17,2026-01-25 15:02:00,2026-02-06 23:29:00,296.45,1,0,0
ORD02718,CUST0175,Retail,WH_EAST,Priority,Electronics,3670.87,2026-05-08 11:14:00,2026-05-16 02:34:00,183.33,1,0,0
ORD02719,CUST0632,Retail,WH_WEST,Express,Clothing,1125.65,2026-04-14 10:05:00,2026-04-18 15:17:00,101.2,0,0,0
ORD02720,CUST0275,SMB,WH_NORTH,Priority,Industrial,1995.88,2026-04-21 12:46:00,2026-04-27 12:13:00,143.45,0,0,0
ORD02721,CUST0045,Enterprise,WH_NORTH,Standard,Clothing,8632.82,2026-03-07 17:24:00,2026-03-17 18:39:00,241.25,1,0,0
ORD02722,CUST0285,Enterprise,WH_WEST,Express,Clothing,1206.41,2026-04-30 10:42:00,2026-05-05 04:13:00,113.52,0,0,0
ORD02723,CUST0833,SMB,WH_WEST,Standard,Clothing,775.01,2026-03-19 12:19:00,2026-03-29 01:19:00,229.0,1,0,1
ORD02724,CUST0306,SMB,WH_WEST,Standard,Office Supplies,5915.5,2026-06-06 11:57:00,2026-06-14 23:20:00,203.38,1,0,0
ORD02725,CUST0349,Retail,WH_EAST,Standard,Office Supplies,8691.23,2026-02-24 15:31:00,2026-03-03 10:28:00,162.95,0,0,0
ORD02726,CUST0994,Retail,WH_NORTH,Standard,Office Supplies,1813.4,2026-06-23 11:17:00,2026-06-27 13:09:00,97.87,0,0,0
ORD02727,CUST0614,SMB,WH_WEST,Standard,Industrial,4060.94,2026-01-13 08:54:00,2026-01-18 17:26:00,128.53,0,0,0
ORD02728,CUST0001,Retail,WH_EAST,Standard,Industrial,5287.92,2026-04-04 13:43:00,2026-04-13 15:50:00,218.12,1,0,0
ORD02729,CUST0578,Retail,WH_NORTH,Standard,Electronics,998.26,2026-06-04 17:17:00,2026-06-12 06:04:00,180.78,1,0,0
ORD02730,CUST0348,SMB,WH_SOUTH,Standard,Furniture,1226.3,2026-03-14 17:43:00,2026-03-22 04:34:00,178.85,1,0,0
ORD02731,CUST0152,Enterprise,WH_EAST,Priority,Electronics,4840.14,2026-01-07 17:41:00,2026-01-14 05:23:00,155.7,0,0,0
ORD02732,CUST0261,Retail,WH_WEST,Standard,Office Supplies,6960.53,2026-01-08 15:07:00,2026-01-20 15:26:00,288.32,1,0,0
ORD02733,CUST0857,SMB,WH_SOUTH,Standard,Clothing,2836.44,2026-03-16 17:23:00,2026-03-26 02:54:00,225.52,1,0,0
ORD02734,CUST0505,Enterprise,WH_EAST,Express,Industrial,894.4,2026-04-02 08:59:00,2026-04-07 13:45:00,124.77,0,1,0
ORD02735,CUST0100,Enterprise,WH_WEST,Express,Industrial,8863.07,2026-04-05 09:01:00,2026-04-14 06:29:00,213.47,1,0,0
ORD02736,CUST0763,SMB,WH_EAST,Priority,Electronics,1182.31,2026-04-10 11:55:00,2026-04-14 06:46:00,90.85,0,1,0
ORD02737,CUST0143,Retail,WH_NORTH,Standard,Electronics,1382.83,2026-01-14 10:24:00,2026-01-21 07:09:00,164.75,0,0,1
ORD02738,CUST0334,SMB,WH_EAST,Express,Clothing,2377.66,2026-05-07 14:14:00,2026-05-13 14:49:00,144.58,0,0,0
ORD02739,CUST0163,SMB,WH_SOUTH,Standard,Clothing,6268.73,2026-04-22 14:28:00,2026-05-01 04:59:00,206.52,1,0,0
ORD02740,CUST0770,Enterprise,WH_EAST,Standard,Clothing,3580.22,2026-02-13 08:23:00,2026-02-21 12:00:00,195.62,1,0,0
ORD02741,CUST0712,SMB,WH_SOUTH,Priority,Office Supplies,2519.69,2026-05-05 11:04:00,2026-05-09 07:09:00,92.08,0,1,0
ORD02742,CUST0099,SMB,WH_EAST,Standard,Clothing,2619.22,2026-01-02 09:22:00,2026-01-09 03:37:00,162.25,0,0,0
ORD02743,CUST0540,SMB,WH_EAST,Priority,Furniture,1872.09,2026-04-20 12:20:00,2026-04-23 10:15:00,69.92,0,0,0
ORD02744,CUST0749,Enterprise,WH_EAST,Express,Office Supplies,2825.7,2026-02-12 15:20:00,2026-02-20 08:46:00,185.43,1,0,0
ORD02745,CUST0059,SMB,WH_NORTH,Priority,Electronics,238.97,2026-05-20 14:28:00,2026-05-23 19:56:00,77.47,0,0,0
ORD02746,CUST0662,SMB,WH_SOUTH,Express,Furniture,1426.12,2026-02-25 15:57:00,2026-03-04 03:53:00,155.93,0,0,0
ORD02747,CUST0076,SMB,WH_WEST,Express,Electronics,2193.07,2026-04-04 11:52:00,2026-04-11 05:17:00,161.42,0,0,0
ORD02748,CUST0281,Retail,WH_NORTH,Express,Furniture,719.96,2026-05-25 12:04:00,2026-06-02 20:56:00,200.87,1,0,0
ORD02749,CUST0914,Enterprise,WH_EAST,Standard,Electronics,2462.81,2026-04-27 09:53:00,2026-05-07 19:32:00,249.65,1,0,0
ORD02750,CUST0222,SMB,WH_NORTH,Priority,Furniture,1535.21,2026-04-25 13:39:00,2026-05-01 04:41:00,135.03,0,0,0
ORD02751,CUST0053,Retail,WH_NORTH,Priority,Industrial,7364.16,2026-01-15 09:32:00,2026-01-23 05:07:00,187.58,1,0,0
ORD02752,CUST0933,Enterprise,WH_EAST,Express,Electronics,6364.02,2026-01-02 15:03:00,2026-01-06 12:22:00,93.32,0,0,0
ORD02753,CUST0945,Retail,WH_NORTH,Standard,Industrial,1245.58,2026-05-25 11:50:00,2026-06-01 13:35:00,169.75,1,1,0
ORD02754,CUST0082,SMB,WH_NORTH,Standard,Furniture,1602.52,2026-05-24 10:47:00,2026-05-29 03:56:00,113.15,0,1,0
ORD02755,CUST0065,Enterprise,WH_WEST,Standard,Clothing,1704.18,2026-03-06 12:50:00,2026-03-16 18:01:00,245.18,1,0,0
ORD02756,CUST0052,Retail,WH_EAST,Express,Clothing,1259.75,2026-06-08 13:00:00,2026-06-15 23:16:00,178.27,1,0,0
ORD02757,CUST0645,SMB,WH_EAST,Priority,Industrial,2113.33,2026-05-08 09:54:00,2026-05-16 04:37:00,186.72,1,0,0
ORD02758,CUST0436,SMB,WH_WEST,Express,Office Supplies,985.72,2026-02-12 10:32:00,2026-02-19 19:54:00,177.37,1,0,0
ORD02759,CUST0428,SMB,WH_WEST,Express,Furniture,731.8,2026-05-26 14:02:00,2026-05-30 02:42:00,84.67,0,0,0
ORD02760,CUST0264,Enterprise,WH_WEST,Express,Clothing,2975.5,2026-06-02 13:55:00,2026-06-11 02:11:00,204.27,1,0,0
ORD02761,CUST0353,SMB,WH_SOUTH,Standard,Industrial,2991.78,2026-05-09 17:13:00,2026-05-16 18:05:00,168.87,1,0,0
ORD02762,CUST0775,Enterprise,WH_EAST,Express,Clothing,950.08,2026-06-02 12:27:00,2026-06-11 19:29:00,223.03,1,0,0
ORD02763,CUST0775,SMB,WH_EAST,Standard,Office Supplies,3700.73,2026-05-22 10:13:00,2026-05-30 10:27:00,192.23,1,0,0
ORD02764,CUST0836,SMB,WH_EAST,Priority,Clothing,1090.88,2026-03-19 17:57:00,2026-03-26 14:49:00,164.87,0,0,0
ORD02765,CUST0075,SMB,WH_NORTH,Priority,Industrial,2213.95,2026-05-04 08:06:00,2026-05-07 06:46:00,70.67,0,1,0
ORD02766,CUST0363,Retail,WH_SOUTH,Express,Furniture,3485.18,2026-05-21 09:07:00,2026-05-29 06:49:00,189.7,1,0,0
ORD02767,CUST0902,Enterprise,WH_EAST,Express,Industrial,1760.07,2026-06-05 10:07:00,2026-06-15 22:47:00,252.67,1,0,1
ORD02768,CUST0231,Enterprise,WH_SOUTH,Priority,Industrial,2601.37,2026-03-27 14:36:00,2026-04-06 12:21:00,237.75,1,0,0
ORD02769,CUST0755,Retail,WH_SOUTH,Priority,Electronics,1196.14,2026-01-23 12:15:00,2026-01-28 16:33:00,124.3,0,0,0
ORD02770,CUST0871,SMB,WH_SOUTH,Priority,Clothing,1545.07,2026-02-04 17:14:00,2026-02-12 12:32:00,187.3,1,0,0
ORD02771,CUST0894,SMB,WH_NORTH,Express,Clothing,1533.51,2026-02-04 16:46:00,2026-02-10 10:33:00,137.78,0,0,0
ORD02772,CUST0501,Enterprise,WH_EAST,Priority,Office Supplies,994.99,2026-05-04 10:41:00,2026-05-10 08:43:00,142.03,0,0,0
ORD02773,CUST0746,Enterprise,WH_EAST,Standard,Electronics,1569.61,2026-01-03 09:19:00,2026-01-15 03:13:00,281.9,1,1,0
ORD02774,CUST0956,Retail,WH_SOUTH,Express,Office Supplies,523.8,2026-02-15 11:15:00,2026-02-22 06:08:00,162.88,0,0,1
ORD02775,CUST0882,Retail,WH_SOUTH,Express,Industrial,1220.57,2026-06-27 11:29:00,2026-06-30 11:25:00,71.93,0,0,0
ORD02776,CUST0126,Enterprise,WH_SOUTH,Priority,Electronics,1439.57,2026-01-17 15:22:00,2026-01-23 22:51:00,151.48,0,0,0
ORD02777,CUST0348,Retail,WH_WEST,Express,Clothing,1473.0,2026-02-26 16:31:00,2026-03-02 11:24:00,90.88,0,1,0
ORD02778,CUST0936,SMB,WH_EAST,Priority,Furniture,1490.4,2026-03-26 14:10:00,2026-03-30 11:37:00,93.45,0,0,0
ORD02779,CUST0001,Retail,WH_SOUTH,Express,Office Supplies,1720.88,2026-06-19 15:35:00,2026-06-23 20:28:00,100.88,0,0,0
ORD02780,CUST0049,Retail,WH_WEST,Express,Electronics,2653.28,2026-04-09 14:39:00,2026-04-15 15:01:00,144.37,0,0,0
ORD02781,CUST0081,SMB,WH_WEST,Priority,Furniture,3639.54,2026-02-22 09:49:00,2026-02-24 09:06:00,47.28,0,0,0
ORD02782,CUST0733,SMB,WH_SOUTH,Standard,Furniture,1075.12,2026-03-01 13:47:00,2026-03-06 03:20:00,109.55,0,0,0
ORD02783,CUST0857,Retail,WH_WEST,Standard,Office Supplies,690.52,2026-05-12 15:05:00,2026-05-19 09:56:00,162.85,0,0,0
ORD02784,CUST0835,Retail,WH_WEST,Express,Industrial,785.53,2026-03-16 09:41:00,2026-03-23 04:15:00,162.57,0,0,0
ORD02785,CUST0228,Retail,WH_SOUTH,Express,Furniture,1224.44,2026-01-11 13:29:00,2026-01-18 06:01:00,160.53,0,0,0
ORD02786,CUST0024,Retail,WH_WEST,Express,Industrial,1364.39,2026-04-20 08:59:00,2026-04-27 06:51:00,165.87,0,0,1
ORD02787,CUST0355,Enterprise,WH_SOUTH,Express,Clothing,976.53,2026-05-08 12:55:00,2026-05-18 09:51:00,236.93,1,1,0
ORD02788,CUST0326,Enterprise,WH_WEST,Standard,Electronics,641.05,2026-01-18 16:42:00,2026-01-26 11:05:00,186.38,1,0,0
ORD02789,CUST0084,Retail,WH_NORTH,Priority,Office Supplies,1255.27,2026-02-26 16:53:00,2026-03-04 15:08:00,142.25,0,0,0
ORD02790,CUST0468,Retail,WH_WEST,Standard,Electronics,2090.46,2026-05-11 08:33:00,2026-05-20 20:03:00,227.5,1,0,0
ORD02791,CUST0630,Enterprise,WH_SOUTH,Priority,Electronics,2910.34,2026-04-14 14:21:00,2026-04-21 16:12:00,169.85,1,0,1
ORD02792,CUST0141,Retail,WH_WEST,Express,Furniture,1157.55,2026-03-30 13:39:00,2026-04-05 00:22:00,130.72,0,0,1
ORD02793,CUST0467,SMB,WH_SOUTH,Standard,Clothing,1299.33,2026-03-06 16:44:00,2026-03-12 03:50:00,131.1,0,0,0
ORD02794,CUST0291,Enterprise,WH_WEST,Priority,Industrial,861.47,2026-03-21 17:26:00,2026-03-26 07:06:00,109.67,0,0,0
ORD02795,CUST0528,Enterprise,WH_WEST,Priority,Office Supplies,1763.13,2026-06-18 10:06:00,2026-06-25 02:23:00,160.28,0,0,0
ORD02796,CUST0213,Retail,WH_EAST,Express,Clothing,917.14,2026-01-14 16:45:00,2026-01-22 19:46:00,195.02,1,0,0
ORD02797,CUST0081,SMB,WH_SOUTH,Standard,Furniture,2859.79,2026-03-28 11:41:00,2026-04-06 08:26:00,212.75,1,0,0
ORD02798,CUST0432,SMB,WH_WEST,Express,Furniture,433.25,2026-01-11 14:52:00,2026-01-14 15:18:00,72.43,0,0,0
ORD02799,CUST0884,Enterprise,WH_EAST,Priority,Industrial,1356.0,2026-02-01 09:33:00,2026-02-09 20:24:00,202.85,1,0,0
ORD02800,CUST0942,Enterprise,WH_WEST,Priority,Furniture,2300.51,2026-01-14 11:05:00,2026-01-25 21:26:00,274.35,1,0,0
ORD02801,CUST0539,SMB,WH_EAST,Priority,Industrial,2094.49,2026-06-08 13:29:00,2026-06-12 17:04:00,99.58,0,0,0
ORD02802,CUST0820,Retail,WH_SOUTH,Priority,Office Supplies,15590.65,2026-04-01 09:01:00,2026-04-05 15:14:00,102.22,0,0,0
ORD02803,CUST0019,Enterprise,WH_NORTH,Standard,Industrial,2391.89,2026-03-26 08:41:00,2026-03-31 12:28:00,123.78,0,0,0
ORD02804,CUST0222,Enterprise,WH_EAST,Priority,Clothing,809.77,2026-06-03 13:30:00,2026-06-10 18:05:00,172.58,1,0,0
ORD02805,CUST0535,Retail,WH_WEST,Express,Industrial,1675.1,2026-01-18 10:44:00,2026-01-21 21:29:00,82.75,0,0,0
ORD02806,CUST0288,Enterprise,WH_SOUTH,Express,Furniture,436.59,2026-06-20 16:40:00,2026-06-30 18:51:00,242.18,1,0,0
ORD02807,CUST0591,SMB,WH_NORTH,Standard,Electronics,1695.14,2026-02-14 12:06:00,2026-02-21 21:46:00,177.67,1,1,0
ORD02808,CUST0837,SMB,WH_SOUTH,Standard,Clothing,928.49,2026-06-10 15:07:00,2026-06-16 09:44:00,138.62,0,0,0
ORD02809,CUST0985,Enterprise,WH_SOUTH,Standard,Electronics,3760.52,2026-05-07 10:31:00,2026-05-14 13:24:00,170.88,1,1,0
ORD02810,CUST0148,Retail,WH_EAST,Standard,Clothing,1164.87,2026-05-31 14:52:00,2026-06-08 10:20:00,187.47,1,0,0
ORD02811,CUST0949,Retail,WH_WEST,Express,Furniture,1646.8,2026-02-24 15:32:00,2026-02-28 14:18:00,94.77,0,0,0
ORD02812,CUST0505,Retail,WH_WEST,Priority,Industrial,1087.41,2026-01-01 15:40:00,2026-01-09 16:31:00,192.85,1,0,0
ORD02813,CUST0869,Enterprise,WH_EAST,Standard,Electronics,7266.87,2026-02-26 17:34:00,2026-03-10 03:13:00,273.65,1,0,0
ORD02814,CUST0667,Retail,WH_WEST,Express,Office Supplies,1398.29,2026-02-19 10:00:00,2026-02-27 04:06:00,186.1,1,0,0
ORD02815,CUST0545,SMB,WH_EAST,Express,Industrial,7832.57,2026-06-30 14:56:00,2026-07-04 15:01:00,96.08,0,1,0
ORD02816,CUST0178,SMB,WH_EAST,Express,Electronics,3467.96,2026-03-08 09:08:00,2026-03-15 22:18:00,181.17,1,0,0
ORD02817,CUST0238,SMB,WH_NORTH,Priority,Furniture,2658.86,2026-06-18 14:27:00,2026-06-26 06:45:00,184.3,1,0,0
ORD02818,CUST0061,Enterprise,WH_WEST,Standard,Electronics,2428.4,2026-02-06 12:20:00,2026-02-14 06:34:00,186.23,1,0,0
ORD02819,CUST0774,Enterprise,WH_SOUTH,Priority,Furniture,2477.58,2026-02-20 16:28:00,2026-02-28 07:52:00,183.4,1,0,0
ORD02820,CUST0892,Retail,WH_WEST,Standard,Industrial,386.78,2026-03-31 10:47:00,2026-04-12 04:29:00,281.7,1,0,0
ORD02821,CUST0026,Retail,WH_WEST,Express,Office Supplies,1446.49,2026-04-14 08:42:00,2026-04-23 03:38:00,210.93,1,0,0
ORD02822,CUST0679,Enterprise,WH_WEST,Priority,Electronics,3555.06,2026-01-15 15:25:00,2026-01-21 16:30:00,145.08,0,0,0
ORD02823,CUST0668,SMB,WH_WEST,Express,Office Supplies,1738.68,2026-05-27 17:14:00,2026-06-03 08:37:00,159.38,0,0,0
ORD02824,CUST0156,Retail,WH_EAST,Priority,Industrial,587.48,2026-05-08 11:24:00,2026-05-12 00:30:00,85.1,0,0,0
ORD02825,CUST0595,Enterprise,WH_EAST,Express,Furniture,1733.81,2026-04-04 15:11:00,2026-04-10 04:11:00,133.0,0,0,0
ORD02826,CUST0144,Enterprise,WH_EAST,Priority,Clothing,7067.66,2026-05-15 08:01:00,2026-05-19 18:46:00,106.75,0,0,0
ORD02827,CUST0067,Retail,WH_EAST,Standard,Clothing,4902.56,2026-05-09 15:47:00,2026-05-17 16:04:00,192.28,1,0,0
ORD02828,CUST0103,SMB,WH_NORTH,Express,Office Supplies,1720.55,2026-06-04 15:29:00,2026-06-09 12:57:00,117.47,0,0,0
ORD02829,CUST0973,Enterprise,WH_NORTH,Standard,Industrial,3870.58,2026-01-03 10:29:00,2026-01-10 14:25:00,171.93,1,0,0
ORD02830,CUST0111,SMB,WH_EAST,Standard,Office Supplies,1348.56,2026-04-07 17:43:00,2026-04-11 21:31:00,99.8,0,0,1
ORD02831,CUST0974,SMB,WH_EAST,Priority,Clothing,462.62,2026-05-26 11:55:00,2026-06-01 06:31:00,138.6,0,0,0
ORD02832,CUST0761,SMB,WH_EAST,Standard,Furniture,863.01,2026-06-09 17:36:00,2026-06-16 10:32:00,160.93,0,0,0
ORD02833,CUST0602,SMB,WH_NORTH,Standard,Clothing,6312.65,2026-06-18 14:38:00,2026-06-22 11:49:00,93.18,0,1,0
ORD02834,CUST0722,Enterprise,WH_NORTH,Express,Furniture,1452.16,2026-01-07 14:36:00,2026-01-19 13:45:00,287.15,1,0,0
ORD02835,CUST0985,Enterprise,WH_SOUTH,Priority,Furniture,1488.16,2026-05-22 12:03:00,2026-05-30 07:07:00,187.07,1,1,0
ORD02836,CUST0269,Retail,WH_EAST,Priority,Office Supplies,1422.44,2026-04-18 13:16:00,2026-04-22 00:10:00,82.9,0,1,0
ORD02837,CUST0638,SMB,WH_SOUTH,Priority,Electronics,8294.18,2026-06-25 13:16:00,2026-06-28 07:42:00,66.43,0,0,1
ORD02838,CUST0599,SMB,WH_EAST,Priority,Industrial,6639.34,2026-01-28 13:00:00,2026-01-31 02:53:00,61.88,0,0,1
ORD02839,CUST0358,Retail,WH_NORTH,Express,Clothing,10668.22,2026-06-28 15:27:00,2026-07-04 18:24:00,146.95,0,0,0
ORD02840,CUST0500,Enterprise,WH_EAST,Express,Furniture,1592.03,2026-05-26 17:02:00,2026-06-03 09:47:00,184.75,1,1,1
ORD02841,CUST0258,Enterprise,WH_SOUTH,Standard,Electronics,2290.44,2026-01-20 17:03:00,2026-01-27 00:08:00,151.08,0,0,0
ORD02842,CUST0270,Enterprise,WH_EAST,Standard,Industrial,537.37,2026-05-17 08:13:00,2026-05-28 02:10:00,257.95,1,0,0
ORD02843,CUST0779,Retail,WH_NORTH,Priority,Clothing,5893.16,2026-05-22 08:02:00,2026-05-25 11:28:00,75.43,0,0,0
ORD02844,CUST0935,SMB,WH_NORTH,Express,Furniture,710.36,2026-06-25 16:44:00,2026-06-29 19:23:00,98.65,0,0,0
ORD02845,CUST0819,Retail,WH_EAST,Priority,Electronics,2150.42,2026-03-30 09:18:00,2026-04-06 19:22:00,178.07,1,0,0
ORD02846,CUST0401,Retail,WH_WEST,Priority,Clothing,751.57,2026-03-16 13:42:00,2026-03-20 18:33:00,100.85,0,0,0
ORD02847,CUST0679,SMB,WH_SOUTH,Express,Furniture,1128.8,2026-03-01 16:06:00,2026-03-09 05:00:00,180.9,1,0,0
ORD02848,CUST0100,SMB,WH_EAST,Standard,Office Supplies,925.37,2026-05-13 11:25:00,2026-05-18 11:01:00,119.6,0,0,0
ORD02849,CUST0354,Enterprise,WH_WEST,Standard,Industrial,1111.76,2026-01-02 10:31:00,2026-01-10 13:59:00,195.47,1,0,0
ORD02850,CUST0782,Enterprise,WH_WEST,Priority,Industrial,1174.62,2026-05-23 10:56:00,2026-06-01 03:34:00,208.63,1,0,0
ORD02851,CUST0312,Retail,WH_NORTH,Express,Clothing,1166.06,2026-04-25 12:01:00,2026-05-02 22:07:00,178.1,1,0,0
ORD02852,CUST0497,SMB,WH_NORTH,Standard,Office Supplies,3521.59,2026-03-04 12:16:00,2026-03-10 07:25:00,139.15,0,0,1
ORD02853,CUST0378,Retail,WH_SOUTH,Express,Furniture,747.03,2026-03-21 16:16:00,2026-03-25 20:44:00,100.47,0,0,0
ORD02854,CUST0312,SMB,WH_EAST,Standard,Furniture,2156.91,2026-05-07 13:53:00,2026-05-12 23:01:00,129.13,0,1,0
ORD02855,CUST0487,Retail,WH_WEST,Express,Electronics,4790.39,2026-06-08 09:12:00,2026-06-14 18:01:00,152.82,0,0,1
ORD02856,CUST0926,Enterprise,WH_EAST,Express,Office Supplies,1199.24,2026-04-02 09:17:00,2026-04-12 01:27:00,232.17,1,0,0
ORD02857,CUST0744,Retail,WH_NORTH,Standard,Office Supplies,1018.07,2026-03-07 11:57:00,2026-03-11 21:34:00,105.62,0,0,0
ORD02858,CUST0843,SMB,WH_NORTH,Standard,Clothing,1503.54,2026-04-09 12:16:00,2026-04-13 07:55:00,91.65,0,0,0
ORD02859,CUST0859,Enterprise,WH_WEST,Standard,Electronics,4646.08,2026-01-08 10:31:00,2026-01-15 16:41:00,174.17,1,0,0
ORD02860,CUST0269,Enterprise,WH_SOUTH,Priority,Industrial,2111.78,2026-01-12 13:37:00,2026-01-17 08:19:00,114.7,0,0,0
ORD02861,CUST0989,Enterprise,WH_EAST,Priority,Industrial,1182.08,2026-02-18 12:53:00,2026-02-28 11:17:00,238.4,1,0,0
ORD02862,CUST0904,Retail,WH_NORTH,Express,Electronics,2662.71,2026-03-08 11:07:00,2026-03-12 22:05:00,106.97,0,1,0
ORD02863,CUST0715,SMB,WH_EAST,Standard,Industrial,748.57,2026-01-11 08:26:00,2026-01-18 20:12:00,179.77,1,0,0
ORD02864,CUST0946,SMB,WH_EAST,Priority,Office Supplies,3118.44,2026-02-12 10:20:00,2026-02-15 23:47:00,85.45,0,0,0
ORD02865,CUST0167,SMB,WH_EAST,Standard,Office Supplies,2507.11,2026-02-18 14:31:00,2026-03-01 03:24:00,252.88,1,0,0
ORD02866,CUST0505,Enterprise,WH_EAST,Priority,Clothing,1413.4,2026-02-15 09:19:00,2026-02-23 11:09:00,193.83,1,0,0
ORD02867,CUST0907,Retail,WH_SOUTH,Priority,Furniture,924.39,2026-04-03 10:23:00,2026-04-07 19:29:00,105.1,0,1,0
ORD02868,CUST0697,SMB,WH_EAST,Express,Electronics,889.5,2026-04-21 16:46:00,2026-04-24 07:16:00,62.5,0,0,0
ORD02869,CUST0559,Retail,WH_NORTH,Standard,Electronics,2773.47,2026-02-24 08:10:00,2026-02-28 16:17:00,104.12,0,0,0
ORD02870,CUST0196,Retail,WH_SOUTH,Express,Clothing,4832.82,2026-01-26 12:08:00,2026-02-03 03:27:00,183.32,1,0,0
ORD02871,CUST0109,Retail,WH_EAST,Standard,Clothing,1085.89,2026-03-24 09:53:00,2026-03-30 06:56:00,141.05,0,0,0
ORD02872,CUST0214,SMB,WH_SOUTH,Priority,Clothing,2608.97,2026-02-17 11:58:00,2026-02-24 00:30:00,156.53,0,0,0
ORD02873,CUST0843,Enterprise,WH_SOUTH,Standard,Clothing,340.49,2026-04-24 09:36:00,2026-05-02 06:32:00,188.93,1,0,0
ORD02874,CUST0007,Enterprise,WH_SOUTH,Express,Industrial,1132.64,2026-03-14 08:43:00,2026-03-24 09:51:00,241.13,1,0,0
ORD02875,CUST0961,Retail,WH_WEST,Priority,Office Supplies,1763.67,2026-05-25 11:42:00,2026-05-29 19:04:00,103.37,0,0,0
ORD02876,CUST0241,Retail,WH_NORTH,Priority,Electronics,873.28,2026-01-10 10:18:00,2026-01-16 16:44:00,150.43,0,0,0
ORD02877,CUST0210,Enterprise,WH_SOUTH,Express,Electronics,854.74,2026-02-03 16:49:00,2026-02-09 09:40:00,136.85,0,0,0
ORD02878,CUST0166,Enterprise,WH_NORTH,Priority,Industrial,1059.74,2026-04-01 09:19:00,2026-04-09 20:45:00,203.43,1,0,0
ORD02879,CUST0508,Retail,WH_NORTH,Standard,Furniture,2284.16,2026-06-24 08:42:00,2026-07-04 05:19:00,236.62,1,0,0
ORD02880,CUST0623,SMB,WH_SOUTH,Priority,Clothing,1556.41,2026-02-22 12:57:00,2026-03-02 08:38:00,187.68,1,1,0
ORD02881,CUST0047,Enterprise,WH_WEST,Priority,Electronics,301.69,2026-06-09 16:06:00,2026-06-18 04:28:00,204.37,1,0,0
ORD02882,CUST0682,Retail,WH_NORTH,Standard,Clothing,331.44,2026-05-03 12:45:00,2026-05-08 04:21:00,111.6,0,0,0
ORD02883,CUST0328,Retail,WH_EAST,Standard,Office Supplies,1112.66,2026-02-15 12:21:00,2026-02-24 00:51:00,204.5,1,0,0
ORD02884,CUST0689,Retail,WH_SOUTH,Priority,Industrial,2607.51,2026-05-16 13:48:00,2026-05-20 03:48:00,86.0,0,0,0
ORD02885,CUST0315,SMB,WH_WEST,Standard,Clothing,200.74,2026-02-10 16:02:00,2026-02-19 04:23:00,204.35,1,1,0
ORD02886,CUST0638,Enterprise,WH_NORTH,Express,Clothing,1212.23,2026-06-16 11:15:00,2026-06-23 21:30:00,178.25,1,0,0
ORD02887,CUST0316,SMB,WH_SOUTH,Express,Clothing,1186.78,2026-05-21 15:11:00,2026-05-26 15:50:00,120.65,0,0,0
ORD02888,CUST0026,Enterprise,WH_NORTH,Standard,Clothing,5489.93,2026-04-08 17:58:00,2026-04-18 09:13:00,231.25,1,0,0
ORD02889,CUST0298,Enterprise,WH_EAST,Standard,Industrial,1328.73,2026-06-17 14:12:00,2026-06-27 12:42:00,238.5,1,1,0
ORD02890,CUST0201,SMB,WH_WEST,Express,Electronics,2456.25,2026-02-23 14:19:00,2026-03-01 11:30:00,141.18,0,0,0
ORD02891,CUST0851,Retail,WH_EAST,Priority,Clothing,2024.35,2026-02-17 17:28:00,2026-02-22 12:33:00,115.08,0,0,0
ORD02892,CUST0355,Enterprise,WH_SOUTH,Priority,Office Supplies,328.83,2026-05-08 08:43:00,2026-05-15 20:37:00,179.9,1,0,0
ORD02893,CUST0516,Enterprise,WH_SOUTH,Express,Clothing,3342.81,2026-01-04 09:25:00,2026-01-15 10:37:00,265.2,1,0,0
ORD02894,CUST0644,Enterprise,WH_WEST,Express,Clothing,2148.05,2026-02-12 15:59:00,2026-02-23 16:28:00,264.48,1,0,0
ORD02895,CUST0626,SMB,WH_WEST,Priority,Clothing,2715.18,2026-04-10 15:40:00,2026-04-18 08:21:00,184.68,1,0,0
ORD02896,CUST0630,Enterprise,WH_SOUTH,Express,Electronics,41814.15,2026-02-13 14:42:00,2026-02-22 20:16:00,221.57,1,1,0
ORD02897,CUST0999,Retail,WH_WEST,Standard,Furniture,341.28,2026-05-20 12:37:00,2026-05-28 02:47:00,182.17,1,0,0
ORD02898,CUST0798,Enterprise,WH_NORTH,Priority,Industrial,7185.05,2026-04-08 09:43:00,2026-04-13 20:29:00,130.77,0,0,0
ORD02899,CUST0583,Enterprise,WH_NORTH,Standard,Furniture,1436.61,2026-03-15 15:47:00,2026-03-23 12:07:00,188.33,1,1,0
ORD02900,CUST0711,Retail,WH_SOUTH,Priority,Furniture,2275.29,2026-01-10 15:09:00,2026-01-14 07:45:00,88.6,0,1,0
ORD02901,CUST0716,Enterprise,WH_NORTH,Priority,Office Supplies,1743.4,2026-05-30 15:48:00,2026-06-05 09:34:00,137.77,0,0,0
ORD02902,CUST0401,Retail,WH_NORTH,Priority,Clothing,1287.7,2026-02-16 10:37:00,2026-02-22 20:47:00,154.17,0,0,0
ORD02903,CUST0471,Enterprise,WH_EAST,Standard,Industrial,1146.12,2026-02-09 08:24:00,2026-02-16 12:41:00,172.28,1,0,0
ORD02904,CUST0778,Retail,WH_NORTH,Express,Furniture,2353.38,2026-06-15 11:37:00,2026-06-23 07:45:00,188.13,1,0,0
ORD02905,CUST0256,Enterprise,WH_SOUTH,Priority,Clothing,537.14,2026-01-01 15:48:00,2026-01-04 22:18:00,78.5,0,1,0
ORD02906,CUST0724,Retail,WH_EAST,Express,Electronics,3295.99,2026-04-15 09:43:00,2026-04-22 21:25:00,179.7,1,0,0
ORD02907,CUST0239,Enterprise,WH_SOUTH,Priority,Electronics,1296.01,2026-02-20 15:00:00,2026-02-27 13:17:00,166.28,0,1,0
ORD02908,CUST0369,Retail,WH_SOUTH,Express,Electronics,732.12,2026-04-21 11:20:00,2026-04-29 21:49:00,202.48,1,1,0
ORD02909,CUST0109,Enterprise,WH_SOUTH,Priority,Office Supplies,1261.42,2026-01-16 09:49:00,2026-01-20 10:45:00,96.93,0,0,0
ORD02910,CUST0847,Enterprise,WH_NORTH,Express,Industrial,4942.96,2026-01-12 10:12:00,2026-01-16 18:16:00,104.07,0,0,0
ORD02911,CUST0710,SMB,WH_SOUTH,Express,Furniture,1178.19,2026-01-21 14:31:00,2026-01-27 02:06:00,131.58,0,0,0
ORD02912,CUST0892,Retail,WH_WEST,Priority,Industrial,2408.51,2026-01-23 16:04:00,2026-01-28 22:58:00,126.9,0,0,0
ORD02913,CUST0486,Enterprise,WH_SOUTH,Priority,Office Supplies,1007.51,2026-01-08 10:33:00,2026-01-13 15:28:00,124.92,0,1,0
ORD02914,CUST0281,SMB,WH_EAST,Express,Office Supplies,3315.41,2026-04-29 16:40:00,2026-05-07 02:30:00,177.83,1,0,0
ORD02915,CUST0430,Enterprise,WH_SOUTH,Express,Clothing,3128.8,2026-01-02 08:16:00,2026-01-10 03:25:00,187.15,1,0,0
ORD02916,CUST0397,SMB,WH_NORTH,Priority,Industrial,7933.8,2026-05-23 12:54:00,2026-05-27 15:38:00,98.73,0,0,0
ORD02917,CUST0544,Retail,WH_EAST,Standard,Office Supplies,1571.13,2026-01-28 16:24:00,2026-02-07 01:13:00,224.82,1,0,0
ORD02918,CUST0775,Enterprise,WH_WEST,Standard,Furniture,3086.9,2026-05-27 14:54:00,2026-05-31 15:20:00,96.43,0,0,1
ORD02919,CUST0450,Retail,WH_NORTH,Express,Industrial,1955.6,2026-05-15 14:15:00,2026-05-18 21:41:00,79.43,0,0,0
ORD02920,CUST0827,SMB,WH_EAST,Standard,Clothing,5098.48,2026-06-27 15:05:00,2026-07-06 10:57:00,211.87,1,0,0
ORD02921,CUST0098,SMB,WH_EAST,Standard,Electronics,1017.33,2026-01-31 10:02:00,2026-02-07 03:03:00,161.02,0,1,0
ORD02922,CUST0824,Enterprise,WH_WEST,Express,Clothing,3281.33,2026-02-05 13:29:00,2026-02-15 11:31:00,238.03,1,0,0
ORD02923,CUST0770,SMB,WH_NORTH,Standard,Clothing,1547.26,2026-02-07 10:37:00,2026-02-12 18:45:00,128.13,0,0,0
ORD02924,CUST0010,SMB,WH_NORTH,Standard,Electronics,1717.54,2026-03-05 15:59:00,2026-03-13 15:33:00,191.57,1,0,0
ORD02925,CUST0341,Enterprise,WH_NORTH,Express,Industrial,1945.75,2026-05-21 15:02:00,2026-05-30 11:09:00,212.12,1,1,0
ORD02926,CUST0405,Retail,WH_NORTH,Priority,Electronics,2212.31,2026-05-13 11:49:00,2026-05-20 14:28:00,170.65,1,0,0
ORD02927,CUST0718,SMB,WH_SOUTH,Express,Industrial,1647.5,2026-01-18 15:58:00,2026-01-26 06:53:00,182.92,1,0,0
ORD02928,CUST0638,SMB,WH_NORTH,Express,Office Supplies,2146.88,2026-06-11 17:29:00,2026-06-19 10:13:00,184.73,1,0,0
ORD02929,CUST0037,Enterprise,WH_EAST,Priority,Industrial,6390.03,2026-03-28 13:02:00,2026-04-02 21:47:00,128.75,0,0,0
ORD02930,CUST0909,Retail,WH_NORTH,Standard,Office Supplies,3977.31,2026-04-29 08:28:00,2026-05-03 20:08:00,107.67,0,0,1
ORD02931,CUST0959,Enterprise,WH_EAST,Express,Industrial,3623.96,2026-02-15 12:30:00,2026-02-21 17:11:00,148.68,0,0,0
ORD02932,CUST0677,Enterprise,WH_NORTH,Express,Clothing,1255.85,2026-03-17 12:25:00,2026-03-27 15:45:00,243.33,1,0,0
ORD02933,CUST0429,SMB,WH_NORTH,Express,Furniture,887.68,2026-01-15 15:36:00,2026-01-19 06:08:00,86.53,0,0,0
ORD02934,CUST0477,Retail,WH_NORTH,Priority,Clothing,3882.52,2026-01-31 09:48:00,2026-02-03 10:21:00,72.55,0,0,0
ORD02935,CUST0059,Enterprise,WH_NORTH,Priority,Electronics,3644.0,2026-03-30 15:48:00,2026-04-07 13:05:00,189.28,1,0,0
ORD02936,CUST0043,Retail,WH_EAST,Express,Furniture,5873.09,2026-05-08 13:27:00,2026-05-14 01:23:00,131.93,0,1,0
ORD02937,CUST0471,Enterprise,WH_NORTH,Priority,Furniture,1115.23,2026-06-14 15:45:00,2026-06-19 15:06:00,119.35,0,0,0
ORD02938,CUST0664,SMB,WH_WEST,Express,Industrial,1504.72,2026-05-06 15:39:00,2026-05-14 22:35:00,198.93,1,0,0
ORD02939,CUST0996,SMB,WH_NORTH,Express,Clothing,487.07,2026-05-02 12:27:00,2026-05-07 08:53:00,116.43,0,0,0
ORD02940,CUST0284,SMB,WH_SOUTH,Priority,Furniture,1320.84,2026-03-09 14:34:00,2026-03-17 16:26:00,193.87,1,0,0
ORD02941,CUST0503,SMB,WH_SOUTH,Standard,Electronics,4012.85,2026-05-21 15:30:00,2026-05-31 10:32:00,235.03,1,0,0
ORD02942,CUST0964,Enterprise,WH_WEST,Priority,Industrial,1244.89,2026-06-18 09:01:00,2026-06-28 08:56:00,239.92,1,0,0
ORD02943,CUST0684,Retail,WH_EAST,Standard,Electronics,3018.1,2026-03-26 08:42:00,2026-04-03 08:08:00,191.43,1,0,0
ORD02944,CUST0879,Enterprise,WH_EAST,Express,Furniture,1552.46,2026-01-22 10:04:00,2026-02-02 11:16:00,265.2,1,0,0
ORD02945,CUST0323,Retail,WH_NORTH,Express,Industrial,2343.14,2026-04-15 08:50:00,2026-04-19 11:29:00,98.65,0,0,0
ORD02946,CUST0189,SMB,WH_WEST,Standard,Furniture,721.87,2026-03-09 14:57:00,2026-03-13 07:13:00,88.27,0,0,0
ORD02947,CUST0964,Enterprise,WH_SOUTH,Express,Electronics,1935.59,2026-01-22 11:41:00,2026-01-30 05:26:00,185.75,1,0,0
ORD02948,CUST0369,Retail,WH_WEST,Express,Furniture,165.19,2026-03-16 11:09:00,2026-03-21 19:14:00,128.08,0,0,0
ORD02949,CUST0639,SMB,WH_SOUTH,Priority,Office Supplies,1556.95,2026-06-14 08:33:00,2026-06-20 20:23:00,155.83,0,0,0
ORD02950,CUST0438,SMB,WH_SOUTH,Standard,Furniture,490.6,2026-04-30 08:40:00,2026-05-05 10:48:00,122.13,0,0,0
ORD02951,CUST0389,Enterprise,WH_WEST,Priority,Clothing,4744.76,2026-04-30 16:12:00,2026-05-09 20:46:00,220.57,1,0,0
ORD02952,CUST0930,Enterprise,WH_SOUTH,Standard,Office Supplies,3367.5,2026-06-25 12:50:00,2026-06-30 01:08:00,108.3,0,0,0
ORD02953,CUST0142,Enterprise,WH_NORTH,Standard,Clothing,2626.31,2026-06-17 09:08:00,2026-06-27 00:18:00,231.17,1,1,0
ORD02954,CUST0009,Retail,WH_NORTH,Express,Industrial,6104.64,2026-05-02 13:04:00,2026-05-10 04:06:00,183.03,1,0,0
ORD02955,CUST0522,Enterprise,WH_EAST,Standard,Industrial,846.29,2026-04-30 12:56:00,2026-05-08 10:26:00,189.5,1,0,0
ORD02956,CUST0458,SMB,WH_WEST,Standard,Electronics,7316.52,2026-04-02 16:21:00,2026-04-08 01:52:00,129.52,0,1,0
ORD02957,CUST0153,SMB,WH_EAST,Priority,Office Supplies,3811.41,2026-06-07 16:12:00,2026-06-14 19:09:00,170.95,1,0,0
ORD02958,CUST0462,SMB,WH_NORTH,Express,Office Supplies,1496.31,2026-06-30 10:53:00,2026-07-04 11:27:00,96.57,0,0,0
ORD02959,CUST0237,SMB,WH_NORTH,Priority,Industrial,4485.01,2026-05-15 15:13:00,2026-05-20 19:49:00,124.6,0,0,0
ORD02960,CUST0990,Retail,WH_WEST,Express,Clothing,746.18,2026-05-12 11:45:00,2026-05-19 03:05:00,159.33,0,0,0
ORD02961,CUST0195,Retail,WH_SOUTH,Express,Clothing,934.85,2026-01-09 10:31:00,2026-01-16 18:46:00,176.25,1,0,0
ORD02962,CUST0834,Retail,WH_SOUTH,Priority,Electronics,1111.12,2026-05-06 11:27:00,2026-05-13 15:17:00,171.83,1,0,1
ORD02963,CUST0679,Enterprise,WH_EAST,Priority,Furniture,1184.19,2026-03-30 14:09:00,2026-04-04 18:53:00,124.73,0,0,0
ORD02964,CUST0893,Enterprise,WH_SOUTH,Standard,Electronics,776.47,2026-04-02 11:08:00,2026-04-13 20:04:00,272.93,1,0,0
ORD02965,CUST0073,Enterprise,WH_WEST,Standard,Electronics,4810.07,2026-03-15 15:55:00,2026-03-23 21:19:00,197.4,1,0,0
ORD02966,CUST0754,Retail,WH_WEST,Priority,Office Supplies,1469.85,2026-04-04 15:45:00,2026-04-06 16:05:00,48.33,0,0,0
ORD02967,CUST0404,Enterprise,WH_SOUTH,Priority,Industrial,2397.07,2026-01-16 13:09:00,2026-01-26 11:52:00,238.72,1,0,0
ORD02968,CUST0792,SMB,WH_EAST,Priority,Electronics,1145.64,2026-03-13 10:45:00,2026-03-21 14:00:00,195.25,1,1,0
ORD02969,CUST0750,Enterprise,WH_NORTH,Express,Furniture,421.37,2026-05-10 10:12:00,2026-05-17 08:43:00,166.52,0,0,0
ORD02970,CUST0119,SMB,WH_EAST,Standard,Industrial,2244.07,2026-05-07 14:23:00,2026-05-15 17:39:00,195.27,1,0,1
ORD02971,CUST0512,Retail,WH_SOUTH,Standard,Furniture,391.58,2026-03-19 16:42:00,2026-03-27 02:25:00,177.72,1,0,0
ORD02972,CUST0649,Retail,WH_EAST,Priority,Electronics,1711.44,2026-06-16 08:32:00,2026-06-23 20:31:00,179.98,1,0,0
ORD02973,CUST0056,SMB,WH_EAST,Express,Industrial,605.07,2026-05-18 13:01:00,2026-05-24 07:40:00,138.65,0,0,0
ORD02974,CUST0165,Retail,WH_WEST,Express,Clothing,8864.6,2026-04-27 08:04:00,2026-05-03 05:24:00,141.33,0,0,0
ORD02975,CUST0809,Enterprise,WH_WEST,Standard,Industrial,3748.42,2026-05-28 11:05:00,2026-06-08 23:40:00,276.58,1,0,0
ORD02976,CUST0011,SMB,WH_EAST,Express,Electronics,1967.67,2026-01-22 16:11:00,2026-01-27 20:20:00,124.15,0,0,0
ORD02977,CUST0023,SMB,WH_WEST,Standard,Furniture,4968.96,2026-06-26 14:12:00,2026-07-06 12:08:00,237.93,1,0,0
ORD02978,CUST0559,Enterprise,WH_WEST,Express,Clothing,918.69,2026-06-18 12:51:00,2026-06-24 11:40:00,142.82,0,0,0
ORD02979,CUST0012,SMB,WH_SOUTH,Priority,Electronics,2792.75,2026-06-19 16:49:00,2026-06-26 05:23:00,156.57,0,0,0
ORD02980,CUST0864,SMB,WH_SOUTH,Priority,Office Supplies,2121.44,2026-03-03 09:57:00,2026-03-07 10:02:00,96.08,0,0,0
ORD02981,CUST0141,Retail,WH_NORTH,Standard,Industrial,2233.26,2026-06-19 15:05:00,2026-06-26 16:58:00,169.88,1,0,1
ORD02982,CUST0328,SMB,WH_WEST,Standard,Industrial,5003.45,2026-06-10 17:04:00,2026-06-16 01:12:00,128.13,0,0,1
ORD02983,CUST0739,SMB,WH_NORTH,Priority,Office Supplies,3248.65,2026-01-05 12:58:00,2026-01-09 14:22:00,97.4,0,1,0
ORD02984,CUST0478,Enterprise,WH_WEST,Express,Clothing,2277.83,2026-03-05 15:45:00,2026-03-12 01:20:00,153.58,0,0,0
ORD02985,CUST0934,SMB,WH_WEST,Priority,Industrial,481.11,2026-03-21 15:56:00,2026-03-26 16:58:00,121.03,0,1,0
ORD02986,CUST0229,Retail,WH_SOUTH,Express,Clothing,838.79,2026-04-19 09:36:00,2026-04-23 11:11:00,97.58,0,0,0
ORD02987,CUST0395,Retail,WH_SOUTH,Priority,Industrial,1638.99,2026-04-26 08:43:00,2026-05-03 23:37:00,182.9,1,0,0
ORD02988,CUST0453,Retail,WH_EAST,Express,Industrial,1948.27,2026-04-22 15:13:00,2026-04-30 10:48:00,187.58,1,0,0
ORD02989,CUST0241,Retail,WH_SOUTH,Standard,Clothing,732.04,2026-04-30 12:44:00,2026-05-09 00:58:00,204.23,1,0,0
ORD02990,CUST0004,Enterprise,WH_EAST,Standard,Industrial,12448.32,2026-02-23 10:04:00,2026-03-04 11:23:00,217.32,1,0,0
ORD02991,CUST0796,SMB,WH_WEST,Priority,Furniture,6082.16,2026-01-15 16:33:00,2026-01-18 09:50:00,65.28,0,0,0
ORD02992,CUST0355,Enterprise,WH_EAST,Express,Clothing,2926.89,2026-06-09 09:36:00,2026-06-19 12:09:00,242.55,1,1,0
ORD02993,CUST0387,SMB,WH_SOUTH,Standard,Industrial,1915.3,2026-04-06 08:39:00,2026-04-14 01:31:00,184.87,1,0,0
ORD02994,CUST0168,Enterprise,WH_WEST,Standard,Furniture,1525.74,2026-02-06 09:23:00,2026-02-11 14:44:00,125.35,0,1,0
ORD02995,CUST0488,Retail,WH_NORTH,Priority,Office Supplies,844.26,2026-06-21 08:09:00,2026-06-27 17:52:00,153.72,0,0,0
ORD02996,CUST0112,SMB,WH_NORTH,Standard,Clothing,1923.66,2026-01-24 15:57:00,2026-01-30 15:30:00,143.55,0,0,0
ORD02997,CUST0957,SMB,WH_EAST,Priority,Electronics,2222.09,2026-04-17 12:47:00,2026-04-24 13:27:00,168.67,1,0,1
ORD02998,CUST0341,Enterprise,WH_NORTH,Express,Clothing,669.54,2026-03-09 11:20:00,2026-03-14 18:40:00,127.33,0,0,1
ORD02999,CUST0667,Retail,WH_WEST,Express,Industrial,2362.18,2026-05-05 16:40:00,2026-05-09 04:38:00,83.97,0,0,0
ORD03000,CUST0702,Enterprise,WH_EAST,Express,Electronics,1596.86,2026-05-27 08:42:00,2026-06-04 12:58:00,196.27,1,0,0
ORD03001,CUST0373,Enterprise,WH_NORTH,Standard,Industrial,392.98,2026-01-22 08:02:00,2026-01-30 18:00:00,201.97,1,1,0
ORD03002,CUST0575,Retail,WH_NORTH,Standard,Electronics,908.41,2026-04-03 08:59:00,2026-04-09 16:27:00,151.47,0,0,0
ORD03003,CUST0138,SMB,WH_WEST,Express,Electronics,1298.7,2026-01-29 17:10:00,2026-02-02 13:54:00,92.73,0,0,0
ORD03004,CUST0525,Retail,WH_SOUTH,Priority,Furniture,8185.75,2026-03-10 13:07:00,2026-03-13 10:57:00,69.83,0,0,0
ORD03005,CUST0098,Enterprise,WH_WEST,Priority,Furniture,2822.12,2026-03-02 11:45:00,2026-03-10 13:16:00,193.52,1,0,0
ORD03006,CUST0736,SMB,WH_EAST,Priority,Electronics,621.18,2026-03-11 08:36:00,2026-03-14 20:25:00,83.82,0,0,0
ORD03007,CUST0298,SMB,WH_EAST,Priority,Furniture,2667.32,2026-01-25 14:12:00,2026-01-30 00:03:00,105.85,0,0,0
ORD03008,CUST0995,Enterprise,WH_SOUTH,Standard,Furniture,524.35,2026-03-06 10:54:00,2026-03-14 09:42:00,190.8,1,0,0
ORD03009,CUST0797,Retail,WH_WEST,Express,Industrial,4299.07,2026-03-30 17:00:00,2026-04-06 19:00:00,170.0,1,0,0
ORD03010,CUST0684,SMB,WH_NORTH,Priority,Clothing,1240.29,2026-02-16 13:13:00,2026-02-23 01:25:00,156.2,0,0,0
ORD03011,CUST0122,SMB,WH_EAST,Standard,Office Supplies,1677.55,2026-06-16 17:28:00,2026-06-26 04:50:00,227.37,1,0,0
ORD03012,CUST0183,Retail,WH_EAST,Standard,Electronics,5222.01,2026-06-30 14:11:00,2026-07-05 06:57:00,112.77,0,0,0
ORD03013,CUST0440,SMB,WH_NORTH,Standard,Office Supplies,645.66,2026-06-25 11:00:00,2026-07-05 00:47:00,229.78,1,0,0
ORD03014,CUST0657,Retail,WH_NORTH,Priority,Office Supplies,591.29,2026-02-16 10:02:00,2026-02-22 03:46:00,137.73,0,0,1
ORD03015,CUST0503,Enterprise,WH_NORTH,Standard,Furniture,1133.56,2026-05-06 17:08:00,2026-05-20 13:23:00,332.25,1,1,1
ORD03016,CUST1000,SMB,WH_SOUTH,Priority,Clothing,4149.33,2026-02-24 10:27:00,2026-02-27 05:19:00,66.87,0,0,0
ORD03017,CUST0013,SMB,WH_SOUTH,Priority,Electronics,536.21,2026-05-06 09:50:00,2026-05-13 04:25:00,162.58,0,0,0
ORD03018,CUST0842,Retail,WH_SOUTH,Standard,Office Supplies,187.59,2026-03-25 09:22:00,2026-04-01 23:03:00,181.68,1,0,0
ORD03019,CUST0592,Enterprise,WH_EAST,Standard,Industrial,1260.26,2026-01-29 13:37:00,2026-02-05 04:48:00,159.18,0,0,0
ORD03020,CUST0324,Retail,WH_WEST,Express,Office Supplies,2811.27,2026-06-26 11:17:00,2026-07-02 13:22:00,146.08,0,0,0
ORD03021,CUST0829,Retail,WH_EAST,Priority,Office Supplies,4723.05,2026-03-24 15:05:00,2026-03-29 14:28:00,119.38,0,0,0
ORD03022,CUST0225,Enterprise,WH_WEST,Express,Office Supplies,1248.22,2026-02-08 09:40:00,2026-02-14 15:57:00,150.28,0,1,0
ORD03023,CUST0683,Retail,WH_SOUTH,Express,Electronics,1300.96,2026-04-07 09:04:00,2026-04-13 06:59:00,141.92,0,0,0
ORD03024,CUST0612,Retail,WH_NORTH,Standard,Industrial,4551.08,2026-03-25 17:21:00,2026-03-31 08:03:00,134.7,0,0,0
ORD03025,CUST0808,SMB,WH_WEST,Standard,Electronics,405.13,2026-06-29 09:36:00,2026-07-07 08:16:00,190.67,1,0,1
ORD03026,CUST0989,Enterprise,WH_EAST,Priority,Office Supplies,1325.02,2026-06-05 16:07:00,2026-06-10 03:45:00,107.63,0,0,1
ORD03027,CUST0277,Retail,WH_EAST,Priority,Clothing,2105.56,2026-05-17 17:13:00,2026-05-20 19:12:00,73.98,0,0,0
ORD03028,CUST0618,Enterprise,WH_SOUTH,Standard,Electronics,2589.9,2026-04-12 15:37:00,2026-04-22 18:50:00,243.22,1,0,0
ORD03029,CUST0022,Enterprise,WH_NORTH,Express,Industrial,1202.5,2026-01-29 08:36:00,2026-02-05 15:12:00,174.6,1,0,0
ORD03030,CUST0297,SMB,WH_EAST,Priority,Clothing,1858.55,2026-05-17 11:38:00,2026-05-25 12:28:00,192.83,1,0,0
ORD03031,CUST0109,SMB,WH_SOUTH,Priority,Office Supplies,246.99,2026-05-12 09:00:00,2026-05-17 08:16:00,119.27,0,0,0
ORD03032,CUST0024,Retail,WH_WEST,Priority,Electronics,1067.85,2026-04-29 14:08:00,2026-05-07 16:29:00,194.35,1,0,0
ORD03033,CUST0101,Enterprise,WH_EAST,Priority,Electronics,2598.8,2026-04-26 16:55:00,2026-05-06 01:38:00,224.72,1,0,0
ORD03034,CUST0455,SMB,WH_WEST,Express,Electronics,824.0,2026-02-17 13:16:00,2026-02-20 09:24:00,68.13,0,0,0
ORD03035,CUST0994,Retail,WH_NORTH,Priority,Clothing,1895.4,2026-01-08 17:01:00,2026-01-12 06:39:00,85.63,0,0,0
ORD03036,CUST0432,Enterprise,WH_EAST,Priority,Office Supplies,2585.04,2026-04-27 11:50:00,2026-05-01 06:24:00,90.57,0,0,0
ORD03037,CUST0107,SMB,WH_EAST,Priority,Office Supplies,1374.66,2026-05-07 08:25:00,2026-05-15 00:21:00,183.93,1,1,1
ORD03038,CUST0753,Enterprise,WH_NORTH,Priority,Furniture,2072.21,2026-02-07 15:07:00,2026-02-16 16:27:00,217.33,1,0,0
ORD03039,CUST0344,Enterprise,WH_NORTH,Standard,Industrial,836.99,2026-01-26 11:21:00,2026-01-30 14:32:00,99.18,0,0,0
ORD03040,CUST0171,Retail,WH_EAST,Standard,Electronics,1532.58,2026-03-12 14:30:00,2026-03-19 09:38:00,163.13,0,1,0
ORD03041,CUST0714,SMB,WH_SOUTH,Express,Furniture,2945.91,2026-05-23 15:21:00,2026-05-29 20:22:00,149.02,0,0,0
ORD03042,CUST0154,SMB,WH_WEST,Express,Office Supplies,2049.97,2026-04-30 09:24:00,2026-05-08 07:40:00,190.27,1,0,0
ORD03043,CUST0048,Enterprise,WH_WEST,Standard,Office Supplies,1130.91,2026-02-09 09:53:00,2026-02-18 11:40:00,217.78,1,0,0
ORD03044,CUST0016,SMB,WH_NORTH,Priority,Electronics,2163.26,2026-06-01 12:17:00,2026-06-06 00:05:00,107.8,0,0,0
ORD03045,CUST0421,Enterprise,WH_WEST,Standard,Industrial,3202.5,2026-02-01 10:02:00,2026-02-08 10:39:00,168.62,1,0,0
ORD03046,CUST0006,Enterprise,WH_NORTH,Standard,Clothing,350.74,2026-02-15 10:14:00,2026-02-21 03:09:00,136.92,0,0,0
ORD03047,CUST0068,SMB,WH_NORTH,Standard,Office Supplies,4569.96,2026-02-11 15:48:00,2026-02-16 05:25:00,109.62,0,0,0
ORD03048,CUST0650,Retail,WH_NORTH,Standard,Industrial,1381.6,2026-06-27 11:04:00,2026-06-30 20:48:00,81.73,0,1,0
ORD03049,CUST0319,SMB,WH_EAST,Express,Office Supplies,2541.2,2026-04-13 13:05:00,2026-04-19 23:49:00,154.73,0,0,0
ORD03050,CUST0809,Enterprise,WH_SOUTH,Express,Clothing,4711.67,2026-05-16 16:34:00,2026-05-26 16:18:00,239.73,1,0,0
ORD03051,CUST0978,Retail,WH_SOUTH,Priority,Electronics,603.45,2026-03-07 14:15:00,2026-03-13 23:50:00,153.58,0,0,0
ORD03052,CUST0035,Retail,WH_EAST,Express,Office Supplies,1025.0,2026-06-24 09:35:00,2026-06-30 18:48:00,153.22,0,0,0
ORD03053,CUST0538,Retail,WH_EAST,Express,Office Supplies,1435.35,2026-03-21 12:21:00,2026-03-24 09:56:00,69.58,0,0,0
ORD03054,CUST0492,Enterprise,WH_NORTH,Standard,Office Supplies,965.84,2026-01-22 12:14:00,2026-01-30 04:14:00,184.0,1,0,0
ORD03055,CUST0742,Enterprise,WH_NORTH,Express,Furniture,7244.15,2026-01-03 14:50:00,2026-01-14 23:06:00,272.27,1,1,0
ORD03056,CUST0405,Enterprise,WH_SOUTH,Priority,Industrial,911.04,2026-03-29 11:36:00,2026-04-04 19:22:00,151.77,0,0,0
ORD03057,CUST0014,Enterprise,WH_WEST,Priority,Office Supplies,1159.29,2026-03-19 16:40:00,2026-03-29 08:15:00,231.58,1,1,0
ORD03058,CUST0165,SMB,WH_NORTH,Priority,Industrial,2129.22,2026-02-11 15:56:00,2026-02-17 00:09:00,128.22,0,0,0
ORD03059,CUST0607,SMB,WH_WEST,Standard,Electronics,691.1,2026-01-18 12:16:00,2026-01-29 06:44:00,258.47,1,0,0
ORD03060,CUST0663,Retail,WH_EAST,Standard,Furniture,1317.45,2026-01-21 10:03:00,2026-01-26 16:33:00,126.5,0,0,0
ORD03061,CUST0169,Enterprise,WH_EAST,Express,Industrial,2330.79,2026-04-15 17:28:00,2026-04-18 12:24:00,66.93,0,0,0
ORD03062,CUST0613,SMB,WH_WEST,Standard,Clothing,1385.35,2026-06-26 12:37:00,2026-07-01 01:09:00,108.53,0,0,0
ORD03063,CUST0166,Enterprise,WH_EAST,Express,Furniture,1677.89,2026-04-21 12:24:00,2026-04-27 04:49:00,136.42,0,1,0
ORD03064,CUST0123,Retail,WH_NORTH,Priority,Clothing,1183.86,2026-03-26 15:11:00,2026-04-01 12:31:00,141.33,0,0,0
ORD03065,CUST0001,SMB,WH_SOUTH,Priority,Clothing,538.3,2026-04-05 08:22:00,2026-04-09 01:34:00,89.2,0,0,0
ORD03066,CUST0813,SMB,WH_WEST,Priority,Office Supplies,2338.52,2026-05-16 08:06:00,2026-05-22 01:51:00,137.75,0,0,0
ORD03067,CUST0179,Retail,WH_SOUTH,Express,Electronics,7360.97,2026-03-07 09:27:00,2026-03-13 11:00:00,145.55,0,0,0
ORD03068,CUST0055,Retail,WH_SOUTH,Priority,Clothing,1834.86,2026-01-02 15:36:00,2026-01-09 03:46:00,156.17,0,0,0
ORD03069,CUST0600,SMB,WH_NORTH,Priority,Electronics,2165.08,2026-04-02 12:10:00,2026-04-07 22:34:00,130.4,0,0,0
ORD03070,CUST0007,SMB,WH_WEST,Priority,Clothing,3146.92,2026-01-20 13:44:00,2026-01-23 11:53:00,70.15,0,0,0
ORD03071,CUST0644,SMB,WH_NORTH,Priority,Office Supplies,654.93,2026-03-14 08:19:00,2026-03-17 11:52:00,75.55,0,0,0
ORD03072,CUST0926,Retail,WH_EAST,Priority,Furniture,7058.67,2026-05-09 12:08:00,2026-05-16 10:51:00,166.72,0,0,0
ORD03073,CUST0848,Enterprise,WH_WEST,Priority,Industrial,2125.71,2026-01-26 14:18:00,2026-02-05 21:11:00,246.88,1,1,0
ORD03074,CUST0506,SMB,WH_EAST,Priority,Furniture,6670.74,2026-03-22 14:40:00,2026-03-27 00:14:00,105.57,0,0,1
ORD03075,CUST0804,Retail,WH_EAST,Priority,Electronics,1005.84,2026-03-11 09:03:00,2026-03-18 13:03:00,172.0,1,0,0
ORD03076,CUST0583,Enterprise,WH_WEST,Priority,Clothing,7742.26,2026-02-03 11:49:00,2026-02-10 08:26:00,164.62,0,0,0
ORD03077,CUST0530,SMB,WH_EAST,Express,Furniture,3361.44,2026-04-15 12:10:00,2026-04-23 08:31:00,188.35,1,0,1
ORD03078,CUST0447,Enterprise,WH_SOUTH,Express,Furniture,2814.2,2026-05-27 15:09:00,2026-06-04 15:36:00,192.45,1,0,0
ORD03079,CUST0359,Retail,WH_SOUTH,Express,Clothing,2180.3,2026-01-12 16:11:00,2026-01-17 02:42:00,106.52,0,0,0
ORD03080,CUST0571,SMB,WH_EAST,Standard,Furniture,1482.04,2026-04-26 16:12:00,2026-05-05 01:45:00,201.55,1,0,0
ORD03081,CUST0614,SMB,WH_NORTH,Express,Industrial,4724.07,2026-03-25 09:22:00,2026-04-02 07:40:00,190.3,1,0,0
ORD03082,CUST0151,Retail,WH_NORTH,Standard,Electronics,2022.9,2026-06-24 10:38:00,2026-06-29 02:19:00,111.68,0,1,0
ORD03083,CUST0625,Enterprise,WH_SOUTH,Standard,Furniture,374.78,2026-01-31 10:32:00,2026-02-06 17:53:00,151.35,0,0,0
ORD03084,CUST0313,Enterprise,WH_EAST,Express,Electronics,739.7,2026-04-11 08:33:00,2026-04-16 16:03:00,127.5,0,0,0
ORD03085,CUST0181,SMB,WH_EAST,Express,Electronics,1558.26,2026-06-04 17:36:00,2026-06-10 23:38:00,150.03,0,1,0
ORD03086,CUST0733,Enterprise,WH_SOUTH,Express,Clothing,2316.93,2026-06-19 13:52:00,2026-06-26 23:28:00,177.6,1,0,0
ORD03087,CUST0170,Retail,WH_SOUTH,Express,Office Supplies,1728.02,2026-06-24 15:12:00,2026-07-02 13:16:00,190.07,1,0,0
ORD03088,CUST0860,Enterprise,WH_EAST,Standard,Electronics,4794.27,2026-01-14 14:42:00,2026-01-24 23:04:00,248.37,1,0,0
ORD03089,CUST0745,SMB,WH_EAST,Standard,Furniture,379.6,2026-03-01 13:14:00,2026-03-10 22:16:00,225.03,1,0,0
ORD03090,CUST0389,Retail,WH_NORTH,Standard,Industrial,2028.13,2026-05-15 09:09:00,2026-05-22 21:04:00,179.92,1,0,0
ORD03091,CUST0673,SMB,WH_SOUTH,Express,Industrial,422.26,2026-01-30 15:45:00,2026-02-05 22:50:00,151.08,0,0,0
ORD03092,CUST0341,SMB,WH_WEST,Express,Clothing,3320.17,2026-05-03 11:23:00,2026-05-11 20:28:00,201.08,1,0,0
ORD03093,CUST0972,Retail,WH_NORTH,Express,Industrial,1676.45,2026-06-10 15:33:00,2026-06-15 16:41:00,121.13,0,1,0
ORD03094,CUST0230,Enterprise,WH_EAST,Priority,Industrial,2529.27,2026-01-31 13:45:00,2026-02-05 17:10:00,123.42,0,0,0
ORD03095,CUST0847,SMB,WH_SOUTH,Priority,Furniture,905.87,2026-01-28 10:59:00,2026-02-05 03:22:00,184.38,1,0,0
ORD03096,CUST0719,Retail,WH_EAST,Priority,Industrial,5032.0,2026-02-28 10:44:00,2026-03-03 23:50:00,85.1,0,0,0
ORD03097,CUST0645,SMB,WH_NORTH,Standard,Electronics,4160.46,2026-03-12 14:53:00,2026-03-19 08:05:00,161.2,0,0,0
ORD03098,CUST0559,SMB,WH_WEST,Standard,Industrial,2883.72,2026-06-16 14:44:00,2026-06-23 11:35:00,164.85,0,0,0
ORD03099,CUST0685,SMB,WH_SOUTH,Standard,Clothing,1630.08,2026-03-27 15:14:00,2026-04-01 12:03:00,116.82,0,0,0
ORD03100,CUST0166,Enterprise,WH_WEST,Express,Clothing,2875.22,2026-02-10 09:43:00,2026-02-19 16:22:00,222.65,1,0,0
ORD03101,CUST0163,SMB,WH_WEST,Express,Clothing,1027.09,2026-05-30 15:08:00,2026-06-06 18:14:00,171.1,1,0,0
ORD03102,CUST0941,Retail,WH_EAST,Express,Clothing,3584.75,2026-01-16 17:24:00,2026-01-24 04:53:00,179.48,1,0,0
ORD03103,CUST0808,Retail,WH_SOUTH,Standard,Office Supplies,6765.45,2026-01-24 15:30:00,2026-01-27 21:02:00,77.53,0,0,0
ORD03104,CUST0494,Retail,WH_WEST,Standard,Electronics,4257.72,2026-05-13 10:46:00,2026-05-19 03:32:00,136.77,0,0,1
ORD03105,CUST0237,Enterprise,WH_SOUTH,Express,Clothing,1008.6,2026-06-16 12:55:00,2026-06-22 23:57:00,155.03,0,0,0
ORD03106,CUST0290,Retail,WH_WEST,Priority,Industrial,2414.23,2026-01-20 15:19:00,2026-01-27 02:58:00,155.65,0,0,0
ORD03107,CUST0124,SMB,WH_SOUTH,Express,Office Supplies,642.58,2026-05-17 10:12:00,2026-05-26 11:22:00,217.17,1,1,0
ORD03108,CUST0578,Retail,WH_NORTH,Standard,Furniture,2858.1,2026-05-09 09:11:00,2026-05-15 04:06:00,138.92,0,0,0
ORD03109,CUST0984,Enterprise,WH_WEST,Standard,Clothing,2592.77,2026-01-27 17:12:00,2026-02-04 11:18:00,186.1,1,0,0
ORD03110,CUST0742,Enterprise,WH_NORTH,Express,Furniture,405.11,2026-01-15 08:16:00,2026-01-25 08:59:00,240.72,1,0,0
ORD03111,CUST0934,Retail,WH_WEST,Standard,Electronics,713.78,2026-02-19 09:31:00,2026-02-26 03:58:00,162.45,0,0,0
ORD03112,CUST0544,SMB,WH_NORTH,Priority,Electronics,1441.57,2026-06-02 14:31:00,2026-06-07 10:54:00,116.38,0,0,0
ORD03113,CUST0637,SMB,WH_WEST,Standard,Office Supplies,1421.28,2026-03-28 09:58:00,2026-04-03 20:38:00,154.67,0,1,0
ORD03114,CUST0856,SMB,WH_WEST,Standard,Office Supplies,687.06,2026-04-26 17:39:00,2026-05-01 05:37:00,107.97,0,0,0
ORD03115,CUST0678,Enterprise,WH_SOUTH,Express,Furniture,2468.05,2026-04-06 12:56:00,2026-04-12 17:12:00,148.27,0,0,0
ORD03116,CUST0258,SMB,WH_WEST,Express,Furniture,2210.95,2026-03-02 17:24:00,2026-03-10 12:42:00,187.3,1,0,1
ORD03117,CUST0773,Retail,WH_WEST,Express,Electronics,1547.79,2026-06-05 17:53:00,2026-06-11 06:52:00,132.98,0,0,0
ORD03118,CUST0650,SMB,WH_EAST,Express,Electronics,987.69,2026-06-23 10:38:00,2026-06-28 03:48:00,113.17,0,0,0
ORD03119,CUST0828,Retail,WH_SOUTH,Standard,Clothing,4183.76,2026-04-13 08:45:00,2026-04-21 12:19:00,195.57,1,0,0
ORD03120,CUST0637,Retail,WH_SOUTH,Priority,Electronics,6797.61,2026-03-31 16:16:00,2026-04-07 13:53:00,165.62,0,0,0
ORD03121,CUST0165,Enterprise,WH_WEST,Standard,Office Supplies,1228.01,2026-06-22 12:20:00,2026-07-03 22:17:00,273.95,1,0,0
ORD03122,CUST0344,Enterprise,WH_EAST,Express,Office Supplies,1107.95,2026-06-03 15:34:00,2026-06-13 06:44:00,231.17,1,0,0
ORD03123,CUST0660,Retail,WH_EAST,Express,Furniture,2678.38,2026-02-16 09:30:00,2026-02-20 06:12:00,92.7,0,0,0
ORD03124,CUST0534,Retail,WH_EAST,Express,Office Supplies,1357.74,2026-05-10 11:19:00,2026-05-13 20:33:00,81.23,0,0,0
ORD03125,CUST0744,SMB,WH_EAST,Express,Furniture,1617.25,2026-05-02 15:03:00,2026-05-10 06:18:00,183.25,1,0,0
ORD03126,CUST0129,Retail,WH_WEST,Standard,Electronics,3267.31,2026-01-12 16:20:00,2026-01-17 21:14:00,124.9,0,0,0
ORD03127,CUST0883,Enterprise,WH_SOUTH,Express,Clothing,392.49,2026-03-26 16:13:00,2026-04-05 04:19:00,228.1,1,0,0
ORD03128,CUST0703,Retail,WH_SOUTH,Priority,Furniture,5190.79,2026-01-03 14:27:00,2026-01-06 06:55:00,64.47,0,0,0
ORD03129,CUST0001,Enterprise,WH_NORTH,Standard,Furniture,1916.29,2026-04-18 14:26:00,2026-04-29 11:43:00,261.28,1,0,0
ORD03130,CUST0354,Enterprise,WH_NORTH,Priority,Office Supplies,1300.89,2026-03-17 10:22:00,2026-03-24 06:02:00,163.67,0,0,0
ORD03131,CUST0075,SMB,WH_WEST,Priority,Industrial,1683.47,2026-01-30 14:10:00,2026-02-03 03:01:00,84.85,0,0,0
ORD03132,CUST0450,SMB,WH_WEST,Express,Industrial,1754.51,2026-01-06 16:14:00,2026-01-09 21:27:00,77.22,0,0,0
ORD03133,CUST0951,Enterprise,WH_SOUTH,Standard,Electronics,452.61,2026-03-23 11:17:00,2026-04-02 14:57:00,243.67,1,1,1
ORD03134,CUST0751,Retail,WH_WEST,Express,Office Supplies,5978.65,2026-06-25 17:35:00,2026-07-03 14:44:00,189.15,1,0,0
ORD03135,CUST0713,Enterprise,WH_WEST,Express,Clothing,1868.82,2026-04-02 08:04:00,2026-04-09 23:14:00,183.17,1,0,0
ORD03136,CUST0397,SMB,WH_EAST,Priority,Industrial,2577.05,2026-01-15 13:50:00,2026-01-18 22:19:00,80.48,0,0,0
ORD03137,CUST0039,Retail,WH_SOUTH,Priority,Industrial,3870.89,2026-01-01 15:04:00,2026-01-10 04:16:00,205.2,1,1,1
ORD03138,CUST0363,Enterprise,WH_SOUTH,Standard,Electronics,798.77,2026-05-15 12:35:00,2026-05-23 23:19:00,202.73,1,0,0
ORD03139,CUST0291,SMB,WH_NORTH,Standard,Electronics,2640.64,2026-03-30 14:31:00,2026-04-05 10:53:00,140.37,0,0,0
ORD03140,CUST0696,Enterprise,WH_WEST,Priority,Furniture,1459.56,2026-03-27 16:49:00,2026-03-31 14:35:00,93.77,0,0,0
ORD03141,CUST0314,Retail,WH_SOUTH,Standard,Industrial,3559.65,2026-04-11 10:29:00,2026-04-19 06:05:00,187.6,1,0,0
ORD03142,CUST0781,Enterprise,WH_SOUTH,Express,Electronics,329.71,2026-04-19 11:19:00,2026-04-26 22:57:00,179.63,1,0,0
ORD03143,CUST0495,Enterprise,WH_EAST,Standard,Office Supplies,1670.24,2026-01-15 17:20:00,2026-01-25 07:22:00,230.03,1,0,0
ORD03144,CUST0224,SMB,WH_NORTH,Standard,Office Supplies,1116.26,2026-05-19 08:52:00,2026-05-28 19:13:00,226.35,1,0,0
ORD03145,CUST0899,Retail,WH_WEST,Express,Office Supplies,2555.01,2026-04-11 13:20:00,2026-04-19 08:12:00,186.87,1,0,0
ORD03146,CUST0862,SMB,WH_EAST,Standard,Office Supplies,2633.41,2026-02-14 15:31:00,2026-02-20 16:20:00,144.82,0,1,0
ORD03147,CUST0782,Enterprise,WH_SOUTH,Express,Industrial,1026.49,2026-01-15 17:57:00,2026-01-19 18:18:00,96.35,0,0,0
ORD03148,CUST0681,SMB,WH_EAST,Express,Industrial,1022.76,2026-06-09 11:07:00,2026-06-16 04:56:00,161.82,0,1,0
ORD03149,CUST0655,Enterprise,WH_EAST,Standard,Industrial,1654.85,2026-02-21 12:58:00,2026-03-05 10:25:00,285.45,1,0,0
ORD03150,CUST0070,Retail,WH_EAST,Priority,Office Supplies,882.44,2026-05-26 15:14:00,2026-05-30 12:40:00,93.43,0,0,0
ORD03151,CUST0968,SMB,WH_SOUTH,Priority,Industrial,3546.04,2026-04-15 09:39:00,2026-04-18 22:35:00,84.93,0,0,0
ORD03152,CUST0045,SMB,WH_WEST,Priority,Office Supplies,1345.65,2026-02-01 16:33:00,2026-02-09 09:39:00,185.1,1,0,0
ORD03153,CUST0449,Retail,WH_SOUTH,Express,Electronics,176.69,2026-01-21 10:56:00,2026-01-28 04:42:00,161.77,0,0,0
ORD03154,CUST0050,Retail,WH_EAST,Standard,Electronics,1339.62,2026-04-14 17:49:00,2026-04-23 15:21:00,213.53,1,0,0
ORD03155,CUST0086,Retail,WH_NORTH,Standard,Furniture,787.74,2026-02-14 15:45:00,2026-02-20 10:03:00,138.3,0,0,0
ORD03156,CUST0246,Enterprise,WH_NORTH,Express,Office Supplies,490.28,2026-06-06 17:48:00,2026-06-10 18:57:00,97.15,0,0,0
ORD03157,CUST0662,SMB,WH_EAST,Standard,Electronics,671.87,2026-01-19 16:44:00,2026-01-28 06:24:00,205.67,1,0,0
ORD03158,CUST0635,Enterprise,WH_SOUTH,Priority,Electronics,1973.43,2026-02-26 09:09:00,2026-03-03 16:14:00,127.08,0,1,0
ORD03159,CUST0285,SMB,WH_NORTH,Express,Clothing,5233.9,2026-05-04 09:41:00,2026-05-10 01:59:00,136.3,0,0,0
ORD03160,CUST0899,Enterprise,WH_EAST,Priority,Clothing,2322.84,2026-05-22 08:49:00,2026-05-28 10:41:00,145.87,0,0,0
ORD03161,CUST0182,Enterprise,WH_SOUTH,Express,Industrial,1112.98,2026-04-07 08:08:00,2026-04-14 16:29:00,176.35,1,0,0
ORD03162,CUST0924,SMB,WH_EAST,Standard,Office Supplies,2603.79,2026-01-10 14:28:00,2026-01-19 19:40:00,221.2,1,0,1
ORD03163,CUST0106,Retail,WH_NORTH,Priority,Office Supplies,1252.29,2026-03-07 10:21:00,2026-03-14 18:39:00,176.3,1,0,0
ORD03164,CUST0129,Retail,WH_EAST,Express,Office Supplies,1037.24,2026-06-08 16:53:00,2026-06-16 01:49:00,176.93,1,0,0
ORD03165,CUST0268,Retail,WH_WEST,Priority,Electronics,718.03,2026-02-19 11:33:00,2026-02-23 16:49:00,101.27,0,0,0
ORD03166,CUST0187,Retail,WH_NORTH,Priority,Furniture,445.21,2026-01-12 08:46:00,2026-01-19 19:53:00,179.12,1,0,0
ORD03167,CUST0656,Retail,WH_SOUTH,Express,Clothing,1323.53,2026-02-23 13:53:00,2026-03-02 13:00:00,167.12,0,0,0
ORD03168,CUST0580,Retail,WH_EAST,Standard,Industrial,2051.74,2026-03-28 16:24:00,2026-04-04 14:44:00,166.33,0,0,0
ORD03169,CUST0744,Enterprise,WH_EAST,Priority,Furniture,1673.55,2026-06-02 14:31:00,2026-06-11 14:42:00,216.18,1,0,0
ORD03170,CUST0236,SMB,WH_SOUTH,Standard,Office Supplies,1296.24,2026-01-09 17:05:00,2026-01-16 15:38:00,166.55,0,0,0
ORD03171,CUST0683,Enterprise,WH_NORTH,Priority,Clothing,848.44,2026-01-09 14:23:00,2026-01-14 15:16:00,120.88,0,0,0
ORD03172,CUST0366,SMB,WH_SOUTH,Standard,Furniture,2941.27,2026-05-12 11:16:00,2026-05-18 06:52:00,139.6,0,0,0
ORD03173,CUST0159,Enterprise,WH_SOUTH,Priority,Clothing,630.36,2026-05-05 14:02:00,2026-05-12 12:42:00,166.67,0,0,0
ORD03174,CUST0100,SMB,WH_EAST,Express,Office Supplies,3363.79,2026-04-09 17:46:00,2026-04-15 03:04:00,129.3,0,0,0
ORD03175,CUST0772,Retail,WH_EAST,Priority,Furniture,810.97,2026-06-06 08:33:00,2026-06-13 12:03:00,171.5,1,0,0
ORD03176,CUST0537,Retail,WH_WEST,Express,Furniture,990.34,2026-02-03 08:29:00,2026-02-12 09:23:00,216.9,1,1,0
ORD03177,CUST0965,Retail,WH_NORTH,Priority,Industrial,559.24,2026-06-25 08:45:00,2026-06-28 07:12:00,70.45,0,0,0
ORD03178,CUST0597,Retail,WH_EAST,Priority,Office Supplies,1210.61,2026-05-17 13:42:00,2026-05-22 11:29:00,117.78,0,0,1
ORD03179,CUST0855,Retail,WH_SOUTH,Priority,Clothing,3945.18,2026-05-09 17:41:00,2026-05-15 07:11:00,133.5,0,0,0
ORD03180,CUST0230,Retail,WH_NORTH,Priority,Electronics,2731.22,2026-01-10 08:19:00,2026-01-17 22:28:00,182.15,1,0,0
ORD03181,CUST0923,SMB,WH_SOUTH,Standard,Electronics,3955.01,2026-06-16 13:03:00,2026-06-21 12:19:00,119.27,0,1,0
ORD03182,CUST0996,SMB,WH_SOUTH,Express,Electronics,2745.49,2026-04-10 12:09:00,2026-04-14 06:16:00,90.12,0,0,0
ORD03183,CUST0551,SMB,WH_WEST,Priority,Clothing,747.75,2026-01-20 10:05:00,2026-01-27 22:15:00,180.17,1,0,1
ORD03184,CUST0143,SMB,WH_WEST,Priority,Furniture,1387.65,2026-04-08 09:07:00,2026-04-13 17:30:00,128.38,0,0,0
ORD03185,CUST0510,SMB,WH_EAST,Priority,Industrial,968.59,2026-01-12 08:36:00,2026-01-15 03:27:00,66.85,0,0,0
ORD03186,CUST0126,SMB,WH_WEST,Priority,Clothing,5242.01,2026-05-22 14:29:00,2026-05-27 07:30:00,113.02,0,0,0
ORD03187,CUST0043,Retail,WH_SOUTH,Express,Electronics,694.07,2026-06-06 17:36:00,2026-06-13 14:08:00,164.53,0,0,0
ORD03188,CUST0739,Retail,WH_WEST,Express,Furniture,3695.82,2026-02-18 14:34:00,2026-02-20 21:25:00,54.85,0,0,0
ORD03189,CUST0468,SMB,WH_EAST,Standard,Furniture,3693.62,2026-01-11 12:53:00,2026-01-17 00:50:00,131.95,0,0,0
ORD03190,CUST0816,Enterprise,WH_SOUTH,Standard,Electronics,7814.19,2026-03-14 10:06:00,2026-03-23 09:29:00,215.38,1,0,0
ORD03191,CUST0741,Enterprise,WH_NORTH,Standard,Furniture,1302.77,2026-02-21 13:49:00,2026-03-02 21:42:00,223.88,1,0,0
ORD03192,CUST0853,Retail,WH_SOUTH,Standard,Electronics,3196.65,2026-01-18 11:13:00,2026-01-28 06:48:00,235.58,1,0,0
ORD03193,CUST0723,Retail,WH_EAST,Priority,Electronics,11218.52,2026-01-21 11:38:00,2026-01-26 07:48:00,116.17,0,0,0
ORD03194,CUST0562,Retail,WH_NORTH,Standard,Furniture,1103.11,2026-03-05 16:12:00,2026-03-13 06:12:00,182.0,1,0,0
ORD03195,CUST0079,SMB,WH_EAST,Express,Electronics,529.52,2026-06-21 13:34:00,2026-06-27 05:45:00,136.18,0,1,0
ORD03196,CUST0066,Retail,WH_WEST,Priority,Office Supplies,401.82,2026-03-29 16:37:00,2026-04-04 01:41:00,129.07,0,1,0
ORD03197,CUST0670,SMB,WH_WEST,Priority,Industrial,3197.64,2026-05-13 11:51:00,2026-05-18 10:40:00,118.82,0,0,0
ORD03198,CUST0156,Enterprise,WH_EAST,Express,Clothing,400.81,2026-02-05 12:38:00,2026-02-13 11:44:00,191.1,1,0,1
ORD03199,CUST0068,SMB,WH_EAST,Standard,Office Supplies,1342.31,2026-01-24 08:18:00,2026-01-29 20:06:00,131.8,0,0,0
ORD03200,CUST0871,Enterprise,WH_EAST,Express,Electronics,2565.35,2026-03-24 17:43:00,2026-04-04 09:33:00,255.83,1,0,0
ORD03201,CUST0854,Enterprise,WH_WEST,Priority,Industrial,2096.74,2026-04-20 16:28:00,2026-04-27 08:46:00,160.3,0,0,0
ORD03202,CUST0049,Retail,WH_NORTH,Priority,Furniture,2541.11,2026-03-30 17:40:00,2026-04-03 18:13:00,96.55,0,1,0
ORD03203,CUST0914,Enterprise,WH_NORTH,Express,Office Supplies,2159.93,2026-04-17 08:52:00,2026-04-22 10:05:00,121.22,0,1,0
ORD03204,CUST0129,SMB,WH_NORTH,Express,Furniture,5029.58,2026-01-06 16:53:00,2026-01-15 00:57:00,200.07,1,0,0
ORD03205,CUST0894,SMB,WH_EAST,Standard,Furniture,844.0,2026-03-01 11:20:00,2026-03-06 17:46:00,126.43,0,0,0
ORD03206,CUST0204,Enterprise,WH_EAST,Express,Furniture,1051.95,2026-04-30 12:42:00,2026-05-06 16:09:00,147.45,0,0,0
ORD03207,CUST0390,SMB,WH_NORTH,Standard,Clothing,974.45,2026-03-13 11:51:00,2026-03-20 07:47:00,163.93,0,0,0
ORD03208,CUST0667,Retail,WH_WEST,Express,Furniture,3512.75,2026-02-20 11:03:00,2026-02-27 02:11:00,159.13,0,0,0
ORD03209,CUST0242,Enterprise,WH_EAST,Express,Furniture,3715.69,2026-06-04 10:23:00,2026-06-09 23:59:00,133.6,0,0,0
ORD03210,CUST0181,Retail,WH_SOUTH,Priority,Industrial,2594.06,2026-04-01 13:25:00,2026-04-05 10:10:00,92.75,0,0,0
ORD03211,CUST0558,SMB,WH_EAST,Priority,Office Supplies,4660.11,2026-06-28 10:28:00,2026-07-02 14:41:00,100.22,0,1,1
ORD03212,CUST0645,Enterprise,WH_SOUTH,Standard,Clothing,704.56,2026-01-11 15:37:00,2026-01-18 23:51:00,176.23,1,1,0
ORD03213,CUST0825,SMB,WH_SOUTH,Priority,Office Supplies,6862.17,2026-04-21 11:11:00,2026-04-27 05:11:00,138.0,0,0,0
ORD03214,CUST0135,Enterprise,WH_WEST,Standard,Furniture,6115.56,2026-03-07 08:57:00,2026-03-12 04:14:00,115.28,0,0,0
ORD03215,CUST0149,Retail,WH_WEST,Express,Electronics,3256.79,2026-06-21 16:37:00,2026-06-24 13:56:00,69.32,0,0,0
ORD03216,CUST0725,SMB,WH_SOUTH,Express,Furniture,7520.89,2026-01-29 12:37:00,2026-02-03 22:53:00,130.27,0,0,1
ORD03217,CUST0497,Retail,WH_WEST,Priority,Furniture,480.44,2026-06-08 10:00:00,2026-06-10 13:26:00,51.43,0,0,0
ORD03218,CUST0297,SMB,WH_SOUTH,Priority,Clothing,1188.49,2026-05-23 09:23:00,2026-05-31 02:58:00,185.58,1,0,0
ORD03219,CUST0929,Enterprise,WH_SOUTH,Express,Electronics,1004.01,2026-02-06 17:01:00,2026-02-16 21:12:00,244.18,1,0,0
ORD03220,CUST0383,Retail,WH_WEST,Express,Furniture,3220.15,2026-01-19 14:58:00,2026-01-27 11:53:00,188.92,1,0,0
ORD03221,CUST0996,SMB,WH_EAST,Standard,Office Supplies,780.46,2026-02-07 11:35:00,2026-02-12 19:07:00,127.53,0,0,0
ORD03222,CUST0503,Enterprise,WH_SOUTH,Express,Electronics,3314.28,2026-03-20 14:14:00,2026-03-25 03:43:00,109.48,0,0,0
ORD03223,CUST0981,Enterprise,WH_SOUTH,Priority,Furniture,5412.3,2026-02-09 10:30:00,2026-02-16 06:21:00,163.85,0,0,0
ORD03224,CUST0269,Retail,WH_EAST,Standard,Furniture,3153.17,2026-03-02 11:07:00,2026-03-08 07:49:00,140.7,0,1,0
ORD03225,CUST0486,SMB,WH_SOUTH,Priority,Clothing,2268.79,2026-05-29 08:37:00,2026-06-03 23:04:00,134.45,0,0,0
ORD03226,CUST0778,SMB,WH_NORTH,Standard,Electronics,820.33,2026-03-14 14:06:00,2026-03-22 03:42:00,181.6,1,0,0
ORD03227,CUST0196,Retail,WH_EAST,Priority,Electronics,918.3,2026-03-09 09:54:00,2026-03-13 14:18:00,100.4,0,0,0
ORD03228,CUST0634,SMB,WH_WEST,Express,Furniture,4913.27,2026-05-17 13:44:00,2026-05-24 11:34:00,165.83,0,1,0
ORD03229,CUST0422,Retail,WH_EAST,Priority,Office Supplies,3372.73,2026-02-08 13:01:00,2026-02-13 13:04:00,120.05,0,0,0
ORD03230,CUST0508,Enterprise,WH_NORTH,Standard,Clothing,1752.48,2026-04-11 11:03:00,2026-04-19 00:58:00,181.92,1,0,0
ORD03231,CUST0051,SMB,WH_SOUTH,Express,Clothing,1294.23,2026-05-08 12:30:00,2026-05-16 13:06:00,192.6,1,0,0
ORD03232,CUST0254,Enterprise,WH_EAST,Standard,Office Supplies,357.58,2026-06-01 15:51:00,2026-06-09 17:19:00,193.47,1,0,0
ORD03233,CUST0299,Retail,WH_SOUTH,Express,Furniture,767.64,2026-04-16 15:54:00,2026-04-19 22:04:00,78.17,0,0,0
ORD03234,CUST0423,SMB,WH_WEST,Standard,Furniture,8342.64,2026-02-06 09:44:00,2026-02-10 06:15:00,92.52,0,0,0
ORD03235,CUST0787,SMB,WH_EAST,Standard,Furniture,649.13,2026-04-24 14:37:00,2026-05-03 18:39:00,220.03,1,0,0
ORD03236,CUST0227,Enterprise,WH_NORTH,Express,Office Supplies,2103.98,2026-05-16 10:13:00,2026-05-23 01:40:00,159.45,0,0,0
ORD03237,CUST0077,Retail,WH_NORTH,Express,Office Supplies,4047.91,2026-01-27 14:09:00,2026-02-02 15:42:00,145.55,0,0,0
ORD03238,CUST0308,Retail,WH_WEST,Express,Electronics,662.53,2026-01-10 17:18:00,2026-01-14 23:25:00,102.12,0,0,0
ORD03239,CUST0398,Enterprise,WH_WEST,Priority,Office Supplies,2095.96,2026-01-11 16:28:00,2026-01-18 23:46:00,175.3,1,0,0
ORD03240,CUST0395,SMB,WH_SOUTH,Standard,Industrial,3828.9,2026-03-03 14:00:00,2026-03-12 11:08:00,213.13,1,0,0
ORD03241,CUST0588,Enterprise,WH_NORTH,Standard,Industrial,1826.21,2026-03-23 10:50:00,2026-04-04 00:30:00,277.67,1,0,0
ORD03242,CUST0383,Retail,WH_WEST,Standard,Industrial,17938.82,2026-04-20 12:02:00,2026-04-28 12:23:00,192.35,1,0,0
ORD03243,CUST0086,SMB,WH_WEST,Standard,Industrial,475.86,2026-06-28 13:35:00,2026-07-05 18:17:00,172.7,1,0,0
ORD03244,CUST0993,Enterprise,WH_EAST,Priority,Office Supplies,4217.44,2026-01-31 10:49:00,2026-02-09 16:57:00,222.13,1,0,0
ORD03245,CUST0567,Enterprise,WH_EAST,Priority,Industrial,1574.6,2026-01-07 13:19:00,2026-01-15 14:35:00,193.27,1,0,0
ORD03246,CUST0114,Retail,WH_NORTH,Express,Industrial,3352.75,2026-05-19 08:31:00,2026-05-22 16:40:00,80.15,0,0,1
ORD03247,CUST0054,Enterprise,WH_SOUTH,Standard,Electronics,2573.56,2026-06-15 11:44:00,2026-06-21 19:23:00,151.65,0,0,0
ORD03248,CUST0996,Retail,WH_EAST,Priority,Industrial,1005.74,2026-02-17 09:09:00,2026-02-23 18:37:00,153.47,0,0,0
ORD03249,CUST0342,SMB,WH_EAST,Standard,Clothing,2171.55,2026-06-27 13:06:00,2026-07-07 08:54:00,235.8,1,0,0
ORD03250,CUST0380,Enterprise,WH_WEST,Standard,Furniture,408.99,2026-01-26 12:44:00,2026-02-03 00:04:00,179.33,1,1,0
ORD03251,CUST0613,Retail,WH_NORTH,Priority,Furniture,2929.53,2026-02-27 15:04:00,2026-03-02 04:56:00,61.87,0,0,0
ORD03252,CUST0898,Retail,WH_WEST,Priority,Office Supplies,2295.09,2026-04-30 16:20:00,2026-05-08 05:51:00,181.52,1,0,0
ORD03253,CUST0341,Retail,WH_NORTH,Priority,Office Supplies,3013.71,2026-06-27 17:21:00,2026-07-02 19:35:00,122.23,0,0,0
ORD03254,CUST0966,Enterprise,WH_NORTH,Express,Electronics,4215.38,2026-03-07 11:10:00,2026-03-11 14:41:00,99.52,0,0,0
ORD03255,CUST0035,SMB,WH_WEST,Priority,Industrial,2426.23,2026-02-14 11:14:00,2026-02-19 14:27:00,123.22,0,0,0
ORD03256,CUST0407,SMB,WH_WEST,Express,Furniture,2035.45,2026-02-13 13:05:00,2026-02-17 01:04:00,83.98,0,0,0
ORD03257,CUST0747,Retail,WH_WEST,Standard,Clothing,893.5,2026-05-02 14:07:00,2026-05-13 15:32:00,265.42,1,1,0
ORD03258,CUST0216,Enterprise,WH_EAST,Express,Office Supplies,1022.72,2026-05-06 13:16:00,2026-05-15 09:27:00,212.18,1,0,0
ORD03259,CUST0046,Enterprise,WH_SOUTH,Standard,Furniture,4672.21,2026-02-22 15:01:00,2026-03-04 10:23:00,235.37,1,0,0
ORD03260,CUST0516,Enterprise,WH_WEST,Express,Clothing,5704.83,2026-02-01 10:36:00,2026-02-07 12:10:00,145.57,0,0,0
ORD03261,CUST0926,Retail,WH_NORTH,Standard,Industrial,1494.45,2026-05-12 14:12:00,2026-05-19 17:22:00,171.17,1,0,0
ORD03262,CUST0953,Enterprise,WH_EAST,Standard,Electronics,1875.82,2026-01-10 17:48:00,2026-01-18 18:19:00,192.52,1,0,0
ORD03263,CUST0117,Retail,WH_SOUTH,Standard,Office Supplies,876.83,2026-06-25 16:04:00,2026-07-03 02:11:00,178.12,1,0,0
ORD03264,CUST0297,Enterprise,WH_EAST,Priority,Clothing,4620.26,2026-03-24 12:34:00,2026-04-01 03:54:00,183.33,1,0,1
ORD03265,CUST0866,SMB,WH_NORTH,Standard,Furniture,3078.92,2026-04-10 17:48:00,2026-04-15 10:26:00,112.63,0,0,1
ORD03266,CUST0815,SMB,WH_WEST,Express,Furniture,8543.91,2026-01-14 16:57:00,2026-01-22 01:00:00,176.05,1,0,0
ORD03267,CUST0063,Enterprise,WH_EAST,Priority,Industrial,895.46,2026-05-29 10:22:00,2026-06-04 07:49:00,141.45,0,0,0
ORD03268,CUST0144,Retail,WH_EAST,Priority,Office Supplies,1336.21,2026-03-08 08:19:00,2026-03-16 15:09:00,198.83,1,0,0
ORD03269,CUST0771,Enterprise,WH_EAST,Standard,Clothing,2175.81,2026-04-15 09:01:00,2026-04-21 14:52:00,149.85,0,0,0
ORD03270,CUST0963,Retail,WH_NORTH,Express,Industrial,3032.65,2026-01-03 15:12:00,2026-01-07 22:35:00,103.38,0,1,0
ORD03271,CUST0078,Retail,WH_WEST,Express,Industrial,1521.52,2026-06-13 11:57:00,2026-06-18 09:01:00,117.07,0,0,0
ORD03272,CUST0085,Retail,WH_SOUTH,Express,Office Supplies,899.31,2026-04-19 14:29:00,2026-04-24 09:29:00,115.0,0,0,0
ORD03273,CUST0782,Enterprise,WH_SOUTH,Priority,Clothing,3659.66,2026-05-14 09:26:00,2026-05-22 11:07:00,193.68,1,1,0
ORD03274,CUST0116,Enterprise,WH_WEST,Priority,Furniture,3219.26,2026-05-02 11:56:00,2026-05-08 04:52:00,136.93,0,0,0
ORD03275,CUST0145,Retail,WH_EAST,Standard,Office Supplies,868.69,2026-04-16 17:27:00,2026-04-21 21:31:00,124.07,0,0,0
ORD03276,CUST0665,Enterprise,WH_NORTH,Standard,Furniture,5347.34,2026-03-20 08:59:00,2026-03-31 12:56:00,267.95,1,0,1
ORD03277,CUST0683,SMB,WH_SOUTH,Standard,Industrial,4610.81,2026-05-30 09:12:00,2026-06-08 02:52:00,209.67,1,0,0
ORD03278,CUST0174,Retail,WH_NORTH,Express,Clothing,2013.11,2026-05-02 14:03:00,2026-05-07 05:59:00,111.93,0,1,0
ORD03279,CUST0433,SMB,WH_NORTH,Standard,Clothing,1926.92,2026-04-14 12:15:00,2026-04-21 18:53:00,174.63,1,0,0
ORD03280,CUST0074,Retail,WH_SOUTH,Priority,Industrial,2816.49,2026-05-16 11:29:00,2026-05-20 12:43:00,97.23,0,0,0
ORD03281,CUST0495,Retail,WH_EAST,Standard,Furniture,907.45,2026-05-18 15:40:00,2026-05-28 23:20:00,247.67,1,0,0
ORD03282,CUST0076,Retail,WH_EAST,Standard,Industrial,1852.01,2026-06-30 16:07:00,2026-07-10 14:31:00,238.4,1,0,0
ORD03283,CUST0960,Retail,WH_WEST,Express,Office Supplies,323.14,2026-01-19 08:24:00,2026-01-24 08:36:00,120.2,0,0,0
ORD03284,CUST0027,SMB,WH_EAST,Standard,Clothing,3645.19,2026-02-02 16:01:00,2026-02-08 08:38:00,136.62,0,0,0
ORD03285,CUST0680,Enterprise,WH_SOUTH,Express,Furniture,518.43,2026-05-06 08:25:00,2026-05-14 00:05:00,183.67,1,1,0
ORD03286,CUST0666,Enterprise,WH_NORTH,Priority,Electronics,6019.36,2026-03-21 13:34:00,2026-03-26 02:41:00,109.12,0,0,0
ORD03287,CUST0848,Enterprise,WH_EAST,Priority,Electronics,1388.4,2026-04-13 14:48:00,2026-04-20 08:17:00,161.48,0,1,0
ORD03288,CUST0970,SMB,WH_EAST,Standard,Furniture,1526.4,2026-01-29 09:26:00,2026-02-06 19:29:00,202.05,1,0,0
ORD03289,CUST0934,SMB,WH_EAST,Priority,Office Supplies,1094.24,2026-06-19 09:52:00,2026-06-22 08:22:00,70.5,0,0,0
ORD03290,CUST0324,Retail,WH_SOUTH,Standard,Furniture,1435.93,2026-04-07 14:48:00,2026-04-16 03:50:00,205.03,1,0,0
ORD03291,CUST0561,SMB,WH_EAST,Express,Industrial,5624.15,2026-01-17 09:49:00,2026-01-25 06:37:00,188.8,1,0,0
ORD03292,CUST0506,SMB,WH_WEST,Standard,Electronics,247.09,2026-05-01 16:10:00,2026-05-05 12:18:00,92.13,0,0,0
ORD03293,CUST0154,Retail,WH_WEST,Express,Furniture,5021.94,2026-05-08 11:00:00,2026-05-16 16:35:00,197.58,1,0,0
ORD03294,CUST0322,Enterprise,WH_EAST,Priority,Industrial,2369.46,2026-05-24 12:52:00,2026-05-30 08:25:00,139.55,0,1,0
ORD03295,CUST0649,Retail,WH_WEST,Express,Office Supplies,688.41,2026-06-02 15:41:00,2026-06-07 18:39:00,122.97,0,1,0
ORD03296,CUST0610,SMB,WH_NORTH,Priority,Office Supplies,764.9,2026-03-14 17:31:00,2026-03-18 07:40:00,86.15,0,0,0
ORD03297,CUST0547,Retail,WH_NORTH,Express,Clothing,6912.69,2026-02-28 12:02:00,2026-03-09 08:11:00,212.15,1,1,0
ORD03298,CUST0324,Enterprise,WH_WEST,Express,Clothing,848.61,2026-01-15 14:03:00,2026-01-25 16:53:00,242.83,1,0,0
ORD03299,CUST0220,Enterprise,WH_SOUTH,Express,Furniture,718.61,2026-05-06 11:04:00,2026-05-17 02:34:00,255.5,1,0,0
ORD03300,CUST0705,Enterprise,WH_WEST,Express,Industrial,4491.09,2026-01-31 13:27:00,2026-02-09 18:48:00,221.35,1,0,1
ORD03301,CUST0396,SMB,WH_NORTH,Priority,Electronics,2370.47,2026-03-31 08:00:00,2026-04-07 19:34:00,179.57,1,0,0
ORD03302,CUST0712,Retail,WH_WEST,Express,Office Supplies,853.77,2026-02-16 10:09:00,2026-02-19 22:51:00,84.7,0,1,0
ORD03303,CUST0085,Enterprise,WH_NORTH,Express,Furniture,2150.17,2026-01-01 14:46:00,2026-01-08 23:16:00,176.5,1,1,0
ORD03304,CUST0626,Enterprise,WH_WEST,Standard,Electronics,795.84,2026-04-22 15:06:00,2026-04-30 14:40:00,191.57,1,0,0
ORD03305,CUST0687,SMB,WH_WEST,Priority,Electronics,4361.87,2026-02-27 14:51:00,2026-03-06 10:47:00,163.93,0,0,0
ORD03306,CUST0026,Enterprise,WH_WEST,Priority,Office Supplies,4226.36,2026-03-08 15:35:00,2026-03-19 16:36:00,265.02,1,0,0
ORD03307,CUST0708,Enterprise,WH_EAST,Express,Clothing,2767.24,2026-03-14 09:42:00,2026-03-22 02:28:00,184.77,1,0,0
ORD03308,CUST0118,SMB,WH_WEST,Standard,Electronics,2414.7,2026-02-19 10:51:00,2026-02-27 03:17:00,184.43,1,0,0
ORD03309,CUST0675,Retail,WH_NORTH,Standard,Office Supplies,7397.89,2026-02-27 16:34:00,2026-03-05 05:11:00,132.62,0,0,0
ORD03310,CUST0616,Enterprise,WH_SOUTH,Express,Furniture,1807.59,2026-01-09 09:35:00,2026-01-15 03:40:00,138.08,0,0,0
ORD03311,CUST0282,Enterprise,WH_NORTH,Priority,Industrial,702.4,2026-03-27 08:44:00,2026-04-01 22:03:00,133.32,0,0,0
ORD03312,CUST0600,Retail,WH_SOUTH,Express,Clothing,2590.43,2026-03-09 08:45:00,2026-03-13 00:04:00,87.32,0,0,0
ORD03313,CUST0897,SMB,WH_WEST,Priority,Clothing,9593.47,2026-05-19 14:04:00,2026-05-22 20:33:00,78.48,0,0,0
ORD03314,CUST0815,Retail,WH_NORTH,Express,Furniture,802.87,2026-03-13 13:24:00,2026-03-20 15:05:00,169.68,1,0,0
ORD03315,CUST0963,Retail,WH_NORTH,Express,Electronics,1354.02,2026-02-21 13:14:00,2026-02-25 04:21:00,87.12,0,0,0
ORD03316,CUST0765,SMB,WH_SOUTH,Express,Office Supplies,2522.88,2026-04-06 17:11:00,2026-04-14 02:27:00,177.27,1,1,0
ORD03317,CUST0764,Enterprise,WH_NORTH,Priority,Industrial,1731.73,2026-02-06 09:41:00,2026-02-14 07:56:00,190.25,1,0,0
ORD03318,CUST0155,Retail,WH_SOUTH,Express,Electronics,823.99,2026-01-10 10:26:00,2026-01-15 06:59:00,116.55,0,1,0
ORD03319,CUST0653,Retail,WH_NORTH,Standard,Office Supplies,4435.9,2026-03-07 09:50:00,2026-03-13 09:53:00,144.05,0,0,0
ORD03320,CUST0082,Retail,WH_SOUTH,Express,Furniture,11568.4,2026-05-26 16:33:00,2026-06-03 11:49:00,187.27,1,0,1
ORD03321,CUST0517,Retail,WH_NORTH,Priority,Electronics,2115.2,2026-01-04 15:52:00,2026-01-11 11:30:00,163.63,0,0,0
ORD03322,CUST0153,Enterprise,WH_EAST,Priority,Office Supplies,877.21,2026-01-17 11:58:00,2026-01-25 00:27:00,180.48,1,0,0
ORD03323,CUST0368,SMB,WH_EAST,Standard,Furniture,523.65,2026-02-22 12:16:00,2026-02-27 01:41:00,109.42,0,0,0
ORD03324,CUST0649,SMB,WH_NORTH,Standard,Electronics,2222.48,2026-05-14 15:17:00,2026-05-20 23:42:00,152.42,0,0,0
ORD03325,CUST0845,SMB,WH_EAST,Express,Industrial,4372.55,2026-05-08 13:15:00,2026-05-13 05:13:00,111.97,0,1,0
ORD03326,CUST0012,SMB,WH_NORTH,Standard,Electronics,2644.23,2026-06-05 16:36:00,2026-06-14 00:36:00,200.0,1,0,0
ORD03327,CUST0695,SMB,WH_NORTH,Express,Office Supplies,1804.57,2026-01-30 17:01:00,2026-02-02 07:12:00,62.18,0,0,0
ORD03328,CUST0390,Enterprise,WH_WEST,Priority,Electronics,1128.43,2026-01-30 15:41:00,2026-02-09 17:52:00,242.18,1,0,0
ORD03329,CUST0935,Retail,WH_SOUTH,Priority,Electronics,754.66,2026-05-16 15:22:00,2026-05-23 04:05:00,156.72,0,0,0
ORD03330,CUST0938,Enterprise,WH_NORTH,Standard,Furniture,3525.58,2026-01-18 14:47:00,2026-01-31 03:06:00,300.32,1,0,0
ORD03331,CUST0529,Retail,WH_SOUTH,Express,Industrial,3755.65,2026-05-04 10:48:00,2026-05-12 13:36:00,194.8,1,0,0
ORD03332,CUST0867,Retail,WH_NORTH,Express,Office Supplies,525.01,2026-04-19 13:26:00,2026-04-27 02:35:00,181.15,1,0,0
ORD03333,CUST0443,SMB,WH_WEST,Priority,Clothing,6450.23,2026-06-27 12:59:00,2026-07-02 04:07:00,111.13,0,0,0
ORD03334,CUST0006,Enterprise,WH_NORTH,Standard,Office Supplies,2861.95,2026-05-06 10:07:00,2026-05-13 01:10:00,159.05,0,0,0
ORD03335,CUST0550,Retail,WH_WEST,Standard,Industrial,5539.59,2026-01-13 09:34:00,2026-01-17 00:23:00,86.82,0,1,0
ORD03336,CUST0801,Retail,WH_EAST,Standard,Office Supplies,617.88,2026-03-21 08:18:00,2026-03-25 17:33:00,105.25,0,0,0
ORD03337,CUST0398,Enterprise,WH_SOUTH,Standard,Office Supplies,606.28,2026-03-22 13:26:00,2026-03-27 16:23:00,122.95,0,0,0
ORD03338,CUST0121,Retail,WH_SOUTH,Priority,Electronics,1604.91,2026-03-05 08:52:00,2026-03-12 19:00:00,178.13,1,1,0
ORD03339,CUST0889,Retail,WH_WEST,Standard,Clothing,2703.3,2026-04-07 10:15:00,2026-04-17 23:37:00,253.37,1,0,0
ORD03340,CUST0818,SMB,WH_EAST,Priority,Furniture,7609.01,2026-06-06 13:16:00,2026-06-13 14:32:00,169.27,1,0,0
ORD03341,CUST0684,Enterprise,WH_WEST,Standard,Clothing,3180.72,2026-06-16 10:23:00,2026-06-22 09:23:00,143.0,0,0,0
ORD03342,CUST0500,Retail,WH_NORTH,Express,Clothing,1488.99,2026-01-26 12:24:00,2026-02-03 08:00:00,187.6,1,0,0
ORD03343,CUST0200,Retail,WH_WEST,Express,Electronics,795.45,2026-03-07 11:23:00,2026-03-14 18:55:00,175.53,1,0,0
ORD03344,CUST0037,Retail,WH_NORTH,Express,Clothing,4836.76,2026-05-28 08:36:00,2026-06-03 22:38:00,158.03,0,0,0
ORD03345,CUST0638,Enterprise,WH_EAST,Standard,Clothing,835.67,2026-05-11 17:51:00,2026-05-21 18:07:00,240.27,1,0,0
ORD03346,CUST0439,Enterprise,WH_NORTH,Standard,Clothing,6652.68,2026-01-05 08:05:00,2026-01-14 03:33:00,211.47,1,0,0
ORD03347,CUST0736,Enterprise,WH_EAST,Standard,Electronics,1440.14,2026-02-07 09:29:00,2026-02-20 20:35:00,323.1,1,0,1
ORD03348,CUST0487,SMB,WH_SOUTH,Standard,Furniture,6454.07,2026-04-25 10:13:00,2026-05-05 03:54:00,233.68,1,0,0
ORD03349,CUST0527,Enterprise,WH_EAST,Priority,Clothing,3112.39,2026-02-11 13:34:00,2026-02-19 07:00:00,185.43,1,0,0
ORD03350,CUST0505,SMB,WH_SOUTH,Standard,Electronics,1620.36,2026-05-19 16:18:00,2026-05-24 00:20:00,104.03,0,0,0
ORD03351,CUST0582,Retail,WH_WEST,Standard,Furniture,1193.31,2026-05-08 13:44:00,2026-05-18 18:13:00,244.48,1,0,0
ORD03352,CUST0296,SMB,WH_EAST,Express,Electronics,1376.46,2026-06-10 13:57:00,2026-06-17 10:37:00,164.67,0,0,0
ORD03353,CUST0970,Retail,WH_WEST,Standard,Clothing,2546.95,2026-01-14 13:06:00,2026-01-21 11:21:00,166.25,0,0,0
ORD03354,CUST0182,Enterprise,WH_EAST,Standard,Furniture,1923.16,2026-04-20 17:15:00,2026-04-28 08:50:00,183.58,1,1,0
ORD03355,CUST0369,SMB,WH_SOUTH,Priority,Office Supplies,1124.34,2026-02-24 08:39:00,2026-03-02 09:01:00,144.37,0,0,0
ORD03356,CUST0505,Enterprise,WH_WEST,Priority,Office Supplies,1583.66,2026-01-11 12:22:00,2026-01-15 13:01:00,96.65,0,0,0
ORD03357,CUST0569,Enterprise,WH_NORTH,Priority,Electronics,1925.35,2026-02-25 16:31:00,2026-03-05 15:58:00,191.45,1,1,0
ORD03358,CUST0711,SMB,WH_WEST,Express,Office Supplies,329.31,2026-06-19 16:19:00,2026-06-24 02:35:00,106.27,0,0,0
ORD03359,CUST0808,Retail,WH_EAST,Priority,Electronics,2608.51,2026-01-28 12:03:00,2026-02-03 09:09:00,141.1,0,0,0
ORD03360,CUST0607,Enterprise,WH_EAST,Express,Furniture,825.69,2026-04-05 16:00:00,2026-04-10 12:47:00,116.78,0,0,0
ORD03361,CUST0167,Enterprise,WH_NORTH,Priority,Office Supplies,718.62,2026-02-04 14:42:00,2026-02-09 18:36:00,123.9,0,1,0
ORD03362,CUST0098,Retail,WH_NORTH,Express,Industrial,468.78,2026-01-24 12:10:00,2026-01-27 02:33:00,62.38,0,0,0
ORD03363,CUST0514,Enterprise,WH_NORTH,Priority,Furniture,430.47,2026-06-14 14:57:00,2026-06-21 22:27:00,175.5,1,0,0
ORD03364,CUST0504,Retail,WH_EAST,Standard,Electronics,611.33,2026-04-24 15:48:00,2026-05-03 00:22:00,200.57,1,1,0
ORD03365,CUST0560,Retail,WH_NORTH,Standard,Electronics,1025.34,2026-01-08 08:10:00,2026-01-16 11:31:00,195.35,1,1,0
ORD03366,CUST1000,Retail,WH_WEST,Express,Clothing,8626.61,2026-03-18 09:06:00,2026-03-22 22:31:00,109.42,0,0,0
ORD03367,CUST0080,Enterprise,WH_EAST,Priority,Clothing,1187.13,2026-05-02 16:46:00,2026-05-07 06:56:00,110.17,0,0,0
ORD03368,CUST0394,Retail,WH_SOUTH,Priority,Furniture,2084.32,2026-04-26 17:19:00,2026-04-30 01:31:00,80.2,0,0,1
ORD03369,CUST0228,Retail,WH_SOUTH,Express,Furniture,2490.86,2026-06-01 16:23:00,2026-06-07 10:35:00,138.2,0,0,0
ORD03370,CUST0393,SMB,WH_EAST,Express,Office Supplies,2007.91,2026-04-21 13:36:00,2026-04-28 14:56:00,169.33,1,1,0
ORD03371,CUST0961,Enterprise,WH_NORTH,Standard,Industrial,1699.42,2026-05-24 16:26:00,2026-06-01 14:57:00,190.52,1,0,0
ORD03372,CUST0331,Retail,WH_EAST,Priority,Clothing,694.9,2026-04-03 15:01:00,2026-04-12 00:29:00,201.47,1,0,1
ORD03373,CUST0193,Retail,WH_NORTH,Standard,Clothing,5771.82,2026-01-21 12:11:00,2026-01-28 20:53:00,176.7,1,0,0
ORD03374,CUST0776,Enterprise,WH_SOUTH,Standard,Industrial,7675.26,2026-03-28 12:53:00,2026-04-06 13:40:00,216.78,1,0,0
ORD03375,CUST0652,SMB,WH_NORTH,Standard,Office Supplies,470.54,2026-04-10 12:09:00,2026-04-16 20:16:00,152.12,0,0,0
ORD03376,CUST0339,Enterprise,WH_SOUTH,Priority,Industrial,796.94,2026-06-30 13:05:00,2026-07-09 23:30:00,226.42,1,0,0
ORD03377,CUST0744,Retail,WH_SOUTH,Priority,Electronics,1445.41,2026-06-20 17:17:00,2026-06-28 14:56:00,189.65,1,1,0
ORD03378,CUST0338,Enterprise,WH_NORTH,Standard,Electronics,835.78,2026-05-23 15:01:00,2026-05-31 14:05:00,191.07,1,0,0
ORD03379,CUST0903,SMB,WH_EAST,Express,Electronics,2710.19,2026-06-22 17:33:00,2026-06-29 04:12:00,154.65,0,0,0
ORD03380,CUST0150,SMB,WH_EAST,Priority,Clothing,1009.67,2026-01-16 09:55:00,2026-01-19 18:50:00,80.92,0,0,0
ORD03381,CUST0557,Enterprise,WH_NORTH,Express,Industrial,10219.42,2026-05-17 15:12:00,2026-05-26 00:21:00,201.15,1,0,0
ORD03382,CUST0713,Retail,WH_WEST,Express,Clothing,4686.49,2026-01-07 10:12:00,2026-01-15 13:48:00,195.6,1,0,0
ORD03383,CUST0098,Retail,WH_SOUTH,Priority,Office Supplies,2143.21,2026-04-01 15:01:00,2026-04-05 20:11:00,101.17,0,0,0
ORD03384,CUST0532,Retail,WH_WEST,Priority,Furniture,4111.69,2026-01-12 11:34:00,2026-01-19 13:01:00,169.45,1,0,0
ORD03385,CUST0148,Enterprise,WH_SOUTH,Express,Office Supplies,4379.63,2026-04-02 11:28:00,2026-04-06 12:40:00,97.2,0,0,0
ORD03386,CUST0443,SMB,WH_WEST,Express,Clothing,1151.52,2026-05-29 08:23:00,2026-06-01 19:41:00,83.3,0,0,0
ORD03387,CUST0971,Enterprise,WH_SOUTH,Priority,Industrial,941.08,2026-05-24 10:36:00,2026-05-30 16:03:00,149.45,0,0,0
ORD03388,CUST0457,Retail,WH_NORTH,Standard,Industrial,1924.68,2026-02-24 15:44:00,2026-03-06 15:10:00,239.43,1,0,1
ORD03389,CUST0577,Enterprise,WH_WEST,Priority,Industrial,3602.23,2026-05-02 08:55:00,2026-05-07 09:01:00,120.1,0,0,0
ORD03390,CUST0097,Enterprise,WH_NORTH,Express,Industrial,2020.8,2026-06-17 12:52:00,2026-06-27 02:51:00,229.98,1,0,0
ORD03391,CUST0967,Enterprise,WH_NORTH,Express,Furniture,512.04,2026-01-08 15:06:00,2026-01-18 21:11:00,246.08,1,0,0
ORD03392,CUST0558,Retail,WH_WEST,Express,Office Supplies,951.22,2026-01-25 17:31:00,2026-02-03 09:26:00,207.92,1,0,0
ORD03393,CUST0994,Enterprise,WH_EAST,Express,Electronics,1704.15,2026-03-19 14:17:00,2026-03-24 18:33:00,124.27,0,0,0
ORD03394,CUST0277,Enterprise,WH_EAST,Standard,Electronics,1701.84,2026-04-21 08:51:00,2026-05-03 01:57:00,281.1,1,0,0
ORD03395,CUST0665,SMB,WH_SOUTH,Priority,Furniture,8760.72,2026-01-24 14:35:00,2026-01-26 20:32:00,53.95,0,0,0
ORD03396,CUST0941,SMB,WH_SOUTH,Express,Furniture,596.58,2026-02-16 17:22:00,2026-02-21 12:39:00,115.28,0,1,0
ORD03397,CUST0725,Enterprise,WH_WEST,Express,Industrial,2709.37,2026-02-05 15:43:00,2026-02-13 19:45:00,196.03,1,0,0
ORD03398,CUST0487,Retail,WH_NORTH,Priority,Electronics,5950.86,2026-06-20 14:43:00,2026-06-22 16:07:00,49.4,0,0,0
ORD03399,CUST0475,Enterprise,WH_NORTH,Express,Industrial,11127.33,2026-03-21 17:08:00,2026-03-28 08:07:00,158.98,0,1,0
ORD03400,CUST0305,Enterprise,WH_WEST,Express,Clothing,1308.3,2026-06-20 17:08:00,2026-06-28 01:41:00,176.55,1,0,0
ORD03401,CUST0270,SMB,WH_NORTH,Standard,Clothing,2678.85,2026-06-30 13:27:00,2026-07-04 01:10:00,83.72,0,0,0
ORD03402,CUST0395,Enterprise,WH_SOUTH,Express,Industrial,2852.09,2026-04-02 17:39:00,2026-04-12 21:23:00,243.73,1,0,0
ORD03403,CUST0387,SMB,WH_WEST,Express,Office Supplies,2114.1,2026-01-24 11:19:00,2026-02-01 23:25:00,204.1,1,1,0
ORD03404,CUST0205,Retail,WH_SOUTH,Express,Clothing,1670.58,2026-06-26 10:07:00,2026-07-04 08:53:00,190.77,1,1,0
ORD03405,CUST0103,SMB,WH_SOUTH,Express,Electronics,2562.61,2026-03-16 14:37:00,2026-03-24 06:58:00,184.35,1,0,0
ORD03406,CUST0591,Enterprise,WH_NORTH,Express,Industrial,238.46,2026-05-18 11:48:00,2026-05-26 01:41:00,181.88,1,0,0
ORD03407,CUST0215,SMB,WH_WEST,Standard,Furniture,3120.21,2026-06-28 17:56:00,2026-07-04 14:04:00,140.13,0,0,0
ORD03408,CUST0149,SMB,WH_NORTH,Express,Office Supplies,2000.08,2026-04-02 17:39:00,2026-04-09 20:24:00,170.75,1,0,0
ORD03409,CUST0347,Enterprise,WH_EAST,Express,Electronics,1513.26,2026-01-31 16:05:00,2026-02-08 02:07:00,178.03,1,0,0
ORD03410,CUST0999,SMB,WH_NORTH,Priority,Furniture,9297.4,2026-01-19 14:21:00,2026-01-26 08:05:00,161.73,0,0,0
ORD03411,CUST0119,SMB,WH_NORTH,Standard,Industrial,1053.69,2026-01-04 10:07:00,2026-01-11 10:13:00,168.1,1,0,0
ORD03412,CUST0091,Retail,WH_SOUTH,Standard,Furniture,1309.68,2026-01-31 11:51:00,2026-02-05 12:51:00,121.0,0,0,0
ORD03413,CUST0984,Retail,WH_SOUTH,Express,Furniture,8894.98,2026-01-21 13:14:00,2026-01-26 00:39:00,107.42,0,0,1
ORD03414,CUST0010,Retail,WH_EAST,Priority,Clothing,929.23,2026-06-02 16:18:00,2026-06-07 17:20:00,121.03,0,0,1
ORD03415,CUST0217,SMB,WH_SOUTH,Priority,Clothing,1164.34,2026-01-17 15:22:00,2026-01-23 02:28:00,131.1,0,1,0
ORD03416,CUST0523,Retail,WH_SOUTH,Express,Office Supplies,1607.41,2026-04-07 09:09:00,2026-04-10 11:05:00,73.93,0,0,0
ORD03417,CUST0493,Retail,WH_SOUTH,Express,Office Supplies,3542.5,2026-03-22 14:50:00,2026-03-31 06:56:00,208.1,1,0,0
ORD03418,CUST0407,Enterprise,WH_SOUTH,Priority,Office Supplies,2135.04,2026-04-28 13:19:00,2026-05-07 08:19:00,211.0,1,1,0
ORD03419,CUST0525,Retail,WH_SOUTH,Priority,Electronics,642.84,2026-03-31 14:23:00,2026-04-08 12:04:00,189.68,1,0,1
ORD03420,CUST0937,SMB,WH_NORTH,Express,Office Supplies,1181.18,2026-01-21 11:15:00,2026-01-26 13:53:00,122.63,0,0,0
ORD03421,CUST0912,Enterprise,WH_EAST,Express,Office Supplies,1112.22,2026-05-13 12:13:00,2026-05-21 05:37:00,185.4,1,0,0
ORD03422,CUST0303,Retail,WH_WEST,Priority,Office Supplies,1699.73,2026-06-25 15:17:00,2026-07-02 08:46:00,161.48,0,0,0
ORD03423,CUST0517,SMB,WH_WEST,Priority,Furniture,2541.92,2026-05-02 17:52:00,2026-05-10 19:29:00,193.62,1,0,0
ORD03424,CUST0855,SMB,WH_SOUTH,Express,Electronics,2526.44,2026-05-25 13:38:00,2026-05-29 22:03:00,104.42,0,0,0
ORD03425,CUST0593,Enterprise,WH_NORTH,Priority,Office Supplies,436.68,2026-03-14 12:02:00,2026-03-22 19:08:00,199.1,1,0,0
ORD03426,CUST0362,Retail,WH_SOUTH,Priority,Office Supplies,4235.06,2026-03-08 12:58:00,2026-03-11 22:15:00,81.28,0,0,0
ORD03427,CUST1000,Retail,WH_SOUTH,Priority,Office Supplies,2212.89,2026-04-06 09:10:00,2026-04-14 08:43:00,191.55,1,0,0
ORD03428,CUST0223,Enterprise,WH_WEST,Express,Industrial,5473.24,2026-01-11 10:12:00,2026-01-19 22:30:00,204.3,1,0,0
ORD03429,CUST0800,Retail,WH_SOUTH,Priority,Industrial,2579.52,2026-06-08 13:05:00,2026-06-16 08:13:00,187.13,1,0,0
ORD03430,CUST0178,SMB,WH_SOUTH,Priority,Electronics,4363.62,2026-05-26 17:32:00,2026-05-29 15:26:00,69.9,0,0,0
ORD03431,CUST0187,Retail,WH_EAST,Priority,Office Supplies,2626.05,2026-03-14 13:35:00,2026-03-22 13:40:00,192.08,1,0,0
ORD03432,CUST0673,SMB,WH_WEST,Standard,Furniture,5308.05,2026-06-16 13:43:00,2026-06-23 06:25:00,160.7,0,0,0
ORD03433,CUST0990,SMB,WH_EAST,Express,Furniture,2745.73,2026-02-03 17:56:00,2026-02-10 00:33:00,150.62,0,0,0
ORD03434,CUST0837,Enterprise,WH_WEST,Standard,Electronics,1671.82,2026-02-24 14:25:00,2026-03-03 06:27:00,160.03,0,0,0
ORD03435,CUST0232,Retail,WH_NORTH,Priority,Office Supplies,11136.1,2026-04-15 13:34:00,2026-04-20 19:31:00,125.95,0,0,0
ORD03436,CUST0908,Enterprise,WH_WEST,Standard,Furniture,3682.07,2026-03-17 09:00:00,2026-03-27 04:44:00,235.73,1,0,0
ORD03437,CUST0456,SMB,WH_EAST,Standard,Electronics,2861.2,2026-06-04 15:03:00,2026-06-13 02:32:00,203.48,1,0,0
ORD03438,CUST0992,Enterprise,WH_WEST,Standard,Clothing,651.29,2026-03-26 13:11:00,2026-04-08 06:50:00,305.65,1,0,0
ORD03439,CUST0609,Enterprise,WH_EAST,Standard,Electronics,645.07,2026-04-22 17:20:00,2026-05-03 09:19:00,255.98,1,0,0
ORD03440,CUST0926,SMB,WH_SOUTH,Express,Industrial,2285.12,2026-04-30 08:42:00,2026-05-06 21:37:00,156.92,0,0,0
ORD03441,CUST0098,Retail,WH_NORTH,Standard,Furniture,2031.27,2026-05-22 12:01:00,2026-05-28 07:43:00,139.7,0,0,1
ORD03442,CUST0466,Retail,WH_SOUTH,Standard,Clothing,1106.22,2026-04-21 09:22:00,2026-04-25 23:16:00,109.9,0,0,0
ORD03443,CUST0142,Retail,WH_WEST,Priority,Office Supplies,2023.91,2026-02-04 14:23:00,2026-02-10 15:25:00,145.03,0,0,0
ORD03444,CUST0418,Retail,WH_NORTH,Express,Office Supplies,6443.98,2026-03-10 13:48:00,2026-03-18 11:43:00,189.92,1,0,0
ORD03445,CUST0339,Enterprise,WH_NORTH,Priority,Furniture,3153.67,2026-06-02 12:55:00,2026-06-11 18:39:00,221.73,1,0,1
ORD03446,CUST0667,Retail,WH_NORTH,Standard,Furniture,725.74,2026-01-15 15:52:00,2026-01-25 01:00:00,225.13,1,0,0
ORD03447,CUST0014,Enterprise,WH_NORTH,Priority,Furniture,1653.74,2026-04-24 14:53:00,2026-04-28 01:06:00,82.22,0,0,0
ORD03448,CUST0114,SMB,WH_NORTH,Express,Electronics,949.59,2026-05-11 12:17:00,2026-05-14 20:22:00,80.08,0,0,0
ORD03449,CUST0577,Enterprise,WH_EAST,Standard,Electronics,1325.89,2026-05-26 12:23:00,2026-05-29 16:10:00,75.78,0,0,0
ORD03450,CUST0008,Retail,WH_WEST,Express,Clothing,1298.68,2026-01-28 12:15:00,2026-02-04 21:39:00,177.4,1,0,0
ORD03451,CUST0364,Retail,WH_EAST,Priority,Electronics,1233.84,2026-01-12 15:12:00,2026-01-15 21:24:00,78.2,0,0,0
ORD03452,CUST0100,Enterprise,WH_NORTH,Express,Furniture,662.41,2026-04-27 13:54:00,2026-05-03 23:05:00,153.18,0,0,0
ORD03453,CUST0681,SMB,WH_NORTH,Express,Industrial,1632.51,2026-05-02 10:14:00,2026-05-05 16:40:00,78.43,0,0,0
ORD03454,CUST0450,Retail,WH_WEST,Standard,Clothing,1154.61,2026-06-20 17:58:00,2026-06-29 01:37:00,199.65,1,0,0
ORD03455,CUST0490,Enterprise,WH_SOUTH,Express,Clothing,173.55,2026-05-31 14:24:00,2026-06-05 04:11:00,109.78,0,0,0
ORD03456,CUST0467,Enterprise,WH_NORTH,Standard,Industrial,9342.95,2026-04-22 10:38:00,2026-05-04 07:47:00,285.15,1,0,0
ORD03457,CUST0333,SMB,WH_EAST,Express,Electronics,4320.02,2026-06-11 14:32:00,2026-06-17 06:24:00,135.87,0,0,0
ORD03458,CUST0194,SMB,WH_NORTH,Express,Furniture,1338.04,2026-01-25 15:38:00,2026-02-01 11:10:00,163.53,0,0,0
ORD03459,CUST0173,Enterprise,WH_EAST,Express,Clothing,1835.47,2026-01-25 14:59:00,2026-01-30 22:21:00,127.37,0,0,0
ORD03460,CUST0136,SMB,WH_NORTH,Priority,Industrial,708.16,2026-01-06 13:55:00,2026-01-14 20:06:00,198.18,1,1,0
ORD03461,CUST0054,SMB,WH_NORTH,Standard,Clothing,7020.42,2026-02-08 08:30:00,2026-02-15 21:38:00,181.13,1,1,0
ORD03462,CUST0286,Retail,WH_EAST,Priority,Industrial,8248.87,2026-01-16 09:47:00,2026-01-19 23:46:00,85.98,0,1,0
ORD03463,CUST0448,Retail,WH_WEST,Standard,Electronics,2049.51,2026-02-06 15:04:00,2026-02-18 02:02:00,274.97,1,0,0
ORD03464,CUST0247,Enterprise,WH_WEST,Standard,Electronics,4100.34,2026-04-22 12:34:00,2026-04-29 12:49:00,168.25,1,0,0
ORD03465,CUST0019,SMB,WH_NORTH,Priority,Furniture,2080.22,2026-04-09 10:23:00,2026-04-17 00:19:00,181.93,1,0,0
ORD03466,CUST0710,Enterprise,WH_WEST,Express,Electronics,620.56,2026-03-13 14:24:00,2026-03-21 07:18:00,184.9,1,0,0
ORD03467,CUST0713,SMB,WH_WEST,Standard,Industrial,1300.55,2026-04-09 09:19:00,2026-04-17 12:43:00,195.4,1,0,1
ORD03468,CUST0662,Enterprise,WH_NORTH,Express,Electronics,2009.3,2026-03-14 10:48:00,2026-03-18 21:11:00,106.38,0,0,0
ORD03469,CUST0160,Retail,WH_NORTH,Priority,Office Supplies,1256.85,2026-03-03 11:34:00,2026-03-10 09:41:00,166.12,0,1,0
ORD03470,CUST0970,Enterprise,WH_WEST,Express,Industrial,1517.89,2026-04-05 14:47:00,2026-04-12 13:01:00,166.23,0,0,0
ORD03471,CUST0198,SMB,WH_WEST,Express,Office Supplies,1680.56,2026-03-18 09:12:00,2026-03-25 05:04:00,163.87,0,0,0
ORD03472,CUST0332,Retail,WH_EAST,Priority,Clothing,1694.76,2026-02-02 10:32:00,2026-02-07 08:37:00,118.08,0,0,0
ORD03473,CUST0217,Retail,WH_SOUTH,Standard,Electronics,1885.23,2026-03-31 14:06:00,2026-04-04 23:20:00,105.23,0,0,1
ORD03474,CUST0524,Retail,WH_SOUTH,Standard,Furniture,773.96,2026-04-05 10:47:00,2026-04-15 04:04:00,233.28,1,0,0
ORD03475,CUST0599,Enterprise,WH_SOUTH,Standard,Electronics,1018.81,2026-06-03 09:12:00,2026-06-14 19:19:00,274.12,1,1,0
ORD03476,CUST0652,Retail,WH_NORTH,Standard,Clothing,646.99,2026-03-02 11:48:00,2026-03-10 16:18:00,196.5,1,0,0
ORD03477,CUST0498,Retail,WH_WEST,Standard,Industrial,3953.09,2026-04-15 16:31:00,2026-04-20 10:45:00,114.23,0,0,0
ORD03478,CUST0708,Retail,WH_SOUTH,Express,Electronics,335.45,2026-02-07 17:02:00,2026-02-13 14:46:00,141.73,0,0,0
ORD03479,CUST0475,Retail,WH_WEST,Priority,Office Supplies,4549.95,2026-02-23 14:12:00,2026-02-27 08:10:00,89.97,0,0,0
ORD03480,CUST0280,Enterprise,WH_NORTH,Express,Office Supplies,5481.2,2026-03-06 13:17:00,2026-03-15 08:05:00,210.8,1,0,0
ORD03481,CUST0060,Enterprise,WH_NORTH,Express,Clothing,1419.78,2026-06-01 14:26:00,2026-06-11 00:18:00,225.87,1,0,0
ORD03482,CUST0126,SMB,WH_NORTH,Standard,Industrial,225.31,2026-01-30 09:16:00,2026-02-06 00:17:00,159.02,0,0,0
ORD03483,CUST0875,Enterprise,WH_EAST,Standard,Office Supplies,1354.18,2026-04-03 08:38:00,2026-04-11 09:41:00,193.05,1,0,0
ORD03484,CUST0451,SMB,WH_EAST,Express,Office Supplies,1717.55,2026-02-03 14:41:00,2026-02-10 18:37:00,171.93,1,0,0
ORD03485,CUST0364,SMB,WH_NORTH,Express,Clothing,805.55,2026-04-19 15:51:00,2026-04-22 10:05:00,66.23,0,0,0
ORD03486,CUST0113,Enterprise,WH_SOUTH,Standard,Clothing,1197.3,2026-02-28 09:49:00,2026-03-08 02:02:00,184.22,1,0,0
ORD03487,CUST0916,Retail,WH_NORTH,Standard,Electronics,6149.69,2026-03-26 16:54:00,2026-04-05 16:31:00,239.62,1,0,0
ORD03488,CUST0527,SMB,WH_EAST,Standard,Electronics,3077.71,2026-04-06 12:08:00,2026-04-16 07:41:00,235.55,1,1,0
ORD03489,CUST0559,SMB,WH_NORTH,Priority,Industrial,862.94,2026-04-23 12:06:00,2026-04-28 13:44:00,121.63,0,0,0
ORD03490,CUST0539,Retail,WH_SOUTH,Priority,Office Supplies,503.67,2026-02-05 15:26:00,2026-02-10 07:21:00,111.92,0,0,0
ORD03491,CUST0325,SMB,WH_EAST,Standard,Industrial,1391.85,2026-03-15 13:29:00,2026-03-19 22:20:00,104.85,0,0,0
ORD03492,CUST0132,Enterprise,WH_SOUTH,Express,Industrial,1524.21,2026-05-12 09:43:00,2026-05-17 03:00:00,113.28,0,0,0
ORD03493,CUST0695,SMB,WH_NORTH,Priority,Clothing,2689.09,2026-05-19 16:57:00,2026-05-23 10:07:00,89.17,0,0,0
ORD03494,CUST0912,SMB,WH_WEST,Express,Clothing,1178.2,2026-03-08 16:18:00,2026-03-16 06:01:00,181.72,1,0,0
ORD03495,CUST0728,Enterprise,WH_NORTH,Priority,Office Supplies,2722.21,2026-04-14 14:58:00,2026-04-20 00:08:00,129.17,0,0,0
ORD03496,CUST0596,Retail,WH_NORTH,Priority,Industrial,8502.57,2026-06-24 16:38:00,2026-06-27 18:54:00,74.27,0,0,0
ORD03497,CUST0901,Enterprise,WH_NORTH,Standard,Industrial,3471.7,2026-02-03 12:00:00,2026-02-13 06:53:00,234.88,1,0,0
ORD03498,CUST0745,Enterprise,WH_SOUTH,Priority,Clothing,1739.81,2026-01-06 13:19:00,2026-01-16 01:18:00,227.98,1,0,0
ORD03499,CUST0186,Enterprise,WH_NORTH,Standard,Office Supplies,1561.62,2026-05-26 10:14:00,2026-06-04 21:02:00,226.8,1,0,0
ORD03500,CUST0808,Enterprise,WH_NORTH,Priority,Industrial,1359.21,2026-02-15 12:38:00,2026-02-24 22:20:00,225.7,1,0,0
ORD03501,CUST0862,Enterprise,WH_NORTH,Standard,Electronics,4649.49,2026-05-05 10:05:00,2026-05-10 04:27:00,114.37,0,0,0
ORD03502,CUST0173,Enterprise,WH_NORTH,Priority,Furniture,1094.61,2026-04-29 16:56:00,2026-05-07 09:31:00,184.58,1,1,0
ORD03503,CUST0450,Enterprise,WH_SOUTH,Standard,Electronics,1874.65,2026-06-26 16:08:00,2026-07-05 14:36:00,214.47,1,0,0
ORD03504,CUST0287,Retail,WH_NORTH,Standard,Industrial,1883.63,2026-03-07 08:51:00,2026-03-14 17:24:00,176.55,1,0,0
ORD03505,CUST0116,Retail,WH_SOUTH,Priority,Furniture,1210.24,2026-05-28 13:03:00,2026-06-03 01:44:00,132.68,0,0,0
ORD03506,CUST0949,SMB,WH_NORTH,Standard,Industrial,603.07,2026-03-01 13:02:00,2026-03-07 14:29:00,145.45,0,1,0
ORD03507,CUST0988,Enterprise,WH_NORTH,Express,Office Supplies,2341.11,2026-05-03 16:41:00,2026-05-10 08:14:00,159.55,0,0,0
ORD03508,CUST0640,Retail,WH_WEST,Priority,Electronics,1721.92,2026-05-05 14:15:00,2026-05-08 18:12:00,75.95,0,0,0
ORD03509,CUST0684,Enterprise,WH_EAST,Standard,Clothing,2697.8,2026-06-22 16:33:00,2026-07-01 22:15:00,221.7,1,0,0
ORD03510,CUST0196,SMB,WH_WEST,Standard,Office Supplies,1179.82,2026-02-22 17:29:00,2026-03-04 20:09:00,242.67,1,0,1
ORD03511,CUST0969,Enterprise,WH_NORTH,Express,Office Supplies,4801.37,2026-03-21 12:45:00,2026-03-29 11:56:00,191.18,1,0,0
ORD03512,CUST0470,Enterprise,WH_SOUTH,Express,Office Supplies,896.57,2026-04-19 16:32:00,2026-04-27 15:39:00,191.12,1,0,0
ORD03513,CUST0047,Enterprise,WH_EAST,Standard,Industrial,7112.66,2026-01-24 14:55:00,2026-01-29 07:23:00,112.47,0,0,0
ORD03514,CUST0418,SMB,WH_NORTH,Express,Office Supplies,446.7,2026-05-20 10:45:00,2026-05-25 06:39:00,115.9,0,1,0
ORD03515,CUST0596,Enterprise,WH_NORTH,Express,Office Supplies,2560.14,2026-05-12 09:20:00,2026-05-22 13:45:00,244.42,1,0,0
ORD03516,CUST0523,Enterprise,WH_SOUTH,Standard,Electronics,2644.78,2026-02-15 08:32:00,2026-02-25 06:29:00,237.95,1,0,0
ORD03517,CUST0366,Enterprise,WH_EAST,Priority,Industrial,956.76,2026-03-07 11:49:00,2026-03-13 04:00:00,136.18,0,0,0
ORD03518,CUST0381,SMB,WH_EAST,Express,Clothing,2538.97,2026-06-04 09:11:00,2026-06-08 20:26:00,107.25,0,0,0
ORD03519,CUST0189,Enterprise,WH_SOUTH,Priority,Office Supplies,5032.21,2026-03-27 16:56:00,2026-04-03 02:36:00,153.67,0,0,0
ORD03520,CUST0582,SMB,WH_EAST,Priority,Industrial,306.91,2026-03-14 09:56:00,2026-03-17 12:42:00,74.77,0,0,0
ORD03521,CUST0169,Enterprise,WH_NORTH,Priority,Office Supplies,2703.21,2026-03-14 14:10:00,2026-03-17 05:13:00,63.05,0,0,0
ORD03522,CUST0958,Retail,WH_EAST,Standard,Furniture,246.01,2026-03-23 17:54:00,2026-04-01 23:28:00,221.57,1,0,0
ORD03523,CUST1000,Enterprise,WH_WEST,Express,Office Supplies,835.03,2026-02-07 16:12:00,2026-02-17 01:39:00,225.45,1,0,0
ORD03524,CUST0427,SMB,WH_WEST,Express,Industrial,6656.39,2026-03-21 08:25:00,2026-03-28 04:45:00,164.33,0,0,0
ORD03525,CUST0471,Retail,WH_WEST,Standard,Office Supplies,1135.21,2026-02-17 12:57:00,2026-02-27 14:12:00,241.25,1,0,0
ORD03526,CUST0212,Retail,WH_WEST,Express,Industrial,706.9,2026-04-25 12:04:00,2026-04-28 16:04:00,76.0,0,0,0
ORD03527,CUST0377,SMB,WH_SOUTH,Priority,Clothing,1543.26,2026-01-10 11:21:00,2026-01-18 16:01:00,196.67,1,0,0
ORD03528,CUST0867,SMB,WH_EAST,Express,Office Supplies,9455.25,2026-05-07 14:00:00,2026-05-11 08:14:00,90.23,0,0,0
ORD03529,CUST0551,SMB,WH_WEST,Standard,Furniture,417.65,2026-05-08 09:58:00,2026-05-13 06:19:00,116.35,0,0,0
ORD03530,CUST0387,SMB,WH_NORTH,Standard,Industrial,779.73,2026-06-24 15:48:00,2026-06-29 23:44:00,127.93,0,0,0
ORD03531,CUST0427,Enterprise,WH_EAST,Standard,Furniture,5990.59,2026-04-12 09:45:00,2026-04-22 20:57:00,251.2,1,0,0
ORD03532,CUST0090,SMB,WH_WEST,Express,Office Supplies,7991.72,2026-02-17 14:06:00,2026-02-23 03:31:00,133.42,0,0,0
ORD03533,CUST0209,SMB,WH_NORTH,Standard,Furniture,1664.46,2026-06-11 11:47:00,2026-06-18 14:15:00,170.47,1,0,0
ORD03534,CUST0089,Retail,WH_SOUTH,Priority,Industrial,670.99,2026-01-15 14:36:00,2026-01-19 17:10:00,98.57,0,0,0
ORD03535,CUST0014,SMB,WH_WEST,Priority,Industrial,9668.95,2026-02-24 16:44:00,2026-02-28 00:45:00,80.02,0,0,0
ORD03536,CUST0207,SMB,WH_NORTH,Standard,Clothing,6474.03,2026-03-14 16:22:00,2026-03-22 20:12:00,195.83,1,0,0
ORD03537,CUST0917,Retail,WH_EAST,Priority,Office Supplies,3112.43,2026-05-05 13:33:00,2026-05-10 12:41:00,119.13,0,0,0
ORD03538,CUST0347,SMB,WH_EAST,Priority,Clothing,943.95,2026-03-28 16:57:00,2026-04-04 10:33:00,161.6,0,1,0
ORD03539,CUST0813,Retail,WH_WEST,Priority,Furniture,1738.5,2026-03-17 13:46:00,2026-03-24 11:42:00,165.93,0,0,0
ORD03540,CUST0235,SMB,WH_NORTH,Standard,Furniture,1590.35,2026-02-20 16:53:00,2026-02-25 12:10:00,115.28,0,0,0
ORD03541,CUST0862,SMB,WH_SOUTH,Standard,Electronics,2355.91,2026-04-20 10:39:00,2026-04-25 16:17:00,125.63,0,0,0
ORD03542,CUST0017,SMB,WH_EAST,Express,Office Supplies,5772.16,2026-02-02 09:14:00,2026-02-05 22:34:00,85.33,0,0,0
ORD03543,CUST0146,SMB,WH_EAST,Express,Clothing,3653.84,2026-06-26 13:56:00,2026-07-03 10:34:00,164.63,0,0,0
ORD03544,CUST0477,SMB,WH_EAST,Standard,Clothing,763.64,2026-05-31 11:17:00,2026-06-08 13:16:00,193.98,1,0,0
ORD03545,CUST0696,Enterprise,WH_NORTH,Priority,Electronics,5438.17,2026-03-04 10:13:00,2026-03-09 19:01:00,128.8,0,0,0
ORD03546,CUST0609,Enterprise,WH_NORTH,Express,Electronics,2322.75,2026-02-23 12:08:00,2026-02-27 13:10:00,97.03,0,0,0
ORD03547,CUST0676,Retail,WH_WEST,Priority,Office Supplies,3132.71,2026-02-27 17:10:00,2026-03-05 04:42:00,131.53,0,0,0
ORD03548,CUST0396,SMB,WH_WEST,Express,Industrial,5844.36,2026-05-16 10:39:00,2026-05-22 02:46:00,136.12,0,0,0
ORD03549,CUST0238,Enterprise,WH_EAST,Priority,Office Supplies,743.03,2026-02-12 13:43:00,2026-02-16 21:27:00,103.73,0,0,0
ORD03550,CUST0596,Enterprise,WH_EAST,Priority,Electronics,1756.96,2026-03-31 12:43:00,2026-04-06 14:24:00,145.68,0,0,0
ORD03551,CUST0030,SMB,WH_WEST,Priority,Furniture,1181.85,2026-05-27 11:42:00,2026-06-01 10:21:00,118.65,0,0,0
ORD03552,CUST0186,Enterprise,WH_WEST,Priority,Office Supplies,515.8,2026-03-03 17:26:00,2026-03-11 21:40:00,196.23,1,0,0
ORD03553,CUST0937,Enterprise,WH_EAST,Express,Furniture,2385.99,2026-03-06 15:50:00,2026-03-15 00:29:00,200.65,1,0,0
ORD03554,CUST0357,Retail,WH_SOUTH,Standard,Clothing,13483.81,2026-05-12 10:16:00,2026-05-17 22:06:00,131.83,0,0,0
ORD03555,CUST0101,SMB,WH_NORTH,Priority,Industrial,414.86,2026-04-10 16:25:00,2026-04-14 07:10:00,86.75,0,0,1
ORD03556,CUST0678,Retail,WH_WEST,Priority,Industrial,1761.95,2026-03-21 09:01:00,2026-03-25 11:12:00,98.18,0,0,0
ORD03557,CUST0962,Retail,WH_EAST,Priority,Industrial,3018.26,2026-05-19 14:21:00,2026-05-22 19:32:00,77.18,0,0,0
ORD03558,CUST0654,SMB,WH_SOUTH,Express,Office Supplies,1995.13,2026-04-20 09:22:00,2026-04-27 13:52:00,172.5,1,0,0
ORD03559,CUST0068,Retail,WH_WEST,Standard,Furniture,1651.6,2026-05-04 14:09:00,2026-05-10 18:25:00,148.27,0,0,0
ORD03560,CUST0707,SMB,WH_NORTH,Express,Furniture,639.46,2026-02-08 15:50:00,2026-02-14 19:57:00,148.12,0,0,0
ORD03561,CUST0588,Retail,WH_WEST,Priority,Industrial,2178.15,2026-01-17 16:23:00,2026-01-25 19:05:00,194.7,1,0,0
ORD03562,CUST0052,Enterprise,WH_WEST,Priority,Industrial,986.92,2026-05-11 14:56:00,2026-05-17 23:58:00,153.03,0,1,0
ORD03563,CUST0909,SMB,WH_SOUTH,Priority,Office Supplies,313.58,2026-05-19 17:29:00,2026-05-25 16:04:00,142.58,0,0,1
ORD03564,CUST0626,Retail,WH_EAST,Express,Office Supplies,4701.67,2026-02-15 16:31:00,2026-02-22 03:07:00,154.6,0,0,0
ORD03565,CUST0993,Retail,WH_EAST,Standard,Office Supplies,3892.12,2026-02-03 12:52:00,2026-02-09 17:39:00,148.78,0,0,0
ORD03566,CUST0318,Retail,WH_EAST,Priority,Electronics,1884.33,2026-02-07 08:33:00,2026-02-15 13:47:00,197.23,1,0,0
ORD03567,CUST0439,Retail,WH_EAST,Express,Office Supplies,2171.69,2026-02-11 17:27:00,2026-02-16 13:03:00,115.6,0,1,0
ORD03568,CUST0293,SMB,WH_WEST,Standard,Electronics,4270.36,2026-06-10 10:55:00,2026-06-17 19:21:00,176.43,1,0,0
ORD03569,CUST0376,Retail,WH_WEST,Priority,Industrial,2163.48,2026-05-07 08:59:00,2026-05-13 02:52:00,137.88,0,0,1
ORD03570,CUST0931,SMB,WH_SOUTH,Priority,Industrial,3726.46,2026-05-23 12:44:00,2026-05-30 19:28:00,174.73,1,1,0
ORD03571,CUST0633,Retail,WH_NORTH,Standard,Industrial,1425.12,2026-05-20 09:32:00,2026-05-27 08:16:00,166.73,0,0,0
ORD03572,CUST0617,SMB,WH_SOUTH,Priority,Clothing,5164.62,2026-01-15 16:41:00,2026-01-20 23:52:00,127.18,0,0,1
ORD03573,CUST0926,Retail,WH_WEST,Standard,Office Supplies,2337.01,2026-03-16 08:27:00,2026-03-20 09:12:00,96.75,0,0,0
ORD03574,CUST0949,SMB,WH_EAST,Standard,Office Supplies,2111.69,2026-01-22 08:09:00,2026-01-26 21:26:00,109.28,0,0,0
ORD03575,CUST0995,SMB,WH_SOUTH,Priority,Electronics,654.55,2026-04-05 14:57:00,2026-04-08 13:23:00,70.43,0,0,0
ORD03576,CUST0238,Enterprise,WH_EAST,Standard,Clothing,2274.61,2026-05-11 15:27:00,2026-05-19 10:16:00,186.82,1,0,1
ORD03577,CUST0758,Retail,WH_EAST,Standard,Industrial,929.3,2026-03-05 15:58:00,2026-03-16 08:39:00,256.68,1,0,0
ORD03578,CUST0511,Retail,WH_NORTH,Standard,Furniture,1085.04,2026-05-26 09:50:00,2026-06-03 06:21:00,188.52,1,0,0
ORD03579,CUST0095,Retail,WH_SOUTH,Express,Electronics,941.71,2026-04-06 13:18:00,2026-04-14 04:14:00,182.93,1,1,0
ORD03580,CUST0855,SMB,WH_NORTH,Standard,Furniture,770.48,2026-06-14 12:37:00,2026-06-23 00:52:00,204.25,1,0,1
ORD03581,CUST0758,Retail,WH_SOUTH,Express,Electronics,9895.32,2026-01-01 12:53:00,2026-01-06 13:01:00,120.13,0,0,0
ORD03582,CUST0466,Enterprise,WH_SOUTH,Express,Office Supplies,5245.21,2026-03-30 11:28:00,2026-04-06 15:12:00,171.73,1,0,0
ORD03583,CUST0427,Enterprise,WH_SOUTH,Standard,Office Supplies,8402.58,2026-01-25 10:22:00,2026-02-06 10:12:00,287.83,1,0,0
ORD03584,CUST0484,SMB,WH_NORTH,Priority,Clothing,679.72,2026-01-09 09:13:00,2026-01-15 23:37:00,158.4,0,0,0
ORD03585,CUST0624,SMB,WH_SOUTH,Express,Electronics,1914.1,2026-01-02 13:46:00,2026-01-08 06:02:00,136.27,0,0,0
ORD03586,CUST0027,Enterprise,WH_EAST,Priority,Clothing,642.39,2026-01-27 13:37:00,2026-02-02 17:05:00,147.47,0,0,0
ORD03587,CUST0060,SMB,WH_NORTH,Standard,Office Supplies,1036.33,2026-06-10 13:15:00,2026-06-20 07:20:00,234.08,1,0,0
ORD03588,CUST0592,SMB,WH_WEST,Priority,Furniture,867.4,2026-01-20 09:23:00,2026-01-26 17:09:00,151.77,0,0,0
ORD03589,CUST0865,Enterprise,WH_WEST,Standard,Office Supplies,4873.99,2026-04-27 12:54:00,2026-05-07 20:19:00,247.42,1,0,0
ORD03590,CUST0650,Enterprise,WH_SOUTH,Priority,Industrial,1316.87,2026-03-29 13:53:00,2026-04-03 12:32:00,118.65,0,0,0
ORD03591,CUST0169,SMB,WH_NORTH,Express,Industrial,4250.12,2026-02-15 08:26:00,2026-02-18 07:45:00,71.32,0,0,0
ORD03592,CUST0186,Retail,WH_SOUTH,Express,Furniture,2931.58,2026-05-11 08:11:00,2026-05-15 04:53:00,92.7,0,0,0
ORD03593,CUST0174,SMB,WH_WEST,Priority,Office Supplies,11417.6,2026-01-22 15:29:00,2026-01-27 12:00:00,116.52,0,0,0
ORD03594,CUST0018,Retail,WH_EAST,Standard,Furniture,553.6,2026-03-25 10:27:00,2026-03-30 10:50:00,120.38,0,1,0
ORD03595,CUST0957,Retail,WH_NORTH,Standard,Furniture,4951.21,2026-01-23 10:16:00,2026-01-29 10:30:00,144.23,0,0,0
ORD03596,CUST0341,Enterprise,WH_SOUTH,Priority,Clothing,4524.0,2026-06-30 08:02:00,2026-07-05 09:59:00,121.95,0,1,0
ORD03597,CUST0024,Enterprise,WH_EAST,Standard,Furniture,829.89,2026-03-29 08:53:00,2026-04-09 12:34:00,267.68,1,0,0
ORD03598,CUST0572,SMB,WH_NORTH,Priority,Office Supplies,4046.9,2026-01-25 12:38:00,2026-01-30 11:44:00,119.1,0,0,0
ORD03599,CUST0391,SMB,WH_NORTH,Express,Industrial,2365.91,2026-01-17 08:36:00,2026-01-23 08:06:00,143.5,0,0,0
ORD03600,CUST0897,SMB,WH_SOUTH,Priority,Furniture,1507.22,2026-03-19 15:39:00,2026-03-23 17:15:00,97.6,0,0,0
ORD03601,CUST0365,Enterprise,WH_WEST,Priority,Industrial,935.29,2026-03-11 08:40:00,2026-03-16 17:03:00,128.38,0,0,0
ORD03602,CUST0864,SMB,WH_WEST,Express,Industrial,1017.1,2026-04-21 10:58:00,2026-04-28 04:04:00,161.1,0,1,0
ORD03603,CUST0240,Retail,WH_WEST,Standard,Office Supplies,9319.36,2026-01-17 13:39:00,2026-01-25 12:36:00,190.95,1,1,0
ORD03604,CUST0267,SMB,WH_WEST,Express,Electronics,1809.03,2026-04-23 12:33:00,2026-05-01 00:41:00,180.13,1,0,0
ORD03605,CUST0790,Retail,WH_SOUTH,Express,Electronics,3380.25,2026-05-30 16:06:00,2026-06-03 23:10:00,103.07,0,0,0
ORD03606,CUST0474,SMB,WH_WEST,Priority,Industrial,960.33,2026-01-23 11:23:00,2026-02-01 07:54:00,212.52,1,0,0
ORD03607,CUST0514,Enterprise,WH_WEST,Priority,Industrial,968.86,2026-06-18 17:50:00,2026-06-27 23:43:00,221.88,1,0,0
ORD03608,CUST0306,Enterprise,WH_NORTH,Priority,Electronics,4296.64,2026-04-17 10:40:00,2026-04-26 17:33:00,222.88,1,0,1
ORD03609,CUST0752,Retail,WH_SOUTH,Priority,Office Supplies,614.21,2026-04-27 11:29:00,2026-05-02 12:19:00,120.83,0,0,0
ORD03610,CUST0842,SMB,WH_NORTH,Priority,Electronics,1297.03,2026-05-07 15:08:00,2026-05-12 01:47:00,106.65,0,0,0
ORD03611,CUST0779,Enterprise,WH_NORTH,Priority,Office Supplies,1857.94,2026-02-11 13:07:00,2026-02-20 03:31:00,206.4,1,0,0
ORD03612,CUST0727,SMB,WH_EAST,Standard,Clothing,1976.53,2026-04-07 13:03:00,2026-04-11 19:12:00,102.15,0,1,0
ORD03613,CUST0147,Enterprise,WH_NORTH,Priority,Electronics,1566.7,2026-03-23 10:25:00,2026-03-30 15:34:00,173.15,1,0,0
ORD03614,CUST0827,SMB,WH_NORTH,Priority,Industrial,2481.59,2026-03-04 14:21:00,2026-03-10 18:24:00,148.05,0,0,0
ORD03615,CUST0111,Enterprise,WH_NORTH,Priority,Office Supplies,3147.25,2026-01-21 15:32:00,2026-01-28 07:11:00,159.65,0,0,0
ORD03616,CUST0420,Retail,WH_EAST,Priority,Electronics,3254.23,2026-05-15 16:56:00,2026-05-18 16:21:00,71.42,0,0,0
ORD03617,CUST0914,SMB,WH_WEST,Priority,Clothing,821.68,2026-05-27 11:39:00,2026-06-01 15:54:00,124.25,0,0,0
ORD03618,CUST0315,SMB,WH_SOUTH,Standard,Furniture,1440.4,2026-05-13 16:21:00,2026-05-23 12:00:00,235.65,1,0,1
ORD03619,CUST0596,Enterprise,WH_NORTH,Priority,Office Supplies,4702.32,2026-01-18 16:27:00,2026-01-23 09:49:00,113.37,0,1,0
ORD03620,CUST0136,Retail,WH_WEST,Priority,Furniture,3698.63,2026-05-15 17:29:00,2026-05-23 12:43:00,187.23,1,0,0
ORD03621,CUST0486,Enterprise,WH_WEST,Standard,Furniture,602.88,2026-01-27 08:45:00,2026-02-03 03:39:00,162.9,0,0,0
ORD03622,CUST0888,Enterprise,WH_WEST,Priority,Electronics,2395.11,2026-04-14 16:16:00,2026-04-23 02:22:00,202.1,1,0,0
ORD03623,CUST0598,Enterprise,WH_WEST,Express,Clothing,371.45,2026-04-03 14:31:00,2026-04-08 06:52:00,112.35,0,0,0
ORD03624,CUST0695,Enterprise,WH_SOUTH,Priority,Office Supplies,1877.22,2026-01-22 11:37:00,2026-01-27 19:36:00,127.98,0,0,0
ORD03625,CUST0793,SMB,WH_NORTH,Standard,Electronics,8252.02,2026-02-25 13:01:00,2026-03-04 11:26:00,166.42,0,0,0
ORD03626,CUST0437,SMB,WH_WEST,Express,Clothing,846.99,2026-05-06 11:10:00,2026-05-13 18:52:00,175.7,1,0,0
ORD03627,CUST0044,Enterprise,WH_EAST,Priority,Furniture,927.55,2026-05-20 09:30:00,2026-05-28 23:39:00,206.15,1,0,0
ORD03628,CUST0042,SMB,WH_NORTH,Standard,Office Supplies,3331.65,2026-06-24 13:20:00,2026-06-28 21:50:00,104.5,0,0,0
ORD03629,CUST0550,SMB,WH_NORTH,Priority,Furniture,526.24,2026-03-11 10:15:00,2026-03-14 20:27:00,82.2,0,0,0
ORD03630,CUST0565,Retail,WH_WEST,Express,Office Supplies,1089.85,2026-05-27 08:23:00,2026-05-31 03:32:00,91.15,0,0,0
ORD03631,CUST0069,Enterprise,WH_NORTH,Priority,Clothing,2913.62,2026-04-13 15:02:00,2026-04-21 20:21:00,197.32,1,0,0
ORD03632,CUST0511,Retail,WH_NORTH,Express,Furniture,1088.52,2026-01-19 16:23:00,2026-01-28 08:15:00,207.87,1,0,1
ORD03633,CUST0997,Retail,WH_EAST,Standard,Electronics,1497.01,2026-05-02 13:10:00,2026-05-07 08:58:00,115.8,0,1,0
ORD03634,CUST0155,SMB,WH_WEST,Standard,Electronics,3279.18,2026-04-03 11:12:00,2026-04-09 15:08:00,147.93,0,0,0
ORD03635,CUST0515,Retail,WH_NORTH,Standard,Office Supplies,2533.2,2026-05-06 12:57:00,2026-05-13 01:10:00,156.22,0,1,0
ORD03636,CUST0983,Retail,WH_SOUTH,Express,Industrial,2238.26,2026-01-11 11:20:00,2026-01-18 12:11:00,168.85,1,0,0
ORD03637,CUST0294,Enterprise,WH_WEST,Priority,Furniture,1378.43,2026-06-14 11:14:00,2026-06-24 08:20:00,237.1,1,0,0
ORD03638,CUST0541,SMB,WH_SOUTH,Priority,Clothing,2430.98,2026-06-21 09:52:00,2026-06-25 13:01:00,99.15,0,1,0
ORD03639,CUST0287,Enterprise,WH_NORTH,Priority,Industrial,1637.64,2026-02-27 13:51:00,2026-03-08 07:14:00,209.38,1,0,0
ORD03640,CUST0037,Retail,WH_NORTH,Standard,Office Supplies,2607.75,2026-03-01 14:28:00,2026-03-09 10:05:00,187.62,1,0,0
ORD03641,CUST0145,Enterprise,WH_WEST,Express,Furniture,1214.95,2026-04-20 16:12:00,2026-04-28 11:00:00,186.8,1,0,0
ORD03642,CUST0555,Enterprise,WH_EAST,Standard,Office Supplies,1562.35,2026-02-20 09:06:00,2026-02-28 20:06:00,203.0,1,0,0
ORD03643,CUST0096,Retail,WH_EAST,Priority,Electronics,818.96,2026-06-16 16:14:00,2026-06-19 21:13:00,76.98,0,0,0
ORD03644,CUST0724,Retail,WH_SOUTH,Express,Electronics,1758.11,2026-01-20 11:28:00,2026-01-28 14:38:00,195.17,1,1,0
ORD03645,CUST0794,SMB,WH_NORTH,Priority,Industrial,945.01,2026-06-11 16:44:00,2026-06-18 11:39:00,162.92,0,0,0
ORD03646,CUST0822,Retail,WH_SOUTH,Priority,Office Supplies,741.57,2026-05-11 15:20:00,2026-05-13 22:46:00,55.43,0,0,0
ORD03647,CUST0132,Retail,WH_EAST,Priority,Furniture,2223.7,2026-05-15 11:20:00,2026-05-19 07:56:00,92.6,0,0,0
ORD03648,CUST0057,Enterprise,WH_NORTH,Priority,Electronics,2143.49,2026-04-12 13:49:00,2026-04-19 01:59:00,156.17,0,0,0
ORD03649,CUST0076,Enterprise,WH_EAST,Priority,Industrial,3382.26,2026-03-17 12:59:00,2026-03-25 10:48:00,189.82,1,0,0
ORD03650,CUST0004,SMB,WH_EAST,Standard,Furniture,1280.62,2026-02-17 10:26:00,2026-02-25 19:13:00,200.78,1,0,0
ORD03651,CUST0252,Enterprise,WH_NORTH,Express,Furniture,2506.0,2026-05-24 16:33:00,2026-06-01 15:04:00,190.52,1,1,0
ORD03652,CUST0442,Enterprise,WH_NORTH,Standard,Office Supplies,2809.15,2026-05-06 10:47:00,2026-05-14 11:01:00,192.23,1,0,1
ORD03653,CUST0502,Retail,WH_EAST,Express,Electronics,2580.71,2026-03-14 10:44:00,2026-03-20 05:45:00,139.02,0,0,0
ORD03654,CUST0343,Enterprise,WH_SOUTH,Priority,Clothing,934.0,2026-02-05 10:58:00,2026-02-15 07:03:00,236.08,1,0,0
ORD03655,CUST0831,Enterprise,WH_SOUTH,Standard,Furniture,2037.52,2026-04-28 13:02:00,2026-05-05 22:03:00,177.02,1,0,0
ORD03656,CUST0084,Retail,WH_WEST,Priority,Industrial,2419.49,2026-04-09 11:47:00,2026-04-13 23:49:00,108.03,0,0,0
ORD03657,CUST0615,SMB,WH_NORTH,Standard,Electronics,1818.46,2026-02-24 16:39:00,2026-03-04 02:56:00,178.28,1,1,0
ORD03658,CUST0543,Enterprise,WH_WEST,Standard,Clothing,340.64,2026-02-06 10:14:00,2026-02-16 05:57:00,235.72,1,0,1
ORD03659,CUST0463,Enterprise,WH_WEST,Priority,Industrial,2055.74,2026-01-28 10:22:00,2026-02-01 13:14:00,98.87,0,0,1
ORD03660,CUST0722,SMB,WH_NORTH,Priority,Industrial,10615.02,2026-03-08 14:27:00,2026-03-14 18:24:00,147.95,0,0,0
ORD03661,CUST0114,SMB,WH_NORTH,Express,Industrial,1355.56,2026-01-30 10:17:00,2026-02-07 04:17:00,186.0,1,0,0
ORD03662,CUST0578,SMB,WH_SOUTH,Express,Office Supplies,1009.83,2026-06-23 08:11:00,2026-06-29 13:16:00,149.08,0,0,0
ORD03663,CUST0823,SMB,WH_EAST,Express,Furniture,2437.38,2026-03-17 12:51:00,2026-03-26 10:12:00,213.35,1,0,0
ORD03664,CUST0080,SMB,WH_SOUTH,Standard,Clothing,2321.35,2026-02-14 08:18:00,2026-02-23 15:45:00,223.45,1,0,0
ORD03665,CUST0466,Enterprise,WH_SOUTH,Standard,Furniture,4694.69,2026-01-13 11:02:00,2026-01-23 01:25:00,230.38,1,0,0
ORD03666,CUST0185,Retail,WH_SOUTH,Priority,Clothing,660.97,2026-01-16 17:39:00,2026-01-20 21:41:00,100.03,0,0,0
ORD03667,CUST0073,SMB,WH_EAST,Express,Office Supplies,3245.76,2026-01-14 14:24:00,2026-01-18 23:02:00,104.63,0,0,0
ORD03668,CUST0411,SMB,WH_EAST,Express,Furniture,2899.63,2026-05-04 08:17:00,2026-05-07 08:42:00,72.42,0,0,0
ORD03669,CUST0007,SMB,WH_EAST,Express,Electronics,1613.7,2026-04-15 17:13:00,2026-04-20 19:48:00,122.58,0,0,0
ORD03670,CUST0993,SMB,WH_SOUTH,Standard,Industrial,2370.72,2026-02-09 08:13:00,2026-02-14 09:17:00,121.07,0,1,0
ORD03671,CUST0248,SMB,WH_NORTH,Priority,Industrial,4119.83,2026-04-22 08:28:00,2026-04-27 15:06:00,126.63,0,1,1
ORD03672,CUST0281,Retail,WH_EAST,Priority,Office Supplies,3633.14,2026-01-18 14:05:00,2026-01-25 00:42:00,154.62,0,1,0
ORD03673,CUST0941,SMB,WH_EAST,Express,Electronics,724.57,2026-06-08 12:46:00,2026-06-15 23:16:00,178.5,1,0,1
ORD03674,CUST0899,SMB,WH_NORTH,Priority,Furniture,3484.66,2026-02-01 11:59:00,2026-02-05 13:22:00,97.38,0,0,0
ORD03675,CUST0759,SMB,WH_WEST,Express,Clothing,1716.85,2026-04-06 16:06:00,2026-04-12 15:17:00,143.18,0,0,0
ORD03676,CUST1000,SMB,WH_NORTH,Express,Industrial,1916.58,2026-03-19 08:40:00,2026-03-26 03:50:00,163.17,0,0,0
ORD03677,CUST0451,SMB,WH_NORTH,Standard,Furniture,1917.08,2026-06-28 17:33:00,2026-07-06 09:58:00,184.42,1,0,0
ORD03678,CUST0500,Retail,WH_EAST,Express,Clothing,1603.28,2026-01-09 08:49:00,2026-01-17 03:55:00,187.1,1,0,0
ORD03679,CUST0008,Retail,WH_EAST,Priority,Industrial,4690.84,2026-06-19 08:05:00,2026-06-25 08:36:00,144.52,0,0,0
ORD03680,CUST0069,Enterprise,WH_WEST,Priority,Electronics,1690.92,2026-02-14 14:58:00,2026-02-21 18:47:00,171.82,1,0,0
ORD03681,CUST0984,Retail,WH_NORTH,Express,Office Supplies,738.31,2026-01-06 12:17:00,2026-01-14 17:33:00,197.27,1,0,0
ORD03682,CUST0978,Retail,WH_SOUTH,Standard,Industrial,1319.72,2026-01-27 12:07:00,2026-02-03 03:52:00,159.75,0,1,0
ORD03683,CUST0980,Retail,WH_WEST,Priority,Furniture,2085.9,2026-04-07 11:05:00,2026-04-13 02:56:00,135.85,0,0,0
ORD03684,CUST0967,Enterprise,WH_SOUTH,Priority,Furniture,4833.72,2026-05-20 13:10:00,2026-05-28 17:39:00,196.48,1,0,0
ORD03685,CUST0838,Retail,WH_WEST,Priority,Electronics,2929.17,2026-03-07 17:46:00,2026-03-12 17:49:00,120.05,0,0,0
ORD03686,CUST0597,SMB,WH_EAST,Standard,Furniture,915.59,2026-05-12 12:22:00,2026-05-16 22:18:00,105.93,0,0,0
ORD03687,CUST0270,SMB,WH_WEST,Express,Furniture,13202.37,2026-04-24 11:00:00,2026-05-01 20:53:00,177.88,1,0,0
ORD03688,CUST0058,Enterprise,WH_NORTH,Express,Furniture,2234.61,2026-05-11 08:05:00,2026-05-16 13:56:00,125.85,0,0,0
ORD03689,CUST0503,Enterprise,WH_SOUTH,Priority,Office Supplies,5015.62,2026-06-08 08:27:00,2026-06-14 11:19:00,146.87,0,0,0
ORD03690,CUST0700,Enterprise,WH_WEST,Express,Electronics,1601.39,2026-04-27 10:51:00,2026-05-06 01:30:00,206.65,1,0,0
ORD03691,CUST0857,Retail,WH_NORTH,Express,Office Supplies,2770.23,2026-05-13 09:56:00,2026-05-18 23:56:00,134.0,0,0,0
ORD03692,CUST0693,Retail,WH_EAST,Standard,Furniture,3538.91,2026-05-29 12:26:00,2026-06-02 03:04:00,86.63,0,0,0
ORD03693,CUST0764,Enterprise,WH_NORTH,Standard,Office Supplies,4791.29,2026-02-10 08:59:00,2026-02-20 01:29:00,232.5,1,0,0
ORD03694,CUST0581,Enterprise,WH_NORTH,Express,Electronics,4212.85,2026-06-17 11:34:00,2026-06-27 00:37:00,229.05,1,0,0
ORD03695,CUST0818,SMB,WH_NORTH,Standard,Clothing,3632.79,2026-06-06 11:07:00,2026-06-12 10:22:00,143.25,0,0,0
ORD03696,CUST0536,Enterprise,WH_WEST,Standard,Electronics,1405.19,2026-01-25 08:12:00,2026-02-05 17:48:00,273.6,1,0,1
ORD03697,CUST0935,Enterprise,WH_WEST,Priority,Clothing,1144.36,2026-03-24 11:20:00,2026-04-02 02:12:00,206.87,1,0,0
ORD03698,CUST0202,Retail,WH_WEST,Express,Industrial,2359.22,2026-01-10 16:04:00,2026-01-15 01:14:00,105.17,0,0,0
ORD03699,CUST0421,SMB,WH_NORTH,Priority,Clothing,3814.26,2026-04-12 12:57:00,2026-04-19 09:56:00,164.98,0,0,0
ORD03700,CUST0978,SMB,WH_WEST,Standard,Industrial,1512.96,2026-03-23 15:59:00,2026-04-02 16:12:00,240.22,1,0,0
ORD03701,CUST0582,SMB,WH_EAST,Express,Clothing,4239.23,2026-01-03 09:42:00,2026-01-07 17:45:00,104.05,0,0,0
ORD03702,CUST0370,SMB,WH_EAST,Standard,Office Supplies,5779.62,2026-02-18 10:17:00,2026-02-27 17:13:00,222.93,1,0,0
ORD03703,CUST0108,Enterprise,WH_EAST,Standard,Electronics,868.65,2026-02-08 11:36:00,2026-02-17 10:51:00,215.25,1,1,0
ORD03704,CUST0580,Enterprise,WH_EAST,Standard,Electronics,925.62,2026-06-01 14:56:00,2026-06-11 22:45:00,247.82,1,1,1
ORD03705,CUST0623,SMB,WH_WEST,Priority,Industrial,1615.98,2026-04-23 17:13:00,2026-04-26 01:33:00,56.33,0,0,0
ORD03706,CUST0732,SMB,WH_NORTH,Priority,Office Supplies,2312.51,2026-06-16 12:54:00,2026-06-23 01:22:00,156.47,0,0,0
ORD03707,CUST0526,Enterprise,WH_WEST,Standard,Electronics,1188.38,2026-01-22 11:23:00,2026-01-29 11:33:00,168.17,1,0,0
ORD03708,CUST0955,Enterprise,WH_WEST,Standard,Industrial,5333.5,2026-05-09 10:14:00,2026-05-18 21:48:00,227.57,1,0,0
ORD03709,CUST0295,Retail,WH_NORTH,Standard,Office Supplies,2538.31,2026-05-03 17:39:00,2026-05-12 22:02:00,220.38,1,1,0
ORD03710,CUST0714,Enterprise,WH_NORTH,Express,Furniture,1866.01,2026-05-07 13:44:00,2026-05-16 00:06:00,202.37,1,0,0
ORD03711,CUST0794,Enterprise,WH_SOUTH,Standard,Industrial,573.22,2026-02-14 16:06:00,2026-02-22 17:14:00,193.13,1,0,0
ORD03712,CUST0397,Retail,WH_NORTH,Priority,Industrial,631.03,2026-04-28 09:37:00,2026-05-04 21:40:00,156.05,0,0,0
ORD03713,CUST0502,SMB,WH_NORTH,Standard,Industrial,2263.82,2026-05-20 10:26:00,2026-05-28 13:32:00,195.1,1,0,1
ORD03714,CUST0127,Retail,WH_WEST,Standard,Office Supplies,328.3,2026-04-14 10:29:00,2026-04-23 10:34:00,216.08,1,0,0
ORD03715,CUST0753,SMB,WH_NORTH,Priority,Clothing,4064.76,2026-01-03 13:19:00,2026-01-11 11:40:00,190.35,1,0,0
ORD03716,CUST0898,SMB,WH_SOUTH,Standard,Electronics,1593.16,2026-03-11 12:39:00,2026-03-17 07:33:00,138.9,0,0,0
ORD03717,CUST0704,Retail,WH_EAST,Priority,Furniture,24208.87,2026-02-25 17:43:00,2026-03-01 16:13:00,94.5,0,0,0
ORD03718,CUST0725,Enterprise,WH_WEST,Standard,Office Supplies,11456.73,2026-01-17 10:33:00,2026-01-29 02:18:00,279.75,1,0,0
ORD03719,CUST0961,SMB,WH_SOUTH,Express,Furniture,1563.75,2026-04-22 14:49:00,2026-04-28 04:47:00,133.97,0,0,0
ORD03720,CUST0246,Enterprise,WH_EAST,Express,Electronics,1660.59,2026-06-29 14:09:00,2026-07-05 07:51:00,137.7,0,0,0
ORD03721,CUST0235,Retail,WH_NORTH,Standard,Industrial,4009.67,2026-04-13 14:58:00,2026-04-17 10:00:00,91.03,0,0,0
ORD03722,CUST0078,Retail,WH_EAST,Standard,Industrial,7062.38,2026-05-22 09:03:00,2026-05-29 17:17:00,176.23,1,0,0
ORD03723,CUST0487,Enterprise,WH_EAST,Express,Clothing,487.64,2026-02-23 10:11:00,2026-03-04 23:12:00,229.02,1,0,0
ORD03724,CUST0610,Retail,WH_EAST,Express,Office Supplies,433.07,2026-05-04 08:51:00,2026-05-10 09:25:00,144.57,0,0,1
ORD03725,CUST0109,Retail,WH_EAST,Express,Industrial,1099.24,2026-06-06 13:43:00,2026-06-14 15:01:00,193.3,1,0,0
ORD03726,CUST0340,SMB,WH_WEST,Express,Clothing,2881.86,2026-05-28 14:40:00,2026-05-31 21:12:00,78.53,0,0,0
ORD03727,CUST0879,Enterprise,WH_EAST,Express,Clothing,2690.54,2026-03-16 13:05:00,2026-03-25 00:53:00,203.8,1,1,0
ORD03728,CUST0310,SMB,WH_SOUTH,Priority,Electronics,4254.86,2026-04-29 16:42:00,2026-05-05 06:17:00,133.58,0,0,0
ORD03729,CUST0418,Retail,WH_SOUTH,Standard,Electronics,692.45,2026-05-30 11:52:00,2026-06-03 17:48:00,101.93,0,0,0
ORD03730,CUST0695,SMB,WH_EAST,Express,Industrial,283.46,2026-01-19 16:24:00,2026-01-24 19:33:00,123.15,0,0,1
ORD03731,CUST0326,Retail,WH_EAST,Express,Electronics,3591.81,2026-03-14 10:29:00,2026-03-21 01:04:00,158.58,0,0,0
ORD03732,CUST0220,Retail,WH_SOUTH,Express,Electronics,932.1,2026-02-12 14:26:00,2026-02-16 09:06:00,90.67,0,0,0
ORD03733,CUST0528,SMB,WH_EAST,Standard,Electronics,359.68,2026-01-20 09:40:00,2026-01-24 16:23:00,102.72,0,1,0
ORD03734,CUST0662,Enterprise,WH_EAST,Standard,Clothing,2030.53,2026-04-02 10:55:00,2026-04-11 10:54:00,215.98,1,0,0
ORD03735,CUST0344,Retail,WH_NORTH,Priority,Office Supplies,3410.25,2026-04-05 12:46:00,2026-04-09 06:53:00,90.12,0,0,0
ORD03736,CUST0214,SMB,WH_NORTH,Express,Office Supplies,1639.84,2026-05-17 14:14:00,2026-05-22 04:06:00,109.87,0,0,0
ORD03737,CUST0878,SMB,WH_WEST,Express,Electronics,1253.53,2026-01-15 13:26:00,2026-01-19 14:05:00,96.65,0,0,0
ORD03738,CUST0724,SMB,WH_NORTH,Standard,Office Supplies,1591.62,2026-04-16 10:39:00,2026-04-21 10:26:00,119.78,0,0,0
ORD03739,CUST0009,Enterprise,WH_NORTH,Express,Clothing,1344.17,2026-06-10 17:43:00,2026-06-20 00:20:00,222.62,1,0,0
ORD03740,CUST0948,SMB,WH_NORTH,Express,Clothing,614.96,2026-04-09 10:44:00,2026-04-16 22:58:00,180.23,1,0,0
ORD03741,CUST0523,Retail,WH_EAST,Priority,Electronics,1020.71,2026-05-29 13:07:00,2026-06-02 02:08:00,85.02,0,0,0
ORD03742,CUST0400,Enterprise,WH_WEST,Priority,Clothing,2743.59,2026-01-25 08:14:00,2026-02-04 06:42:00,238.47,1,1,0
ORD03743,CUST0567,Retail,WH_WEST,Standard,Industrial,2338.68,2026-03-17 09:03:00,2026-03-25 18:38:00,201.58,1,0,1
ORD03744,CUST0360,SMB,WH_NORTH,Priority,Industrial,2068.23,2026-01-10 11:16:00,2026-01-16 10:42:00,143.43,0,0,0
ORD03745,CUST0837,Retail,WH_WEST,Standard,Clothing,815.57,2026-05-17 11:41:00,2026-05-25 04:32:00,184.85,1,0,0
ORD03746,CUST0214,Retail,WH_SOUTH,Express,Furniture,1563.68,2026-04-07 17:41:00,2026-04-11 11:49:00,90.13,0,0,0
ORD03747,CUST0666,SMB,WH_WEST,Standard,Industrial,316.82,2026-03-17 11:45:00,2026-03-23 04:53:00,137.13,0,0,0
ORD03748,CUST0468,SMB,WH_SOUTH,Express,Furniture,2085.54,2026-06-09 11:02:00,2026-06-12 21:41:00,82.65,0,0,0
ORD03749,CUST0377,Retail,WH_EAST,Standard,Industrial,5670.8,2026-05-06 11:07:00,2026-05-13 17:55:00,174.8,1,0,0
ORD03750,CUST0430,Retail,WH_NORTH,Priority,Industrial,555.96,2026-01-11 15:12:00,2026-01-20 01:03:00,201.85,1,0,0
ORD03751,CUST0961,Enterprise,WH_WEST,Express,Office Supplies,1131.45,2026-03-17 09:09:00,2026-03-23 15:56:00,150.78,0,0,0
ORD03752,CUST0424,Retail,WH_SOUTH,Express,Electronics,2352.62,2026-04-22 08:12:00,2026-04-29 09:52:00,169.67,1,1,0
ORD03753,CUST0862,Enterprise,WH_EAST,Standard,Furniture,4925.96,2026-05-03 12:06:00,2026-05-12 22:15:00,226.15,1,0,0
ORD03754,CUST0081,SMB,WH_NORTH,Priority,Office Supplies,1263.22,2026-04-09 10:38:00,2026-04-12 23:50:00,85.2,0,0,0
ORD03755,CUST0776,Retail,WH_SOUTH,Priority,Electronics,1039.19,2026-06-10 14:27:00,2026-06-17 11:38:00,165.18,0,0,0
ORD03756,CUST0556,Enterprise,WH_WEST,Standard,Industrial,374.23,2026-02-07 09:23:00,2026-02-13 20:56:00,155.55,0,0,0
ORD03757,CUST0168,SMB,WH_WEST,Priority,Furniture,1964.02,2026-02-26 10:28:00,2026-03-03 21:24:00,130.93,0,0,0
ORD03758,CUST0982,Enterprise,WH_EAST,Priority,Furniture,9261.87,2026-02-08 13:12:00,2026-02-15 05:05:00,159.88,0,0,0
ORD03759,CUST0294,SMB,WH_EAST,Priority,Industrial,2257.21,2026-02-04 14:02:00,2026-02-07 07:54:00,65.87,0,0,0
ORD03760,CUST0226,SMB,WH_EAST,Express,Clothing,1776.1,2026-03-12 17:36:00,2026-03-16 07:36:00,86.0,0,0,0
ORD03761,CUST0921,Enterprise,WH_SOUTH,Express,Electronics,2339.44,2026-06-15 15:26:00,2026-06-22 01:08:00,153.7,0,0,0
ORD03762,CUST0097,SMB,WH_SOUTH,Express,Furniture,1792.07,2026-06-17 16:06:00,2026-06-20 16:12:00,72.1,0,0,0
ORD03763,CUST0365,Retail,WH_EAST,Express,Electronics,943.49,2026-03-12 11:55:00,2026-03-17 19:56:00,128.02,0,0,0
ORD03764,CUST0638,SMB,WH_SOUTH,Standard,Furniture,3493.38,2026-03-03 11:59:00,2026-03-11 13:46:00,193.78,1,0,0
ORD03765,CUST0308,Enterprise,WH_EAST,Express,Furniture,2165.94,2026-02-08 13:29:00,2026-02-18 06:13:00,232.73,1,0,0
ORD03766,CUST0150,Enterprise,WH_WEST,Express,Electronics,1833.7,2026-05-05 08:04:00,2026-05-16 00:34:00,256.5,1,0,1
ORD03767,CUST0632,Enterprise,WH_SOUTH,Express,Office Supplies,828.57,2026-03-27 16:30:00,2026-04-04 15:12:00,190.7,1,0,0
ORD03768,CUST0693,SMB,WH_SOUTH,Priority,Furniture,5129.72,2026-04-24 17:52:00,2026-05-01 15:27:00,165.58,0,0,0
ORD03769,CUST0760,Enterprise,WH_EAST,Standard,Furniture,3077.16,2026-02-19 13:30:00,2026-03-01 21:51:00,248.35,1,0,0
ORD03770,CUST0386,Retail,WH_SOUTH,Express,Furniture,1161.73,2026-04-12 12:19:00,2026-04-18 06:44:00,138.42,0,0,0
ORD03771,CUST0125,SMB,WH_SOUTH,Priority,Electronics,4029.75,2026-05-19 17:52:00,2026-05-25 07:10:00,133.3,0,0,0
ORD03772,CUST0742,SMB,WH_NORTH,Express,Clothing,1214.32,2026-02-03 13:53:00,2026-02-08 02:57:00,109.07,0,0,0
ORD03773,CUST0053,Enterprise,WH_WEST,Priority,Industrial,967.19,2026-04-15 08:42:00,2026-04-22 06:11:00,165.48,0,0,0
ORD03774,CUST0214,Enterprise,WH_NORTH,Priority,Office Supplies,984.6,2026-02-02 16:52:00,2026-02-10 03:12:00,178.33,1,0,0
ORD03775,CUST0141,SMB,WH_NORTH,Priority,Clothing,438.41,2026-01-02 14:59:00,2026-01-08 23:23:00,152.4,0,0,0
ORD03776,CUST0690,Enterprise,WH_EAST,Standard,Electronics,2636.57,2026-05-30 09:56:00,2026-06-08 07:04:00,213.13,1,0,0
ORD03777,CUST0063,Retail,WH_WEST,Priority,Electronics,417.83,2026-02-13 15:29:00,2026-02-18 23:45:00,128.27,0,0,0
ORD03778,CUST0420,SMB,WH_SOUTH,Standard,Clothing,676.71,2026-06-09 09:18:00,2026-06-17 03:12:00,185.9,1,0,0
ORD03779,CUST0511,Retail,WH_SOUTH,Standard,Electronics,343.62,2026-03-02 15:08:00,2026-03-07 21:16:00,126.13,0,0,0
ORD03780,CUST0054,SMB,WH_WEST,Express,Clothing,1687.74,2026-02-07 17:02:00,2026-02-12 03:38:00,106.6,0,0,0
ORD03781,CUST0847,SMB,WH_SOUTH,Standard,Electronics,1603.18,2026-02-22 08:31:00,2026-03-02 03:01:00,186.5,1,0,0
ORD03782,CUST0104,Retail,WH_SOUTH,Express,Industrial,1392.2,2026-06-06 16:42:00,2026-06-10 18:43:00,98.02,0,0,0
ORD03783,CUST0696,SMB,WH_EAST,Standard,Electronics,785.2,2026-01-23 12:57:00,2026-01-27 10:52:00,93.92,0,0,0
ORD03784,CUST0478,Retail,WH_WEST,Standard,Furniture,707.84,2026-06-26 16:37:00,2026-07-05 13:56:00,213.32,1,0,0
ORD03785,CUST0530,SMB,WH_NORTH,Standard,Electronics,2621.48,2026-03-12 10:30:00,2026-03-20 05:09:00,186.65,1,0,0
ORD03786,CUST0224,Enterprise,WH_EAST,Priority,Furniture,1163.93,2026-01-17 12:11:00,2026-01-26 11:12:00,215.02,1,0,0
ORD03787,CUST0007,Retail,WH_NORTH,Priority,Clothing,2328.75,2026-01-17 10:50:00,2026-01-25 00:41:00,181.85,1,0,0
ORD03788,CUST0003,Enterprise,WH_SOUTH,Priority,Office Supplies,890.52,2026-06-21 15:38:00,2026-06-27 18:35:00,146.95,0,0,0
ORD03789,CUST0565,Enterprise,WH_EAST,Express,Furniture,2089.86,2026-04-01 09:31:00,2026-04-06 23:21:00,133.83,0,0,0
ORD03790,CUST0897,Enterprise,WH_WEST,Standard,Electronics,5128.78,2026-01-27 14:05:00,2026-02-05 02:18:00,204.22,1,0,0
ORD03791,CUST0707,Enterprise,WH_NORTH,Priority,Furniture,2889.77,2026-05-27 14:30:00,2026-06-05 16:09:00,217.65,1,0,1
ORD03792,CUST0242,SMB,WH_EAST,Express,Clothing,1299.93,2026-05-28 08:34:00,2026-06-03 09:48:00,145.23,0,0,0
ORD03793,CUST0157,Retail,WH_SOUTH,Express,Industrial,2221.1,2026-05-31 14:14:00,2026-06-05 12:32:00,118.3,0,0,0
ORD03794,CUST0721,SMB,WH_SOUTH,Standard,Clothing,1491.4,2026-02-20 08:38:00,2026-02-26 06:46:00,142.13,0,0,0
ORD03795,CUST0553,Enterprise,WH_NORTH,Standard,Office Supplies,1819.48,2026-06-07 15:15:00,2026-06-19 00:41:00,273.43,1,0,0
ORD03796,CUST0630,Enterprise,WH_NORTH,Standard,Industrial,1393.41,2026-05-26 15:49:00,2026-06-03 18:42:00,194.88,1,0,0
ORD03797,CUST0021,Retail,WH_EAST,Express,Furniture,1585.3,2026-03-12 14:39:00,2026-03-19 06:07:00,159.47,0,0,0
ORD03798,CUST0733,Enterprise,WH_EAST,Priority,Furniture,2142.38,2026-06-19 15:02:00,2026-07-01 02:35:00,275.55,1,0,0
ORD03799,CUST0054,SMB,WH_WEST,Standard,Clothing,816.73,2026-03-04 16:11:00,2026-03-12 07:42:00,183.52,1,0,0
ORD03800,CUST0227,Retail,WH_NORTH,Standard,Furniture,802.15,2026-06-29 15:46:00,2026-07-08 20:39:00,220.88,1,0,0
ORD03801,CUST0954,Retail,WH_NORTH,Priority,Industrial,595.36,2026-05-01 12:23:00,2026-05-08 04:42:00,160.32,0,1,0
ORD03802,CUST0341,SMB,WH_WEST,Express,Industrial,502.59,2026-06-20 16:07:00,2026-06-25 06:33:00,110.43,0,0,1
ORD03803,CUST0494,Enterprise,WH_EAST,Priority,Office Supplies,682.78,2026-02-22 16:29:00,2026-02-27 17:43:00,121.23,0,0,0
ORD03804,CUST0572,SMB,WH_EAST,Priority,Furniture,2054.05,2026-03-05 10:34:00,2026-03-11 08:55:00,142.35,0,1,0
ORD03805,CUST0557,Retail,WH_SOUTH,Priority,Clothing,885.16,2026-03-08 11:17:00,2026-03-12 21:38:00,106.35,0,0,0
ORD03806,CUST0777,Enterprise,WH_EAST,Express,Office Supplies,2726.82,2026-05-16 15:50:00,2026-05-23 01:25:00,153.58,0,0,0
ORD03807,CUST0105,Enterprise,WH_EAST,Priority,Industrial,1858.96,2026-02-05 11:53:00,2026-02-11 03:02:00,135.15,0,0,0
ORD03808,CUST0457,Enterprise,WH_WEST,Priority,Furniture,374.35,2026-03-25 16:03:00,2026-03-30 00:51:00,104.8,0,0,0
ORD03809,CUST0968,Enterprise,WH_EAST,Express,Clothing,3053.31,2026-04-16 15:17:00,2026-04-23 17:38:00,170.35,1,0,0
ORD03810,CUST0544,SMB,WH_NORTH,Priority,Office Supplies,3458.67,2026-06-06 09:38:00,2026-06-11 13:12:00,123.57,0,0,0
ORD03811,CUST0523,SMB,WH_NORTH,Express,Electronics,816.4,2026-01-30 11:53:00,2026-02-08 01:26:00,205.55,1,0,0
ORD03812,CUST0610,Enterprise,WH_WEST,Express,Industrial,2530.45,2026-05-29 15:13:00,2026-06-05 05:20:00,158.12,0,0,0
ORD03813,CUST0010,Enterprise,WH_SOUTH,Standard,Furniture,911.24,2026-01-19 09:14:00,2026-01-29 20:53:00,251.65,1,0,0
ORD03814,CUST0164,Enterprise,WH_EAST,Express,Office Supplies,1954.98,2026-03-29 16:42:00,2026-04-04 23:00:00,150.3,0,0,0
ORD03815,CUST0373,SMB,WH_SOUTH,Express,Clothing,657.47,2026-05-26 10:57:00,2026-06-02 21:45:00,178.8,1,1,0
ORD03816,CUST0416,Enterprise,WH_EAST,Standard,Office Supplies,430.74,2026-06-20 08:53:00,2026-06-28 05:19:00,188.43,1,0,0
ORD03817,CUST0893,Retail,WH_NORTH,Priority,Furniture,1331.08,2026-05-04 09:20:00,2026-05-11 09:06:00,167.77,0,0,0
ORD03818,CUST0115,Enterprise,WH_WEST,Express,Office Supplies,1637.65,2026-01-17 11:48:00,2026-01-21 01:15:00,85.45,0,0,0
ORD03819,CUST0322,Retail,WH_WEST,Priority,Furniture,1315.35,2026-04-04 12:11:00,2026-04-09 16:49:00,124.63,0,0,0
ORD03820,CUST0024,SMB,WH_NORTH,Express,Office Supplies,701.19,2026-05-26 15:38:00,2026-06-03 03:53:00,180.25,1,0,0
ORD03821,CUST0313,SMB,WH_WEST,Express,Electronics,1313.01,2026-04-14 13:48:00,2026-04-20 00:33:00,130.75,0,1,0
ORD03822,CUST0854,Retail,WH_NORTH,Express,Furniture,2242.7,2026-02-07 12:29:00,2026-02-14 06:21:00,161.87,0,0,0
ORD03823,CUST0495,SMB,WH_SOUTH,Express,Electronics,1744.26,2026-05-24 17:15:00,2026-05-29 20:07:00,122.87,0,0,0
ORD03824,CUST0164,Retail,WH_WEST,Express,Clothing,2092.26,2026-06-19 14:19:00,2026-06-25 03:50:00,133.52,0,1,0
ORD03825,CUST0646,SMB,WH_EAST,Standard,Industrial,1057.76,2026-05-14 14:08:00,2026-05-18 02:57:00,84.82,0,0,0
ORD03826,CUST0505,Enterprise,WH_EAST,Express,Office Supplies,4616.42,2026-06-09 08:07:00,2026-06-19 21:40:00,253.55,1,0,1
ORD03827,CUST0196,SMB,WH_WEST,Express,Electronics,705.61,2026-06-21 17:47:00,2026-06-28 23:25:00,173.63,1,1,1
ORD03828,CUST0454,SMB,WH_WEST,Priority,Clothing,2670.57,2026-03-17 12:57:00,2026-03-21 18:49:00,101.87,0,0,0
ORD03829,CUST0028,Enterprise,WH_EAST,Priority,Electronics,4654.14,2026-05-14 12:35:00,2026-05-23 22:09:00,225.57,1,1,0
ORD03830,CUST0237,Enterprise,WH_EAST,Priority,Industrial,2656.4,2026-04-18 16:09:00,2026-04-28 02:59:00,226.83,1,0,0
ORD03831,CUST0321,Retail,WH_SOUTH,Standard,Clothing,1537.6,2026-01-08 14:58:00,2026-01-18 03:07:00,228.15,1,1,0
ORD03832,CUST0583,Retail,WH_SOUTH,Standard,Furniture,1184.84,2026-02-05 10:07:00,2026-02-14 08:04:00,213.95,1,0,0
ORD03833,CUST0998,Enterprise,WH_WEST,Priority,Furniture,4141.74,2026-06-22 14:01:00,2026-07-03 09:58:00,259.95,1,1,0
ORD03834,CUST0704,SMB,WH_WEST,Standard,Furniture,579.18,2026-03-04 16:25:00,2026-03-10 03:36:00,131.18,0,0,0
ORD03835,CUST0833,Retail,WH_EAST,Priority,Furniture,832.06,2026-04-12 17:05:00,2026-04-16 03:34:00,82.48,0,0,0
ORD03836,CUST0596,Retail,WH_NORTH,Standard,Office Supplies,1315.48,2026-05-18 09:58:00,2026-05-23 17:31:00,127.55,0,0,0
ORD03837,CUST0939,Enterprise,WH_NORTH,Priority,Furniture,4866.46,2026-02-26 14:49:00,2026-03-03 09:08:00,114.32,0,0,0
ORD03838,CUST0687,Retail,WH_SOUTH,Priority,Industrial,2449.93,2026-06-17 12:37:00,2026-06-22 11:54:00,119.28,0,0,0
ORD03839,CUST0074,Enterprise,WH_NORTH,Standard,Electronics,833.44,2026-05-19 13:22:00,2026-05-30 06:01:00,256.65,1,0,0
ORD03840,CUST0496,Retail,WH_EAST,Standard,Industrial,1410.58,2026-06-06 10:15:00,2026-06-12 15:52:00,149.62,0,0,0
ORD03841,CUST0949,Retail,WH_NORTH,Express,Furniture,1106.04,2026-04-09 14:52:00,2026-04-17 01:44:00,178.87,1,0,0
ORD03842,CUST0146,Enterprise,WH_EAST,Priority,Clothing,1024.71,2026-04-10 11:37:00,2026-04-20 15:21:00,243.73,1,0,0
ORD03843,CUST0794,SMB,WH_SOUTH,Standard,Clothing,3956.49,2026-03-07 12:35:00,2026-03-14 09:13:00,164.63,0,0,0
ORD03844,CUST0653,SMB,WH_WEST,Standard,Office Supplies,603.42,2026-04-10 15:20:00,2026-04-19 15:50:00,216.5,1,0,0
ORD03845,CUST0108,Retail,WH_WEST,Standard,Industrial,6548.72,2026-04-01 13:54:00,2026-04-07 01:07:00,131.22,0,0,0
ORD03846,CUST0014,SMB,WH_WEST,Express,Industrial,3507.24,2026-05-27 14:25:00,2026-06-03 21:47:00,175.37,1,0,0
ORD03847,CUST0765,Enterprise,WH_SOUTH,Express,Office Supplies,4327.26,2026-04-09 14:43:00,2026-04-17 08:21:00,185.63,1,1,0
ORD03848,CUST0937,SMB,WH_NORTH,Priority,Office Supplies,1248.44,2026-02-12 13:53:00,2026-02-15 23:22:00,81.48,0,0,0
ORD03849,CUST0646,SMB,WH_SOUTH,Standard,Clothing,1603.67,2026-06-24 16:00:00,2026-06-29 18:27:00,122.45,0,0,0
ORD03850,CUST0155,Retail,WH_WEST,Express,Furniture,574.49,2026-06-22 14:12:00,2026-06-26 05:35:00,87.38,0,0,0
ORD03851,CUST0307,Enterprise,WH_NORTH,Standard,Electronics,1188.29,2026-01-19 17:01:00,2026-01-29 05:28:00,228.45,1,0,0
ORD03852,CUST0119,SMB,WH_EAST,Priority,Clothing,2683.63,2026-05-30 15:49:00,2026-06-07 07:07:00,183.3,1,0,1
ORD03853,CUST0434,SMB,WH_WEST,Priority,Industrial,5099.26,2026-06-29 09:39:00,2026-07-02 07:41:00,70.03,0,0,0
ORD03854,CUST0825,Retail,WH_WEST,Express,Industrial,745.66,2026-04-13 08:12:00,2026-04-19 15:50:00,151.63,0,0,0
ORD03855,CUST0093,SMB,WH_SOUTH,Express,Industrial,1349.64,2026-05-26 16:35:00,2026-05-29 12:46:00,68.18,0,0,1
ORD03856,CUST0978,SMB,WH_WEST,Express,Clothing,1601.92,2026-04-13 15:55:00,2026-04-18 05:40:00,109.75,0,1,0
ORD03857,CUST0197,Enterprise,WH_EAST,Standard,Industrial,591.92,2026-02-20 16:26:00,2026-03-03 08:36:00,256.17,1,0,0
ORD03858,CUST0915,Retail,WH_NORTH,Priority,Industrial,2901.78,2026-02-19 16:42:00,2026-02-27 07:29:00,182.78,1,1,0
ORD03859,CUST0289,Retail,WH_WEST,Standard,Clothing,1013.14,2026-05-07 17:10:00,2026-05-15 09:07:00,183.95,1,0,0
ORD03860,CUST0336,Enterprise,WH_WEST,Priority,Clothing,1546.4,2026-01-29 17:22:00,2026-02-07 21:54:00,220.53,1,0,0
ORD03861,CUST0525,Retail,WH_WEST,Priority,Industrial,1259.46,2026-06-27 15:44:00,2026-07-04 17:25:00,169.68,1,0,0
ORD03862,CUST0447,Enterprise,WH_EAST,Standard,Industrial,961.53,2026-02-25 12:33:00,2026-03-08 00:03:00,251.5,1,0,0
ORD03863,CUST0127,Enterprise,WH_NORTH,Standard,Electronics,1797.88,2026-04-04 16:15:00,2026-04-14 10:13:00,233.97,1,0,0
ORD03864,CUST0977,SMB,WH_SOUTH,Express,Electronics,1521.59,2026-04-22 15:02:00,2026-04-26 08:49:00,89.78,0,0,0
ORD03865,CUST0097,Retail,WH_NORTH,Express,Industrial,1342.8,2026-06-29 08:50:00,2026-07-06 06:03:00,165.22,0,0,0
ORD03866,CUST0704,Retail,WH_EAST,Standard,Electronics,1009.52,2026-05-25 15:13:00,2026-06-03 05:42:00,206.48,1,1,0
ORD03867,CUST0303,Retail,WH_NORTH,Priority,Furniture,2334.66,2026-05-21 17:08:00,2026-05-27 17:00:00,143.87,0,0,0
ORD03868,CUST0298,Retail,WH_WEST,Standard,Furniture,6787.88,2026-02-05 14:49:00,2026-02-12 06:29:00,159.67,0,0,0
ORD03869,CUST0135,SMB,WH_WEST,Standard,Furniture,2022.14,2026-05-09 17:05:00,2026-05-16 09:29:00,160.4,0,0,1
ORD03870,CUST0707,SMB,WH_SOUTH,Standard,Furniture,4011.4,2026-03-01 17:13:00,2026-03-10 07:27:00,206.23,1,1,0
ORD03871,CUST0162,Retail,WH_SOUTH,Priority,Clothing,594.56,2026-05-24 17:28:00,2026-05-27 10:36:00,65.13,0,1,0
ORD03872,CUST0594,Enterprise,WH_NORTH,Standard,Furniture,2051.26,2026-03-21 14:19:00,2026-03-29 11:46:00,189.45,1,1,0
ORD03873,CUST0370,Retail,WH_NORTH,Standard,Electronics,751.53,2026-02-14 16:04:00,2026-02-19 20:06:00,124.03,0,0,0
ORD03874,CUST0784,SMB,WH_NORTH,Express,Office Supplies,554.72,2026-06-01 09:41:00,2026-06-05 01:43:00,88.03,0,0,0
ORD03875,CUST0689,SMB,WH_WEST,Express,Furniture,1000.75,2026-04-16 15:11:00,2026-04-21 17:30:00,122.32,0,0,0
ORD03876,CUST0562,SMB,WH_WEST,Priority,Office Supplies,4691.56,2026-06-26 15:45:00,2026-06-30 06:48:00,87.05,0,0,0
ORD03877,CUST0407,Enterprise,WH_SOUTH,Priority,Industrial,3866.14,2026-05-28 17:47:00,2026-06-03 23:40:00,149.88,0,0,0
ORD03878,CUST0462,SMB,WH_EAST,Express,Furniture,2196.02,2026-06-09 16:59:00,2026-06-12 07:20:00,62.35,0,0,0
ORD03879,CUST0846,Enterprise,WH_EAST,Standard,Electronics,530.51,2026-01-25 17:45:00,2026-02-05 05:33:00,251.8,1,0,0
ORD03880,CUST0820,Enterprise,WH_SOUTH,Express,Office Supplies,1545.3,2026-03-04 13:53:00,2026-03-14 11:55:00,238.03,1,0,0
ORD03881,CUST0603,Retail,WH_NORTH,Priority,Clothing,2301.6,2026-06-07 15:48:00,2026-06-11 03:32:00,83.73,0,0,0
ORD03882,CUST0806,Enterprise,WH_WEST,Standard,Furniture,2080.64,2026-06-14 16:42:00,2026-06-22 08:29:00,183.78,1,0,0
ORD03883,CUST0565,Retail,WH_SOUTH,Standard,Office Supplies,413.63,2026-02-11 11:06:00,2026-02-20 00:36:00,205.5,1,0,0
ORD03884,CUST0639,SMB,WH_NORTH,Standard,Industrial,886.91,2026-05-27 16:02:00,2026-06-06 19:25:00,243.38,1,0,0
ORD03885,CUST0767,Retail,WH_EAST,Standard,Industrial,1717.69,2026-01-19 14:04:00,2026-01-26 09:07:00,163.05,0,0,0
ORD03886,CUST0402,SMB,WH_WEST,Priority,Office Supplies,2776.74,2026-05-02 12:48:00,2026-05-10 00:13:00,179.42,1,0,0
ORD03887,CUST0582,SMB,WH_EAST,Priority,Clothing,312.03,2026-04-28 09:43:00,2026-05-05 09:35:00,167.87,0,0,0
ORD03888,CUST0125,SMB,WH_EAST,Standard,Office Supplies,1588.11,2026-02-25 09:58:00,2026-02-28 23:15:00,85.28,0,1,0
ORD03889,CUST0060,Enterprise,WH_WEST,Express,Electronics,2027.26,2026-04-30 14:32:00,2026-05-09 22:29:00,223.95,1,0,0
ORD03890,CUST0783,SMB,WH_EAST,Express,Electronics,3567.75,2026-02-04 16:56:00,2026-02-11 19:29:00,170.55,1,0,0
ORD03891,CUST0827,Retail,WH_EAST,Express,Furniture,3147.26,2026-06-21 12:33:00,2026-06-26 17:08:00,124.58,0,0,0
ORD03892,CUST0212,SMB,WH_WEST,Priority,Office Supplies,2881.47,2026-02-20 11:16:00,2026-02-27 19:19:00,176.05,1,0,0
ORD03893,CUST0785,SMB,WH_EAST,Priority,Office Supplies,953.41,2026-06-20 10:48:00,2026-06-27 19:23:00,176.58,1,0,0
ORD03894,CUST0366,Enterprise,WH_NORTH,Standard,Clothing,392.92,2026-03-13 14:12:00,2026-03-22 05:10:00,206.97,1,0,0
ORD03895,CUST0477,SMB,WH_SOUTH,Standard,Clothing,1320.23,2026-04-01 13:42:00,2026-04-07 12:10:00,142.47,0,0,0
ORD03896,CUST0691,Retail,WH_SOUTH,Standard,Industrial,4029.13,2026-02-23 17:36:00,2026-02-28 06:42:00,109.1,0,0,0
ORD03897,CUST0590,Retail,WH_EAST,Express,Clothing,5512.45,2026-06-09 13:44:00,2026-06-12 09:57:00,68.22,0,1,0
ORD03898,CUST0334,SMB,WH_SOUTH,Standard,Office Supplies,3192.12,2026-02-26 10:08:00,2026-03-04 22:03:00,155.92,0,0,0
ORD03899,CUST0346,Enterprise,WH_SOUTH,Priority,Industrial,2549.04,2026-01-24 14:39:00,2026-01-30 15:30:00,144.85,0,0,0
ORD03900,CUST0821,SMB,WH_NORTH,Express,Clothing,2449.68,2026-05-06 08:03:00,2026-05-14 06:49:00,190.77,1,0,0
ORD03901,CUST0669,Enterprise,WH_SOUTH,Express,Industrial,1158.76,2026-06-15 11:14:00,2026-06-23 07:17:00,188.05,1,0,0
ORD03902,CUST0563,SMB,WH_SOUTH,Standard,Electronics,1629.37,2026-01-06 17:25:00,2026-01-16 15:17:00,237.87,1,0,0
ORD03903,CUST0156,SMB,WH_NORTH,Standard,Furniture,6872.31,2026-05-13 09:08:00,2026-05-23 12:31:00,243.38,1,0,0
ORD03904,CUST0558,Enterprise,WH_WEST,Express,Furniture,850.61,2026-04-29 13:32:00,2026-05-08 13:47:00,216.25,1,0,0
ORD03905,CUST0049,Retail,WH_EAST,Priority,Clothing,6580.22,2026-05-21 16:55:00,2026-05-27 07:09:00,134.23,0,0,0
ORD03906,CUST0148,Retail,WH_SOUTH,Standard,Industrial,1397.41,2026-01-23 08:35:00,2026-01-30 16:23:00,175.8,1,0,0
ORD03907,CUST0654,Enterprise,WH_SOUTH,Express,Industrial,5220.49,2026-05-19 11:22:00,2026-05-25 03:49:00,136.45,0,0,1
ORD03908,CUST0707,Retail,WH_NORTH,Priority,Electronics,586.72,2026-06-06 14:51:00,2026-06-12 21:28:00,150.62,0,0,0
ORD03909,CUST0387,Enterprise,WH_WEST,Priority,Office Supplies,2889.17,2026-06-21 10:57:00,2026-06-29 06:02:00,187.08,1,1,0
ORD03910,CUST0805,Enterprise,WH_EAST,Express,Industrial,1002.83,2026-01-10 10:13:00,2026-01-18 05:42:00,187.48,1,0,0
ORD03911,CUST0385,Enterprise,WH_NORTH,Standard,Clothing,582.77,2026-05-31 09:46:00,2026-06-07 13:45:00,171.98,1,0,0
ORD03912,CUST0944,Retail,WH_EAST,Standard,Electronics,2153.45,2026-05-17 13:44:00,2026-05-22 06:31:00,112.78,0,0,0
ORD03913,CUST0318,Enterprise,WH_SOUTH,Standard,Office Supplies,4054.48,2026-03-18 11:20:00,2026-03-27 04:26:00,209.1,1,0,0
ORD03914,CUST0049,SMB,WH_NORTH,Priority,Clothing,919.7,2026-05-22 12:54:00,2026-05-24 17:18:00,52.4,0,0,0
ORD03915,CUST0410,SMB,WH_EAST,Priority,Electronics,545.0,2026-03-24 12:40:00,2026-03-28 14:49:00,98.15,0,0,0
ORD03916,CUST0593,Enterprise,WH_SOUTH,Priority,Clothing,1679.96,2026-04-16 15:06:00,2026-04-26 09:35:00,234.48,1,1,0
ORD03917,CUST0869,Retail,WH_EAST,Standard,Electronics,1685.89,2026-01-26 16:46:00,2026-02-01 02:31:00,129.75,0,0,0
ORD03918,CUST0150,Enterprise,WH_EAST,Priority,Clothing,2803.59,2026-06-21 15:24:00,2026-07-02 09:00:00,257.6,1,0,0
ORD03919,CUST0845,Retail,WH_NORTH,Express,Furniture,3864.84,2026-04-27 09:03:00,2026-04-30 02:15:00,65.2,0,0,0
ORD03920,CUST0471,SMB,WH_WEST,Standard,Furniture,1724.11,2026-01-19 15:32:00,2026-01-28 13:45:00,214.22,1,0,0
ORD03921,CUST0208,Retail,WH_WEST,Express,Furniture,7977.68,2026-04-19 11:59:00,2026-04-24 07:49:00,115.83,0,1,0
ORD03922,CUST0564,Retail,WH_WEST,Standard,Office Supplies,2163.29,2026-03-07 09:46:00,2026-03-15 04:43:00,186.95,1,0,0
ORD03923,CUST0474,Enterprise,WH_WEST,Priority,Industrial,1370.4,2026-03-13 09:33:00,2026-03-22 06:19:00,212.77,1,1,0
ORD03924,CUST0920,Retail,WH_SOUTH,Express,Office Supplies,498.07,2026-05-11 08:50:00,2026-05-18 20:49:00,179.98,1,0,0
ORD03925,CUST0397,SMB,WH_WEST,Standard,Office Supplies,1465.38,2026-04-21 13:13:00,2026-04-28 15:57:00,170.73,1,0,0
ORD03926,CUST0632,Retail,WH_WEST,Express,Electronics,1381.45,2026-03-29 11:00:00,2026-04-02 08:14:00,93.23,0,0,0
ORD03927,CUST0359,Enterprise,WH_NORTH,Priority,Office Supplies,3898.1,2026-06-23 16:33:00,2026-06-29 21:50:00,149.28,0,0,0
ORD03928,CUST0314,SMB,WH_SOUTH,Express,Clothing,2617.53,2026-04-05 15:41:00,2026-04-11 12:57:00,141.27,0,0,0
ORD03929,CUST0520,Retail,WH_EAST,Priority,Furniture,703.81,2026-05-06 15:23:00,2026-05-13 00:53:00,153.5,0,0,0
ORD03930,CUST0475,Retail,WH_EAST,Express,Industrial,2075.18,2026-06-07 14:13:00,2026-06-10 13:15:00,71.03,0,1,0
ORD03931,CUST0541,SMB,WH_NORTH,Standard,Furniture,3094.02,2026-06-24 15:25:00,2026-07-01 04:15:00,156.83,0,0,0
ORD03932,CUST0323,SMB,WH_EAST,Standard,Industrial,6139.05,2026-02-04 12:17:00,2026-02-12 12:09:00,191.87,1,0,0
ORD03933,CUST0910,Retail,WH_SOUTH,Standard,Furniture,3677.55,2026-05-04 17:53:00,2026-05-14 06:58:00,229.08,1,0,0
ORD03934,CUST0027,Enterprise,WH_NORTH,Express,Clothing,3323.18,2026-03-28 16:59:00,2026-04-02 18:14:00,121.25,0,0,0
ORD03935,CUST0410,SMB,WH_NORTH,Express,Industrial,1897.08,2026-05-03 10:40:00,2026-05-08 11:16:00,120.6,0,0,1
ORD03936,CUST0506,Enterprise,WH_SOUTH,Express,Office Supplies,2466.73,2026-06-29 09:00:00,2026-07-02 19:19:00,82.32,0,0,0
ORD03937,CUST0443,Enterprise,WH_EAST,Express,Office Supplies,4912.82,2026-01-11 08:17:00,2026-01-17 12:52:00,148.58,0,0,0
ORD03938,CUST0928,Enterprise,WH_NORTH,Standard,Electronics,622.52,2026-06-19 13:20:00,2026-06-27 21:58:00,200.63,1,0,0
ORD03939,CUST0231,SMB,WH_SOUTH,Express,Clothing,1367.1,2026-02-21 11:16:00,2026-02-24 12:50:00,73.57,0,0,0
ORD03940,CUST0145,Retail,WH_EAST,Priority,Furniture,974.52,2026-03-05 08:13:00,2026-03-10 17:55:00,129.7,0,0,0
ORD03941,CUST0306,Retail,WH_WEST,Standard,Electronics,2448.72,2026-06-04 16:06:00,2026-06-12 15:59:00,191.88,1,0,0
ORD03942,CUST0212,SMB,WH_SOUTH,Priority,Furniture,4837.62,2026-03-04 13:43:00,2026-03-08 16:19:00,98.6,0,0,0
ORD03943,CUST0760,Enterprise,WH_WEST,Standard,Industrial,1121.5,2026-02-24 15:45:00,2026-03-08 05:39:00,277.9,1,1,0
ORD03944,CUST0423,SMB,WH_SOUTH,Standard,Electronics,267.14,2026-03-04 12:42:00,2026-03-09 16:55:00,124.22,0,0,0
ORD03945,CUST0652,Enterprise,WH_WEST,Standard,Furniture,1300.14,2026-06-04 12:47:00,2026-06-14 04:05:00,231.3,1,1,0
ORD03946,CUST0282,Retail,WH_EAST,Priority,Office Supplies,3754.76,2026-06-18 09:48:00,2026-06-23 19:15:00,129.45,0,0,0
ORD03947,CUST0755,Enterprise,WH_SOUTH,Standard,Electronics,2779.72,2026-03-04 11:48:00,2026-03-10 10:38:00,142.83,0,0,0
ORD03948,CUST0347,Retail,WH_WEST,Standard,Electronics,2546.69,2026-02-13 08:49:00,2026-02-23 06:55:00,238.1,1,0,0
ORD03949,CUST0724,Enterprise,WH_SOUTH,Priority,Electronics,1445.2,2026-03-10 11:33:00,2026-03-16 11:44:00,144.18,0,0,1
ORD03950,CUST0983,SMB,WH_WEST,Standard,Furniture,649.87,2026-03-25 10:29:00,2026-03-31 02:42:00,136.22,0,0,0
ORD03951,CUST0996,SMB,WH_WEST,Express,Office Supplies,2730.49,2026-03-21 09:50:00,2026-03-28 18:09:00,176.32,1,1,0
ORD03952,CUST0728,Retail,WH_SOUTH,Express,Electronics,927.58,2026-05-12 17:16:00,2026-05-18 09:37:00,136.35,0,0,1
ORD03953,CUST0514,Enterprise,WH_NORTH,Priority,Office Supplies,10376.28,2026-03-27 10:04:00,2026-04-05 13:22:00,219.3,1,0,0
ORD03954,CUST0877,SMB,WH_WEST,Priority,Industrial,2853.8,2026-01-09 11:55:00,2026-01-14 15:19:00,123.4,0,0,0
ORD03955,CUST0684,Retail,WH_EAST,Express,Electronics,1136.24,2026-02-04 09:26:00,2026-02-10 02:10:00,136.73,0,0,0
ORD03956,CUST0702,SMB,WH_EAST,Standard,Industrial,1108.64,2026-03-27 13:26:00,2026-04-04 09:55:00,188.48,1,0,0
ORD03957,CUST0467,SMB,WH_SOUTH,Standard,Clothing,1678.48,2026-05-29 17:16:00,2026-06-02 16:55:00,95.65,0,1,0
ORD03958,CUST0433,SMB,WH_WEST,Standard,Office Supplies,1492.78,2026-01-17 10:24:00,2026-01-26 00:56:00,206.53,1,0,0
ORD03959,CUST0055,Enterprise,WH_SOUTH,Standard,Clothing,4418.11,2026-06-22 16:25:00,2026-07-01 21:25:00,221.0,1,0,1
ORD03960,CUST0076,Enterprise,WH_NORTH,Express,Furniture,2098.82,2026-02-06 17:26:00,2026-02-12 08:03:00,134.62,0,1,0
ORD03961,CUST0572,SMB,WH_WEST,Express,Office Supplies,1006.96,2026-02-06 11:51:00,2026-02-14 00:31:00,180.67,1,0,0
ORD03962,CUST0230,Retail,WH_WEST,Express,Office Supplies,8203.8,2026-03-31 13:37:00,2026-04-08 03:19:00,181.7,1,0,0
ORD03963,CUST0019,Enterprise,WH_WEST,Standard,Industrial,1880.79,2026-06-11 16:53:00,2026-06-21 07:52:00,230.98,1,0,0
ORD03964,CUST0409,Enterprise,WH_EAST,Express,Industrial,3344.5,2026-02-04 08:44:00,2026-02-11 00:30:00,159.77,0,0,0
ORD03965,CUST0657,Enterprise,WH_SOUTH,Express,Clothing,1111.45,2026-06-03 09:46:00,2026-06-10 21:58:00,180.2,1,0,0
ORD03966,CUST0754,SMB,WH_NORTH,Standard,Clothing,2417.51,2026-02-25 16:59:00,2026-03-04 16:46:00,167.78,0,1,0
ORD03967,CUST0710,SMB,WH_NORTH,Priority,Clothing,2318.99,2026-06-08 10:45:00,2026-06-10 10:03:00,47.3,0,0,0
ORD03968,CUST0457,Retail,WH_WEST,Priority,Electronics,398.73,2026-03-12 17:53:00,2026-03-18 08:33:00,134.67,0,0,0
ORD03969,CUST0178,Enterprise,WH_SOUTH,Express,Electronics,9065.4,2026-04-28 15:37:00,2026-05-05 15:47:00,168.17,1,0,0
ORD03970,CUST0881,Enterprise,WH_WEST,Priority,Electronics,5077.2,2026-01-25 10:48:00,2026-02-01 01:58:00,159.17,0,0,0
ORD03971,CUST0094,Enterprise,WH_EAST,Standard,Electronics,1315.86,2026-06-05 17:53:00,2026-06-16 01:18:00,247.42,1,0,0
ORD03972,CUST0663,SMB,WH_NORTH,Express,Industrial,748.58,2026-05-28 14:00:00,2026-06-04 03:25:00,157.42,0,0,0
ORD03973,CUST0620,Retail,WH_SOUTH,Priority,Electronics,2387.61,2026-05-16 15:04:00,2026-05-21 05:36:00,110.53,0,0,0
ORD03974,CUST0250,Enterprise,WH_NORTH,Priority,Furniture,1937.9,2026-06-25 15:47:00,2026-07-06 10:31:00,258.73,1,0,0
ORD03975,CUST0731,Enterprise,WH_NORTH,Standard,Electronics,2403.15,2026-02-23 11:53:00,2026-03-05 18:19:00,246.43,1,0,0
ORD03976,CUST0290,Retail,WH_NORTH,Standard,Electronics,2107.51,2026-06-29 13:30:00,2026-07-06 13:31:00,168.02,1,0,0
ORD03977,CUST0292,Retail,WH_SOUTH,Express,Furniture,2710.78,2026-03-30 15:17:00,2026-04-08 01:26:00,202.15,1,0,0
ORD03978,CUST0953,SMB,WH_SOUTH,Priority,Furniture,5755.12,2026-03-04 13:21:00,2026-03-12 21:23:00,200.03,1,0,0
ORD03979,CUST0578,SMB,WH_NORTH,Standard,Office Supplies,2848.31,2026-06-27 09:58:00,2026-07-04 11:52:00,169.9,1,0,1
ORD03980,CUST0527,Retail,WH_WEST,Express,Electronics,780.77,2026-06-18 14:38:00,2026-06-21 06:11:00,63.55,0,0,0
ORD03981,CUST0637,Enterprise,WH_NORTH,Express,Office Supplies,5377.88,2026-05-15 17:08:00,2026-05-23 09:13:00,184.08,1,0,0
ORD03982,CUST0858,Retail,WH_SOUTH,Express,Clothing,6717.64,2026-04-11 17:00:00,2026-04-16 02:14:00,105.23,0,0,0
ORD03983,CUST0700,Retail,WH_SOUTH,Priority,Furniture,22508.43,2026-02-16 11:23:00,2026-02-22 06:48:00,139.42,0,0,0
ORD03984,CUST0029,Retail,WH_NORTH,Priority,Office Supplies,735.98,2026-04-24 10:02:00,2026-04-28 12:46:00,98.73,0,0,0
ORD03985,CUST0195,Retail,WH_NORTH,Priority,Clothing,2195.81,2026-05-09 11:38:00,2026-05-16 07:40:00,164.03,0,1,0
ORD03986,CUST0363,SMB,WH_WEST,Priority,Office Supplies,341.83,2026-03-04 14:29:00,2026-03-09 18:23:00,123.9,0,0,0
ORD03987,CUST0664,SMB,WH_NORTH,Standard,Office Supplies,2814.44,2026-05-19 08:05:00,2026-05-27 17:43:00,201.63,1,1,0
ORD03988,CUST0669,Enterprise,WH_EAST,Express,Clothing,1166.12,2026-04-12 09:17:00,2026-04-22 03:11:00,233.9,1,0,0
ORD03989,CUST0696,Retail,WH_NORTH,Express,Office Supplies,8423.3,2026-04-01 11:41:00,2026-04-06 07:53:00,116.2,0,0,0
ORD03990,CUST0336,SMB,WH_NORTH,Priority,Electronics,972.93,2026-01-18 17:59:00,2026-01-23 04:36:00,106.62,0,0,0
ORD03991,CUST0287,SMB,WH_EAST,Express,Clothing,468.09,2026-03-01 12:41:00,2026-03-10 10:06:00,213.42,1,0,0
ORD03992,CUST0165,Enterprise,WH_NORTH,Express,Furniture,1240.15,2026-05-18 14:35:00,2026-05-24 15:05:00,144.5,0,0,0
ORD03993,CUST0870,Enterprise,WH_WEST,Priority,Clothing,372.27,2026-03-15 09:50:00,2026-03-23 12:38:00,194.8,1,0,0
ORD03994,CUST0923,Enterprise,WH_WEST,Priority,Furniture,3297.37,2026-06-05 15:17:00,2026-06-13 01:00:00,177.72,1,1,1
ORD03995,CUST0223,Retail,WH_EAST,Express,Industrial,346.52,2026-06-04 09:29:00,2026-06-09 12:48:00,123.32,0,0,0
ORD03996,CUST0399,Enterprise,WH_SOUTH,Standard,Clothing,1849.68,2026-06-16 10:30:00,2026-06-22 08:59:00,142.48,0,0,0
ORD03997,CUST0154,Retail,WH_NORTH,Express,Clothing,343.01,2026-01-13 17:01:00,2026-01-17 10:00:00,88.98,0,0,0
ORD03998,CUST0217,Enterprise,WH_NORTH,Standard,Electronics,1399.35,2026-03-01 15:48:00,2026-03-12 17:03:00,265.25,1,0,0
ORD03999,CUST0752,Retail,WH_EAST,Standard,Industrial,6732.5,2026-01-09 17:57:00,2026-01-13 13:55:00,91.97,0,0,0
ORD04000,CUST0833,SMB,WH_EAST,Express,Clothing,2412.74,2026-05-18 09:36:00,2026-05-22 15:40:00,102.07,0,0,1
ORD04001,CUST0615,SMB,WH_NORTH,Express,Office Supplies,906.15,2026-05-11 15:36:00,2026-05-14 06:19:00,62.72,0,0,0
ORD04002,CUST0078,SMB,WH_WEST,Express,Office Supplies,1763.47,2026-01-20 15:43:00,2026-01-26 10:47:00,139.07,0,0,0
ORD04003,CUST0657,SMB,WH_EAST,Standard,Industrial,1834.29,2026-06-11 08:26:00,2026-06-16 17:05:00,128.65,0,0,0
ORD04004,CUST0164,Retail,WH_EAST,Priority,Furniture,2638.87,2026-02-05 09:32:00,2026-02-12 17:31:00,175.98,1,0,0
ORD04005,CUST0085,SMB,WH_SOUTH,Standard,Furniture,605.78,2026-03-08 08:52:00,2026-03-14 18:51:00,153.98,0,0,0
ORD04006,CUST0248,Retail,WH_SOUTH,Priority,Electronics,2904.61,2026-05-25 09:43:00,2026-05-30 22:13:00,132.5,0,0,0
ORD04007,CUST0818,Retail,WH_SOUTH,Express,Office Supplies,207.78,2026-03-27 16:40:00,2026-03-31 19:45:00,99.08,0,1,1
ORD04008,CUST0152,SMB,WH_NORTH,Priority,Furniture,1092.36,2026-02-06 08:20:00,2026-02-13 20:46:00,180.43,1,0,0
ORD04009,CUST0952,Enterprise,WH_EAST,Standard,Furniture,1223.39,2026-04-07 14:05:00,2026-04-15 23:17:00,201.2,1,1,0
ORD04010,CUST0774,Enterprise,WH_WEST,Priority,Clothing,3000.88,2026-02-16 14:18:00,2026-02-22 20:59:00,150.68,0,1,0
ORD04011,CUST0980,SMB,WH_NORTH,Priority,Electronics,1841.07,2026-05-30 13:48:00,2026-06-02 11:32:00,69.73,0,0,0
ORD04012,CUST0446,SMB,WH_EAST,Priority,Industrial,587.31,2026-05-15 10:38:00,2026-05-18 13:34:00,74.93,0,1,0
ORD04013,CUST0449,Retail,WH_EAST,Priority,Office Supplies,822.22,2026-01-04 08:26:00,2026-01-09 04:57:00,116.52,0,1,0
ORD04014,CUST0377,Retail,WH_SOUTH,Express,Clothing,2119.52,2026-03-19 13:57:00,2026-03-26 05:52:00,159.92,0,0,0
ORD04015,CUST0813,Retail,WH_EAST,Standard,Office Supplies,1697.22,2026-05-18 17:29:00,2026-05-24 01:30:00,128.02,0,0,0
ORD04016,CUST0002,SMB,WH_SOUTH,Priority,Furniture,1137.63,2026-04-16 08:00:00,2026-04-18 20:33:00,60.55,0,0,0
ORD04017,CUST0271,SMB,WH_NORTH,Priority,Furniture,1230.69,2026-05-27 13:14:00,2026-06-02 13:34:00,144.33,0,0,1
ORD04018,CUST0113,Retail,WH_EAST,Standard,Furniture,3155.6,2026-02-25 11:06:00,2026-03-01 18:14:00,103.13,0,0,0
ORD04019,CUST0073,Retail,WH_EAST,Priority,Industrial,1194.93,2026-05-06 14:43:00,2026-05-09 02:36:00,59.88,0,0,0
ORD04020,CUST0194,Retail,WH_NORTH,Standard,Office Supplies,1685.01,2026-04-23 17:48:00,2026-04-28 01:25:00,103.62,0,0,0
ORD04021,CUST0341,Retail,WH_WEST,Priority,Furniture,10259.4,2026-02-10 10:38:00,2026-02-13 06:37:00,67.98,0,1,0
ORD04022,CUST0083,SMB,WH_SOUTH,Express,Electronics,578.86,2026-04-27 17:21:00,2026-05-05 07:31:00,182.17,1,0,0
ORD04023,CUST0502,Retail,WH_EAST,Express,Clothing,410.97,2026-01-28 13:53:00,2026-02-01 09:34:00,91.68,0,0,0
ORD04024,CUST0221,Retail,WH_SOUTH,Standard,Office Supplies,3384.2,2026-01-04 09:11:00,2026-01-08 09:15:00,96.07,0,0,0
ORD04025,CUST0822,Enterprise,WH_WEST,Priority,Clothing,1050.57,2026-06-10 17:05:00,2026-06-16 05:51:00,132.77,0,0,0
ORD04026,CUST0649,Retail,WH_SOUTH,Standard,Furniture,1401.66,2026-05-16 10:27:00,2026-05-24 18:29:00,200.03,1,0,0
ORD04027,CUST0034,Retail,WH_NORTH,Express,Electronics,967.85,2026-01-18 11:52:00,2026-01-25 19:11:00,175.32,1,0,0
ORD04028,CUST0102,Retail,WH_EAST,Express,Furniture,1468.74,2026-03-30 09:05:00,2026-04-08 03:47:00,210.7,1,0,0
ORD04029,CUST0360,Enterprise,WH_WEST,Standard,Clothing,6495.28,2026-01-08 17:28:00,2026-01-18 08:49:00,231.35,1,1,0
ORD04030,CUST0476,Enterprise,WH_SOUTH,Express,Office Supplies,3434.76,2026-03-22 10:37:00,2026-03-28 06:40:00,140.05,0,0,0
ORD04031,CUST0707,Retail,WH_EAST,Priority,Industrial,3603.93,2026-06-03 10:28:00,2026-06-07 09:29:00,95.02,0,0,1
ORD04032,CUST0922,Enterprise,WH_NORTH,Express,Electronics,582.32,2026-03-18 08:18:00,2026-03-26 07:18:00,191.0,1,0,0
ORD04033,CUST0132,SMB,WH_NORTH,Standard,Office Supplies,719.87,2026-05-04 08:40:00,2026-05-08 14:06:00,101.43,0,0,0
ORD04034,CUST0596,Retail,WH_WEST,Express,Industrial,186.56,2026-05-06 12:04:00,2026-05-13 00:38:00,156.57,0,0,0
ORD04035,CUST0273,SMB,WH_SOUTH,Express,Electronics,946.24,2026-03-11 17:47:00,2026-03-19 01:09:00,175.37,1,0,0
ORD04036,CUST0338,SMB,WH_SOUTH,Express,Industrial,3886.88,2026-04-24 11:06:00,2026-04-27 17:52:00,78.77,0,0,0
ORD04037,CUST0155,Retail,WH_WEST,Standard,Office Supplies,2734.1,2026-04-16 16:23:00,2026-04-20 15:10:00,94.78,0,0,0
ORD04038,CUST0296,Retail,WH_EAST,Express,Office Supplies,1514.42,2026-05-22 10:27:00,2026-05-26 02:30:00,88.05,0,0,0
ORD04039,CUST0340,SMB,WH_SOUTH,Standard,Furniture,1776.07,2026-04-11 10:30:00,2026-04-18 23:06:00,180.6,1,0,0
ORD04040,CUST0989,SMB,WH_WEST,Standard,Industrial,1041.99,2026-01-30 13:40:00,2026-02-06 04:11:00,158.52,0,0,1
ORD04041,CUST0034,SMB,WH_NORTH,Standard,Electronics,2129.85,2026-06-15 17:50:00,2026-06-22 08:58:00,159.13,0,0,0
ORD04042,CUST0237,Enterprise,WH_EAST,Standard,Clothing,3336.58,2026-05-13 12:43:00,2026-05-24 00:57:00,252.23,1,0,0
ORD04043,CUST0325,SMB,WH_EAST,Express,Electronics,496.35,2026-02-19 17:27:00,2026-02-24 20:00:00,122.55,0,0,0
ORD04044,CUST0812,SMB,WH_SOUTH,Priority,Clothing,2297.82,2026-04-11 13:33:00,2026-04-18 03:50:00,158.28,0,0,0
ORD04045,CUST0197,Retail,WH_EAST,Priority,Clothing,3812.15,2026-01-06 16:47:00,2026-01-13 20:34:00,171.78,1,0,0
ORD04046,CUST0763,SMB,WH_NORTH,Standard,Electronics,1297.14,2026-06-25 12:50:00,2026-07-04 07:35:00,210.75,1,1,0
ORD04047,CUST0766,Enterprise,WH_EAST,Express,Clothing,3167.06,2026-02-11 09:24:00,2026-02-16 07:54:00,118.5,0,0,1
ORD04048,CUST0667,Enterprise,WH_SOUTH,Priority,Clothing,17183.82,2026-05-28 12:50:00,2026-06-01 02:42:00,85.87,0,0,0
ORD04049,CUST0479,Enterprise,WH_WEST,Express,Office Supplies,1663.24,2026-06-14 08:44:00,2026-06-24 05:00:00,236.27,1,0,1
ORD04050,CUST0942,SMB,WH_NORTH,Priority,Furniture,2476.61,2026-04-15 12:27:00,2026-04-23 06:43:00,186.27,1,0,1
ORD04051,CUST0128,SMB,WH_SOUTH,Priority,Clothing,1001.8,2026-01-03 12:51:00,2026-01-09 00:06:00,131.25,0,0,0
ORD04052,CUST0431,Enterprise,WH_NORTH,Priority,Industrial,2090.17,2026-05-29 15:45:00,2026-06-07 04:45:00,205.0,1,0,0
ORD04053,CUST0911,Retail,WH_WEST,Express,Clothing,2612.9,2026-04-15 16:03:00,2026-04-23 20:11:00,196.13,1,0,0
ORD04054,CUST0921,Retail,WH_EAST,Priority,Clothing,2113.02,2026-05-25 14:08:00,2026-05-30 21:25:00,127.28,0,0,0
ORD04055,CUST0653,Enterprise,WH_WEST,Standard,Industrial,799.71,2026-03-29 10:25:00,2026-04-05 16:15:00,173.83,1,0,0
ORD04056,CUST0131,SMB,WH_WEST,Express,Electronics,2132.58,2026-04-07 11:39:00,2026-04-11 01:00:00,85.35,0,0,0
ORD04057,CUST0882,Enterprise,WH_EAST,Standard,Clothing,5824.08,2026-04-21 08:40:00,2026-04-29 10:23:00,193.72,1,0,0
ORD04058,CUST0057,Retail,WH_WEST,Priority,Clothing,2588.69,2026-05-28 11:21:00,2026-05-31 15:40:00,76.32,0,0,0
ORD04059,CUST0246,Retail,WH_EAST,Express,Clothing,3903.35,2026-04-26 17:26:00,2026-05-01 09:03:00,111.62,0,1,0
ORD04060,CUST0327,Retail,WH_EAST,Express,Furniture,1495.76,2026-01-17 10:16:00,2026-01-20 20:27:00,82.18,0,0,0
ORD04061,CUST0889,Enterprise,WH_EAST,Standard,Office Supplies,3294.21,2026-04-06 16:29:00,2026-04-12 16:50:00,144.35,0,0,0
ORD04062,CUST0474,Enterprise,WH_SOUTH,Priority,Clothing,2260.66,2026-02-22 10:28:00,2026-02-28 12:29:00,146.02,0,0,0
ORD04063,CUST0794,SMB,WH_EAST,Priority,Electronics,844.94,2026-03-15 12:52:00,2026-03-23 00:16:00,179.4,1,0,0
ORD04064,CUST0314,Retail,WH_WEST,Express,Office Supplies,2332.78,2026-02-03 15:05:00,2026-02-11 06:22:00,183.28,1,0,0
ORD04065,CUST0888,Retail,WH_NORTH,Express,Office Supplies,817.82,2026-06-12 12:06:00,2026-06-18 17:52:00,149.77,0,0,0
ORD04066,CUST0756,SMB,WH_EAST,Standard,Electronics,1089.74,2026-02-03 08:13:00,2026-02-09 19:09:00,154.93,0,0,0
ORD04067,CUST0250,Enterprise,WH_NORTH,Priority,Industrial,2103.72,2026-02-20 12:36:00,2026-03-02 03:01:00,230.42,1,0,0
ORD04068,CUST0191,Retail,WH_EAST,Standard,Electronics,2293.41,2026-03-05 08:59:00,2026-03-09 04:57:00,91.97,0,0,1
ORD04069,CUST0448,SMB,WH_NORTH,Standard,Office Supplies,698.28,2026-05-31 09:06:00,2026-06-07 02:29:00,161.38,0,0,0
ORD04070,CUST0769,Enterprise,WH_NORTH,Priority,Industrial,4201.47,2026-04-18 12:42:00,2026-04-24 10:53:00,142.18,0,0,0
ORD04071,CUST0228,SMB,WH_NORTH,Standard,Furniture,2857.22,2026-06-03 11:53:00,2026-06-11 05:07:00,185.23,1,0,0
ORD04072,CUST0249,Retail,WH_EAST,Express,Furniture,1028.87,2026-04-20 10:46:00,2026-04-29 00:24:00,205.63,1,1,0
ORD04073,CUST0719,Retail,WH_SOUTH,Express,Electronics,528.44,2026-03-01 14:18:00,2026-03-09 10:04:00,187.77,1,1,0
ORD04074,CUST0433,Enterprise,WH_EAST,Express,Furniture,1610.14,2026-05-04 15:58:00,2026-05-09 23:04:00,127.1,0,0,0
ORD04075,CUST0601,Enterprise,WH_SOUTH,Standard,Electronics,1265.53,2026-04-05 17:00:00,2026-04-14 21:09:00,220.15,1,0,0
ORD04076,CUST0396,SMB,WH_EAST,Express,Industrial,1979.33,2026-04-19 11:01:00,2026-04-27 03:19:00,184.3,1,0,1
ORD04077,CUST0872,Enterprise,WH_EAST,Express,Industrial,1352.23,2026-01-25 15:42:00,2026-02-02 05:47:00,182.08,1,0,0
ORD04078,CUST0340,Enterprise,WH_EAST,Express,Clothing,362.87,2026-06-15 10:52:00,2026-06-19 20:06:00,105.23,0,0,0
ORD04079,CUST0444,SMB,WH_WEST,Priority,Electronics,1325.21,2026-02-27 14:53:00,2026-03-04 00:48:00,105.92,0,0,0
ORD04080,CUST0712,Retail,WH_WEST,Express,Office Supplies,1415.88,2026-04-27 17:14:00,2026-05-04 19:17:00,170.05,1,0,0
ORD04081,CUST0743,SMB,WH_NORTH,Standard,Industrial,3001.68,2026-01-09 13:44:00,2026-01-16 13:12:00,167.47,0,0,0
ORD04082,CUST0315,SMB,WH_EAST,Express,Electronics,1034.26,2026-02-15 12:23:00,2026-02-20 11:15:00,118.87,0,0,0
ORD04083,CUST0173,Retail,WH_WEST,Standard,Industrial,6925.32,2026-05-14 17:54:00,2026-05-24 02:46:00,224.87,1,0,0
ORD04084,CUST0235,Enterprise,WH_SOUTH,Standard,Furniture,391.77,2026-03-04 10:25:00,2026-03-13 03:53:00,209.47,1,0,0
ORD04085,CUST0214,Retail,WH_EAST,Standard,Office Supplies,5161.25,2026-06-15 08:46:00,2026-06-19 17:57:00,105.18,0,0,0
ORD04086,CUST0138,Retail,WH_SOUTH,Priority,Office Supplies,1511.03,2026-03-16 16:18:00,2026-03-22 01:09:00,128.85,0,1,0
ORD04087,CUST0766,Enterprise,WH_WEST,Standard,Office Supplies,3596.33,2026-02-24 10:31:00,2026-03-06 19:38:00,249.12,1,0,0
ORD04088,CUST0668,Retail,WH_WEST,Express,Electronics,1927.23,2026-04-06 08:09:00,2026-04-14 15:55:00,199.77,1,0,0
ORD04089,CUST0778,Retail,WH_SOUTH,Express,Electronics,4499.15,2026-05-22 17:01:00,2026-05-27 12:47:00,115.77,0,0,0
ORD04090,CUST0379,SMB,WH_EAST,Priority,Office Supplies,1326.25,2026-04-03 11:38:00,2026-04-10 14:26:00,170.8,1,1,0
ORD04091,CUST0582,Enterprise,WH_WEST,Priority,Industrial,750.77,2026-04-29 08:28:00,2026-05-04 12:54:00,124.43,0,1,0
ORD04092,CUST0256,Retail,WH_EAST,Express,Furniture,5633.03,2026-02-20 15:46:00,2026-02-26 21:54:00,150.13,0,0,0
ORD04093,CUST0904,Enterprise,WH_NORTH,Standard,Industrial,1651.13,2026-02-26 16:10:00,2026-03-07 00:10:00,200.0,1,0,0
ORD04094,CUST0612,Retail,WH_WEST,Standard,Industrial,2158.67,2026-05-30 11:37:00,2026-06-03 05:10:00,89.55,0,0,0
ORD04095,CUST0423,Enterprise,WH_EAST,Priority,Clothing,4855.18,2026-05-28 16:23:00,2026-06-03 22:27:00,150.07,0,0,0
ORD04096,CUST0667,Retail,WH_EAST,Priority,Clothing,791.9,2026-01-03 09:20:00,2026-01-10 21:26:00,180.1,1,0,0
ORD04097,CUST0814,Retail,WH_SOUTH,Standard,Clothing,2911.41,2026-04-14 17:41:00,2026-04-19 01:34:00,103.88,0,0,0
ORD04098,CUST0106,Retail,WH_SOUTH,Express,Industrial,1127.87,2026-05-26 17:12:00,2026-05-31 05:49:00,108.62,0,0,0
ORD04099,CUST0760,Retail,WH_SOUTH,Standard,Office Supplies,1626.63,2026-02-19 10:21:00,2026-02-27 23:01:00,204.67,1,0,0
ORD04100,CUST0884,Enterprise,WH_SOUTH,Standard,Industrial,1915.67,2026-06-07 08:35:00,2026-06-12 14:33:00,125.97,0,0,0
ORD04101,CUST0681,Retail,WH_NORTH,Priority,Furniture,544.48,2026-03-21 09:56:00,2026-03-28 14:07:00,172.18,1,1,0
ORD04102,CUST0305,SMB,WH_NORTH,Express,Electronics,969.65,2026-03-11 10:02:00,2026-03-17 05:20:00,139.3,0,0,0
ORD04103,CUST0256,Retail,WH_NORTH,Priority,Electronics,5328.68,2026-02-08 10:24:00,2026-02-14 12:39:00,146.25,0,1,0
ORD04104,CUST0771,Retail,WH_NORTH,Priority,Furniture,3673.69,2026-02-07 09:48:00,2026-02-09 17:53:00,56.08,0,0,0
ORD04105,CUST0911,SMB,WH_WEST,Priority,Furniture,1719.67,2026-05-16 11:16:00,2026-05-19 04:31:00,65.25,0,0,0
ORD04106,CUST0144,Enterprise,WH_NORTH,Standard,Furniture,2196.23,2026-02-08 15:27:00,2026-02-18 03:37:00,228.17,1,0,0
ORD04107,CUST0381,Retail,WH_EAST,Standard,Furniture,1428.82,2026-06-07 17:32:00,2026-06-15 08:06:00,182.57,1,0,1
ORD04108,CUST0961,Enterprise,WH_WEST,Express,Electronics,5352.22,2026-05-08 15:14:00,2026-05-14 20:18:00,149.07,0,0,0
ORD04109,CUST0584,Retail,WH_EAST,Priority,Furniture,1540.28,2026-02-19 10:41:00,2026-02-24 08:30:00,117.82,0,0,0
ORD04110,CUST0224,Enterprise,WH_NORTH,Express,Clothing,2176.5,2026-05-08 09:42:00,2026-05-20 13:26:00,291.73,1,1,0
ORD04111,CUST0707,Retail,WH_WEST,Priority,Furniture,4522.52,2026-04-12 16:22:00,2026-04-20 14:37:00,190.25,1,1,0
ORD04112,CUST0013,SMB,WH_EAST,Express,Clothing,970.78,2026-04-15 13:06:00,2026-04-21 19:29:00,150.38,0,0,0
ORD04113,CUST0128,Retail,WH_SOUTH,Priority,Office Supplies,6291.98,2026-02-13 10:51:00,2026-02-15 19:44:00,56.88,0,1,0
ORD04114,CUST0680,Retail,WH_EAST,Express,Furniture,531.46,2026-06-21 16:06:00,2026-06-27 07:17:00,135.18,0,0,0
ORD04115,CUST0931,SMB,WH_EAST,Standard,Office Supplies,6658.93,2026-05-06 10:25:00,2026-05-14 04:49:00,186.4,1,0,0
ORD04116,CUST0958,SMB,WH_EAST,Priority,Industrial,1341.92,2026-02-04 10:03:00,2026-02-12 04:50:00,186.78,1,0,1
ORD04117,CUST0899,SMB,WH_WEST,Priority,Electronics,1488.97,2026-05-30 10:03:00,2026-06-04 12:54:00,122.85,0,0,0
ORD04118,CUST0107,SMB,WH_SOUTH,Express,Industrial,398.61,2026-01-24 09:25:00,2026-01-27 22:50:00,85.42,0,0,0
ORD04119,CUST0550,Retail,WH_WEST,Priority,Furniture,1256.6,2026-06-18 15:21:00,2026-06-24 09:57:00,138.6,0,0,0
ORD04120,CUST0533,Enterprise,WH_WEST,Standard,Industrial,786.94,2026-01-19 11:54:00,2026-01-29 10:09:00,238.25,1,0,0
ORD04121,CUST0630,SMB,WH_SOUTH,Standard,Electronics,1111.96,2026-02-17 11:56:00,2026-02-22 23:01:00,131.08,0,0,0
ORD04122,CUST0738,SMB,WH_NORTH,Express,Industrial,1619.95,2026-03-20 08:45:00,2026-03-27 20:14:00,179.48,1,0,0
ORD04123,CUST0765,SMB,WH_NORTH,Express,Office Supplies,3890.27,2026-04-25 09:58:00,2026-05-02 20:29:00,178.52,1,0,0
ORD04124,CUST0260,Retail,WH_SOUTH,Express,Clothing,2134.7,2026-02-24 17:54:00,2026-03-05 16:09:00,214.25,1,1,0
ORD04125,CUST0433,SMB,WH_WEST,Priority,Clothing,2312.63,2026-05-15 17:39:00,2026-05-21 13:54:00,140.25,0,0,0
ORD04126,CUST0755,SMB,WH_SOUTH,Priority,Electronics,752.64,2026-01-01 08:26:00,2026-01-09 12:34:00,196.13,1,1,1
ORD04127,CUST0652,SMB,WH_SOUTH,Standard,Clothing,893.72,2026-02-09 15:17:00,2026-02-19 22:50:00,247.55,1,0,0
ORD04128,CUST0057,Retail,WH_NORTH,Standard,Office Supplies,7623.42,2026-05-06 13:49:00,2026-05-14 08:38:00,186.82,1,0,0
ORD04129,CUST0273,Retail,WH_EAST,Priority,Industrial,1004.09,2026-01-19 16:36:00,2026-01-22 10:31:00,65.92,0,0,0
ORD04130,CUST0860,Retail,WH_SOUTH,Standard,Clothing,6801.96,2026-02-19 14:22:00,2026-02-26 12:06:00,165.73,0,0,0
ORD04131,CUST0105,SMB,WH_EAST,Standard,Industrial,1488.54,2026-01-17 17:21:00,2026-01-22 21:37:00,124.27,0,0,0
ORD04132,CUST0849,Enterprise,WH_NORTH,Priority,Furniture,1811.35,2026-06-17 13:04:00,2026-06-27 09:20:00,236.27,1,0,0
ORD04133,CUST0183,SMB,WH_NORTH,Priority,Furniture,4256.88,2026-06-30 12:49:00,2026-07-04 05:52:00,89.05,0,0,0
ORD04134,CUST0490,Enterprise,WH_EAST,Standard,Industrial,5001.6,2026-03-19 09:30:00,2026-03-23 14:53:00,101.38,0,0,0
ORD04135,CUST0011,Enterprise,WH_NORTH,Standard,Industrial,1654.66,2026-03-04 17:43:00,2026-03-15 06:32:00,252.82,1,0,0
ORD04136,CUST0038,Retail,WH_WEST,Standard,Industrial,1325.32,2026-06-18 15:53:00,2026-06-27 20:59:00,221.1,1,0,0
ORD04137,CUST0756,Retail,WH_SOUTH,Standard,Furniture,1728.94,2026-03-06 12:58:00,2026-03-15 11:45:00,214.78,1,0,0
ORD04138,CUST0227,SMB,WH_NORTH,Priority,Furniture,2369.34,2026-01-27 12:20:00,2026-02-02 22:06:00,153.77,0,0,0
ORD04139,CUST0913,Enterprise,WH_SOUTH,Express,Industrial,3688.75,2026-02-14 11:21:00,2026-02-20 20:58:00,153.62,0,0,0
ORD04140,CUST0366,Enterprise,WH_EAST,Standard,Office Supplies,1814.17,2026-06-14 12:18:00,2026-06-24 22:55:00,250.62,1,0,0
ORD04141,CUST0109,SMB,WH_WEST,Standard,Electronics,2966.41,2026-05-20 14:38:00,2026-05-24 18:43:00,100.08,0,0,0
ORD04142,CUST0306,SMB,WH_NORTH,Express,Electronics,6705.53,2026-03-06 10:05:00,2026-03-11 10:08:00,120.05,0,0,0
ORD04143,CUST0913,Retail,WH_WEST,Priority,Office Supplies,2452.95,2026-02-08 10:39:00,2026-02-11 23:10:00,84.52,0,0,0
ORD04144,CUST0695,Retail,WH_SOUTH,Priority,Furniture,2320.0,2026-01-31 15:27:00,2026-02-07 15:16:00,167.82,0,0,0
ORD04145,CUST0282,Enterprise,WH_WEST,Priority,Industrial,536.4,2026-01-31 13:41:00,2026-02-05 05:10:00,111.48,0,1,0
ORD04146,CUST0715,Enterprise,WH_EAST,Priority,Industrial,220.39,2026-04-21 15:01:00,2026-04-27 22:52:00,151.85,0,1,0
ORD04147,CUST0045,SMB,WH_WEST,Express,Industrial,2466.86,2026-02-12 09:36:00,2026-02-17 14:32:00,124.93,0,0,0
ORD04148,CUST0579,Enterprise,WH_WEST,Express,Electronics,1675.96,2026-06-01 17:08:00,2026-06-10 07:19:00,206.18,1,1,0
ORD04149,CUST0453,Retail,WH_SOUTH,Standard,Electronics,1197.72,2026-01-13 09:29:00,2026-01-23 05:13:00,235.73,1,1,0
ORD04150,CUST0938,SMB,WH_EAST,Priority,Electronics,2196.95,2026-01-02 11:37:00,2026-01-10 02:20:00,182.72,1,0,0
ORD04151,CUST0318,Enterprise,WH_SOUTH,Standard,Industrial,1722.75,2026-04-03 17:32:00,2026-04-17 10:43:00,329.18,1,0,0
ORD04152,CUST0149,SMB,WH_NORTH,Standard,Office Supplies,4456.97,2026-04-08 16:08:00,2026-04-18 00:37:00,224.48,1,1,0
ORD04153,CUST0833,SMB,WH_SOUTH,Standard,Office Supplies,1936.99,2026-03-16 11:17:00,2026-03-22 02:37:00,135.33,0,1,0
ORD04154,CUST0266,SMB,WH_EAST,Express,Electronics,994.72,2026-06-15 13:58:00,2026-06-21 08:55:00,138.95,0,0,0
ORD04155,CUST0758,Enterprise,WH_SOUTH,Standard,Industrial,3992.34,2026-05-12 09:52:00,2026-05-22 19:28:00,249.6,1,0,0
ORD04156,CUST0250,SMB,WH_SOUTH,Priority,Furniture,1519.74,2026-04-06 09:47:00,2026-04-12 13:45:00,147.97,0,0,1
ORD04157,CUST0074,SMB,WH_EAST,Priority,Electronics,2755.16,2026-06-07 12:26:00,2026-06-11 06:48:00,90.37,0,0,0
ORD04158,CUST0736,Enterprise,WH_EAST,Standard,Electronics,1234.07,2026-01-02 14:12:00,2026-01-15 08:00:00,305.8,1,0,0
ORD04159,CUST0478,SMB,WH_WEST,Express,Furniture,1075.07,2026-02-21 15:33:00,2026-02-26 10:26:00,114.88,0,0,0
ORD04160,CUST0775,Enterprise,WH_NORTH,Standard,Clothing,1933.98,2026-06-11 08:06:00,2026-06-22 20:37:00,276.52,1,1,0
ORD04161,CUST0932,Enterprise,WH_SOUTH,Standard,Furniture,1826.69,2026-01-22 13:04:00,2026-01-31 22:26:00,225.37,1,0,0
ORD04162,CUST0728,Enterprise,WH_EAST,Standard,Office Supplies,2654.1,2026-01-26 12:43:00,2026-02-04 05:47:00,209.07,1,1,0
ORD04163,CUST0143,Retail,WH_EAST,Priority,Clothing,1458.38,2026-06-19 17:41:00,2026-06-26 15:17:00,165.6,0,0,0
ORD04164,CUST0334,Enterprise,WH_WEST,Priority,Electronics,416.09,2026-03-31 10:59:00,2026-04-08 00:41:00,181.7,1,0,0
ORD04165,CUST0397,SMB,WH_WEST,Priority,Office Supplies,1278.93,2026-05-12 09:35:00,2026-05-20 17:07:00,199.53,1,0,0
ORD04166,CUST0267,SMB,WH_NORTH,Standard,Industrial,3412.0,2026-06-09 16:23:00,2026-06-18 14:02:00,213.65,1,0,1
ORD04167,CUST0787,SMB,WH_EAST,Express,Industrial,1425.25,2026-02-22 16:09:00,2026-03-02 06:41:00,182.53,1,0,0
ORD04168,CUST0812,Enterprise,WH_NORTH,Priority,Office Supplies,1484.59,2026-01-30 08:08:00,2026-02-05 16:31:00,152.38,0,1,0
ORD04169,CUST0625,Retail,WH_NORTH,Express,Industrial,3980.26,2026-05-23 16:10:00,2026-05-26 21:51:00,77.68,0,0,0
ORD04170,CUST0465,SMB,WH_WEST,Priority,Industrial,1022.92,2026-01-13 10:22:00,2026-01-20 17:05:00,174.72,1,0,0
ORD04171,CUST0153,Enterprise,WH_WEST,Standard,Office Supplies,526.24,2026-04-05 13:53:00,2026-04-18 03:29:00,301.6,1,0,0
ORD04172,CUST0089,SMB,WH_SOUTH,Standard,Industrial,1590.01,2026-01-02 14:21:00,2026-01-10 06:57:00,184.6,1,0,0
ORD04173,CUST0519,SMB,WH_NORTH,Standard,Office Supplies,1227.41,2026-05-18 15:32:00,2026-05-27 15:16:00,215.73,1,0,0
ORD04174,CUST0296,Retail,WH_NORTH,Express,Industrial,834.64,2026-01-18 15:27:00,2026-01-25 06:49:00,159.37,0,0,0
ORD04175,CUST0341,Enterprise,WH_EAST,Express,Industrial,1571.36,2026-04-03 17:37:00,2026-04-11 07:19:00,181.7,1,0,0
ORD04176,CUST0048,Retail,WH_EAST,Priority,Industrial,2679.02,2026-04-05 12:34:00,2026-04-14 05:20:00,208.77,1,0,0
ORD04177,CUST0879,Retail,WH_WEST,Express,Clothing,1794.66,2026-06-20 14:24:00,2026-06-27 12:32:00,166.13,0,1,0
ORD04178,CUST0111,Retail,WH_SOUTH,Priority,Furniture,2311.34,2026-03-12 15:16:00,2026-03-15 13:50:00,70.57,0,0,0
ORD04179,CUST0010,Enterprise,WH_WEST,Standard,Electronics,7713.49,2026-05-08 17:33:00,2026-05-16 05:44:00,180.18,1,0,0
ORD04180,CUST0842,Retail,WH_NORTH,Express,Office Supplies,1374.3,2026-04-11 17:59:00,2026-04-16 09:18:00,111.32,0,0,1
ORD04181,CUST0841,Enterprise,WH_NORTH,Express,Electronics,2259.0,2026-01-29 16:09:00,2026-02-08 17:30:00,241.35,1,0,0
ORD04182,CUST0021,SMB,WH_EAST,Express,Furniture,1203.07,2026-01-01 13:02:00,2026-01-05 14:34:00,97.53,0,0,1
ORD04183,CUST0977,Enterprise,WH_NORTH,Priority,Office Supplies,918.66,2026-01-03 14:53:00,2026-01-11 20:28:00,197.58,1,0,0
ORD04184,CUST0721,SMB,WH_EAST,Express,Clothing,1132.38,2026-03-28 08:40:00,2026-03-31 11:15:00,74.58,0,0,0
ORD04185,CUST0171,Enterprise,WH_NORTH,Priority,Clothing,1232.74,2026-02-03 08:30:00,2026-02-12 06:17:00,213.78,1,0,0
ORD04186,CUST0706,Enterprise,WH_WEST,Standard,Clothing,2410.48,2026-04-27 15:19:00,2026-05-08 16:51:00,265.53,1,0,0
ORD04187,CUST0662,SMB,WH_NORTH,Priority,Office Supplies,11840.26,2026-06-27 11:26:00,2026-07-02 09:16:00,117.83,0,0,0
ORD04188,CUST0686,SMB,WH_NORTH,Express,Electronics,1019.6,2026-01-23 12:21:00,2026-01-27 08:23:00,92.03,0,1,0
ORD04189,CUST0106,Retail,WH_SOUTH,Priority,Industrial,1295.56,2026-06-29 09:14:00,2026-07-02 05:25:00,68.18,0,0,0
ORD04190,CUST0677,Retail,WH_EAST,Express,Furniture,1719.01,2026-03-30 11:20:00,2026-04-05 03:23:00,136.05,0,0,0
ORD04191,CUST0983,Enterprise,WH_EAST,Priority,Electronics,2481.55,2026-05-30 17:20:00,2026-06-05 04:25:00,131.08,0,0,0
ORD04192,CUST0241,SMB,WH_WEST,Standard,Clothing,2232.42,2026-01-30 16:58:00,2026-02-07 15:32:00,190.57,1,0,0
ORD04193,CUST0295,SMB,WH_SOUTH,Express,Clothing,5050.67,2026-06-01 17:41:00,2026-06-07 01:05:00,127.4,0,0,0
ORD04194,CUST0031,SMB,WH_NORTH,Standard,Office Supplies,259.53,2026-06-27 17:20:00,2026-07-08 00:33:00,247.22,1,0,0
ORD04195,CUST0953,SMB,WH_WEST,Priority,Electronics,267.86,2026-04-30 17:35:00,2026-05-05 13:45:00,116.17,0,1,0
ORD04196,CUST0209,Retail,WH_WEST,Priority,Furniture,1215.97,2026-03-09 13:32:00,2026-03-12 15:13:00,73.68,0,0,0
ORD04197,CUST0109,SMB,WH_EAST,Express,Clothing,4349.6,2026-05-16 15:14:00,2026-05-22 11:38:00,140.4,0,0,0
ORD04198,CUST0474,Retail,WH_NORTH,Priority,Industrial,516.71,2026-01-22 08:41:00,2026-01-25 17:15:00,80.57,0,0,0
ORD04199,CUST0475,Retail,WH_SOUTH,Express,Furniture,163.02,2026-02-02 12:39:00,2026-02-11 07:52:00,211.22,1,0,0
ORD04200,CUST0311,Retail,WH_EAST,Express,Office Supplies,2855.33,2026-02-17 16:04:00,2026-02-26 08:17:00,208.22,1,0,0
ORD04201,CUST0572,Enterprise,WH_WEST,Standard,Industrial,2197.17,2026-06-22 10:43:00,2026-06-29 04:54:00,162.18,0,0,0
ORD04202,CUST0463,Enterprise,WH_SOUTH,Standard,Furniture,755.84,2026-01-08 14:54:00,2026-01-16 22:42:00,199.8,1,1,0
ORD04203,CUST0515,Retail,WH_WEST,Express,Furniture,821.86,2026-03-16 10:55:00,2026-03-22 18:47:00,151.87,0,1,0
ORD04204,CUST0357,Enterprise,WH_NORTH,Express,Furniture,832.31,2026-04-06 08:38:00,2026-04-14 16:56:00,200.3,1,0,0
ORD04205,CUST0089,Retail,WH_SOUTH,Standard,Office Supplies,1975.21,2026-04-26 08:03:00,2026-05-03 02:14:00,162.18,0,0,0
ORD04206,CUST0601,Retail,WH_WEST,Express,Clothing,1095.48,2026-03-26 09:59:00,2026-04-03 23:14:00,205.25,1,0,0
ORD04207,CUST0298,Retail,WH_EAST,Priority,Furniture,2684.5,2026-01-01 15:02:00,2026-01-05 22:41:00,103.65,0,1,0
ORD04208,CUST0091,Retail,WH_WEST,Priority,Electronics,184.25,2026-03-30 12:08:00,2026-04-06 08:35:00,164.45,0,0,0
ORD04209,CUST0412,SMB,WH_WEST,Express,Clothing,910.98,2026-03-29 08:23:00,2026-04-02 02:56:00,90.55,0,0,0
ORD04210,CUST0970,Retail,WH_EAST,Standard,Electronics,734.48,2026-04-03 12:50:00,2026-04-10 07:57:00,163.12,0,0,0
ORD04211,CUST0670,Enterprise,WH_SOUTH,Priority,Office Supplies,1472.81,2026-01-06 11:45:00,2026-01-15 03:34:00,207.82,1,0,0
ORD04212,CUST0951,SMB,WH_SOUTH,Standard,Electronics,1175.63,2026-01-26 16:35:00,2026-02-05 01:38:00,225.05,1,0,0
ORD04213,CUST0917,SMB,WH_WEST,Priority,Clothing,3423.01,2026-03-04 13:44:00,2026-03-13 10:34:00,212.83,1,1,0
ORD04214,CUST0571,Retail,WH_SOUTH,Standard,Office Supplies,408.52,2026-04-02 13:07:00,2026-04-06 17:53:00,100.77,0,1,0
ORD04215,CUST0267,Retail,WH_NORTH,Standard,Furniture,1875.05,2026-05-05 10:54:00,2026-05-10 16:00:00,125.1,0,0,0
ORD04216,CUST0998,Enterprise,WH_NORTH,Priority,Office Supplies,2826.15,2026-03-10 16:23:00,2026-03-13 12:59:00,68.6,0,0,0
ORD04217,CUST0816,SMB,WH_EAST,Express,Industrial,7984.98,2026-05-30 14:17:00,2026-06-04 22:56:00,128.65,0,0,1
ORD04218,CUST0757,SMB,WH_NORTH,Standard,Electronics,1229.78,2026-01-18 11:32:00,2026-01-28 11:12:00,239.67,1,1,1
ORD04219,CUST0126,SMB,WH_WEST,Express,Furniture,2343.89,2026-01-30 14:24:00,2026-02-05 00:23:00,129.98,0,0,0
ORD04220,CUST0466,Enterprise,WH_WEST,Priority,Electronics,427.05,2026-05-09 17:48:00,2026-05-15 05:16:00,131.47,0,0,0
ORD04221,CUST0567,Retail,WH_NORTH,Standard,Furniture,266.78,2026-05-08 08:48:00,2026-05-13 22:20:00,133.53,0,0,0
ORD04222,CUST0834,Enterprise,WH_WEST,Standard,Industrial,3553.97,2026-03-30 12:58:00,2026-04-10 08:29:00,259.52,1,0,0
ORD04223,CUST0732,SMB,WH_SOUTH,Priority,Office Supplies,1800.02,2026-02-18 17:31:00,2026-02-24 06:35:00,133.07,0,0,0
ORD04224,CUST0266,Enterprise,WH_EAST,Standard,Furniture,4641.58,2026-02-20 09:09:00,2026-03-02 18:12:00,249.05,1,0,0
ORD04225,CUST0307,Retail,WH_EAST,Priority,Furniture,602.61,2026-05-04 11:29:00,2026-05-07 10:58:00,71.48,0,1,0
ORD04226,CUST0297,Enterprise,WH_NORTH,Express,Electronics,2740.57,2026-04-12 15:00:00,2026-04-20 14:11:00,191.18,1,0,1
ORD04227,CUST0224,Retail,WH_SOUTH,Express,Furniture,8063.11,2026-05-23 17:53:00,2026-05-27 22:29:00,100.6,0,0,0
ORD04228,CUST0362,Enterprise,WH_WEST,Express,Industrial,2529.47,2026-05-06 11:46:00,2026-05-17 01:35:00,253.82,1,0,0
ORD04229,CUST0246,Retail,WH_WEST,Standard,Furniture,2255.81,2026-05-30 16:41:00,2026-06-08 23:30:00,222.82,1,0,0
ORD04230,CUST0389,SMB,WH_EAST,Standard,Clothing,1820.46,2026-05-22 17:25:00,2026-05-29 16:39:00,167.23,0,0,0
ORD04231,CUST0774,Retail,WH_NORTH,Priority,Furniture,514.55,2026-06-21 17:01:00,2026-06-25 20:08:00,99.12,0,0,0
ORD04232,CUST0719,Enterprise,WH_WEST,Priority,Industrial,5347.9,2026-06-29 10:09:00,2026-07-04 19:32:00,129.38,0,0,0
ORD04233,CUST0098,Enterprise,WH_NORTH,Standard,Industrial,1109.11,2026-02-14 16:35:00,2026-02-23 02:42:00,202.12,1,0,0
ORD04234,CUST0669,Retail,WH_SOUTH,Standard,Furniture,2706.97,2026-06-21 14:57:00,2026-06-30 09:22:00,210.42,1,0,0
ORD04235,CUST0183,Retail,WH_NORTH,Standard,Furniture,517.79,2026-04-27 12:04:00,2026-05-03 19:42:00,151.63,0,0,0
ORD04236,CUST0770,Enterprise,WH_EAST,Priority,Office Supplies,703.76,2026-02-14 10:44:00,2026-02-20 20:10:00,153.43,0,0,0
ORD04237,CUST0102,Retail,WH_SOUTH,Standard,Clothing,5699.14,2026-04-18 15:09:00,2026-04-25 03:37:00,156.47,0,0,0
ORD04238,CUST0760,SMB,WH_SOUTH,Standard,Furniture,1369.44,2026-01-13 16:36:00,2026-01-19 01:23:00,128.78,0,0,0
ORD04239,CUST0131,SMB,WH_NORTH,Priority,Industrial,5782.67,2026-05-04 11:26:00,2026-05-07 12:08:00,72.7,0,0,1
ORD04240,CUST0895,Retail,WH_SOUTH,Priority,Electronics,1698.36,2026-01-18 14:45:00,2026-01-23 18:57:00,124.2,0,0,0
ORD04241,CUST0215,SMB,WH_WEST,Priority,Industrial,414.26,2026-03-14 15:39:00,2026-03-16 22:59:00,55.33,0,0,0
ORD04242,CUST0720,SMB,WH_NORTH,Priority,Furniture,3691.01,2026-04-25 14:22:00,2026-05-02 18:29:00,172.12,1,0,0
ORD04243,CUST0623,Retail,WH_SOUTH,Priority,Industrial,1127.87,2026-03-01 10:52:00,2026-03-06 12:48:00,121.93,0,0,0
ORD04244,CUST0224,Retail,WH_SOUTH,Priority,Industrial,3161.97,2026-01-18 10:15:00,2026-01-21 17:48:00,79.55,0,0,0
ORD04245,CUST0406,Retail,WH_NORTH,Priority,Industrial,1844.88,2026-05-17 08:59:00,2026-05-20 09:10:00,72.18,0,0,0
ORD04246,CUST0057,SMB,WH_EAST,Express,Industrial,526.11,2026-06-23 10:16:00,2026-07-01 11:27:00,193.18,1,0,0
ORD04247,CUST0954,Enterprise,WH_NORTH,Express,Clothing,2062.01,2026-04-13 12:35:00,2026-04-23 02:28:00,229.88,1,0,0
ORD04248,CUST0965,Retail,WH_NORTH,Priority,Industrial,10477.43,2026-06-26 08:03:00,2026-07-02 17:57:00,153.9,0,1,0
ORD04249,CUST0934,Enterprise,WH_SOUTH,Express,Clothing,2682.19,2026-01-18 09:00:00,2026-01-25 16:31:00,175.52,1,0,1
ORD04250,CUST0002,Enterprise,WH_WEST,Express,Furniture,1726.73,2026-03-03 10:36:00,2026-03-06 16:56:00,78.33,0,0,0
ORD04251,CUST0399,Enterprise,WH_SOUTH,Express,Electronics,4273.87,2026-05-04 12:47:00,2026-05-08 19:50:00,103.05,0,0,0
ORD04252,CUST0607,Retail,WH_NORTH,Standard,Industrial,2139.94,2026-04-13 17:45:00,2026-04-20 08:10:00,158.42,0,1,1
ORD04253,CUST0840,Enterprise,WH_WEST,Priority,Clothing,2138.0,2026-02-24 17:33:00,2026-03-05 00:08:00,198.58,1,0,0
ORD04254,CUST0300,Enterprise,WH_SOUTH,Priority,Electronics,754.99,2026-04-16 13:39:00,2026-04-24 18:30:00,196.85,1,0,0
ORD04255,CUST0346,Enterprise,WH_WEST,Express,Office Supplies,2180.0,2026-03-26 12:07:00,2026-04-02 05:24:00,161.28,0,0,0
ORD04256,CUST0686,Enterprise,WH_WEST,Priority,Furniture,4139.6,2026-06-30 12:39:00,2026-07-08 18:32:00,197.88,1,0,0
ORD04257,CUST0661,SMB,WH_WEST,Priority,Electronics,926.26,2026-03-05 09:40:00,2026-03-09 06:10:00,92.5,0,0,0
ORD04258,CUST0899,SMB,WH_WEST,Priority,Office Supplies,5651.05,2026-04-18 17:23:00,2026-04-23 07:18:00,109.92,0,0,0
ORD04259,CUST0532,Enterprise,WH_SOUTH,Standard,Electronics,1680.14,2026-06-21 08:13:00,2026-07-03 09:27:00,289.23,1,1,0
ORD04260,CUST0108,Enterprise,WH_EAST,Express,Electronics,888.72,2026-04-30 16:37:00,2026-05-09 04:19:00,203.7,1,0,0
ORD04261,CUST0939,Retail,WH_SOUTH,Express,Electronics,4016.26,2026-05-27 15:37:00,2026-06-05 01:37:00,202.0,1,0,0
ORD04262,CUST0233,Enterprise,WH_WEST,Priority,Clothing,1437.36,2026-05-16 15:21:00,2026-05-24 06:01:00,182.67,1,0,0
ORD04263,CUST0274,Enterprise,WH_SOUTH,Standard,Office Supplies,3319.64,2026-01-06 08:06:00,2026-01-11 02:01:00,113.92,0,0,0
ORD04264,CUST0737,Enterprise,WH_SOUTH,Standard,Clothing,1431.66,2026-01-28 17:13:00,2026-02-03 14:33:00,141.33,0,0,0
ORD04265,CUST0960,Enterprise,WH_EAST,Priority,Office Supplies,1723.55,2026-06-13 16:07:00,2026-06-21 20:19:00,196.2,1,0,0
ORD04266,CUST0844,Enterprise,WH_WEST,Priority,Industrial,2683.42,2026-04-10 16:19:00,2026-04-17 02:39:00,154.33,0,0,0
ORD04267,CUST0649,Retail,WH_EAST,Standard,Office Supplies,2281.79,2026-01-22 15:42:00,2026-01-30 00:28:00,176.77,1,0,0
ORD04268,CUST0275,Enterprise,WH_WEST,Priority,Furniture,366.34,2026-01-23 16:11:00,2026-02-03 21:56:00,269.75,1,0,0
ORD04269,CUST0616,Retail,WH_WEST,Standard,Office Supplies,737.31,2026-04-16 15:18:00,2026-04-26 01:32:00,226.23,1,0,0
ORD04270,CUST0709,SMB,WH_SOUTH,Standard,Clothing,3802.93,2026-03-24 16:01:00,2026-03-31 13:20:00,165.32,0,0,0
ORD04271,CUST0868,Enterprise,WH_SOUTH,Express,Office Supplies,1626.67,2026-03-27 15:21:00,2026-04-05 15:31:00,216.17,1,0,0
ORD04272,CUST0108,SMB,WH_EAST,Express,Furniture,1189.17,2026-04-20 13:19:00,2026-04-23 00:56:00,59.62,0,0,1
ORD04273,CUST0552,Enterprise,WH_NORTH,Express,Clothing,609.81,2026-06-20 13:58:00,2026-06-24 09:53:00,91.92,0,0,0
ORD04274,CUST0882,Enterprise,WH_NORTH,Standard,Industrial,762.2,2026-06-25 09:22:00,2026-07-02 14:46:00,173.4,1,0,0
ORD04275,CUST0931,Enterprise,WH_WEST,Standard,Electronics,358.73,2026-02-20 14:52:00,2026-03-03 06:52:00,256.0,1,0,0
ORD04276,CUST0993,SMB,WH_NORTH,Priority,Clothing,1667.32,2026-03-24 17:36:00,2026-03-30 20:01:00,146.42,0,0,0
ORD04277,CUST0824,SMB,WH_NORTH,Standard,Industrial,1120.19,2026-03-07 12:49:00,2026-03-18 01:44:00,252.92,1,0,1
ORD04278,CUST0772,Enterprise,WH_SOUTH,Express,Electronics,834.41,2026-06-08 14:32:00,2026-06-19 05:11:00,254.65,1,0,0
ORD04279,CUST0508,Retail,WH_WEST,Express,Clothing,1712.14,2026-03-12 09:42:00,2026-03-18 15:36:00,149.9,0,1,0
ORD04280,CUST0130,Retail,WH_WEST,Standard,Furniture,2419.16,2026-02-08 08:00:00,2026-02-14 03:33:00,139.55,0,0,0
ORD04281,CUST0794,Enterprise,WH_NORTH,Standard,Electronics,9648.51,2026-01-09 13:37:00,2026-01-20 20:27:00,270.83,1,0,0
ORD04282,CUST0241,Retail,WH_SOUTH,Standard,Office Supplies,539.42,2026-02-01 15:06:00,2026-02-07 18:34:00,147.47,0,0,0
ORD04283,CUST0922,Retail,WH_WEST,Priority,Office Supplies,4571.08,2026-04-17 17:06:00,2026-04-21 08:38:00,87.53,0,1,0
ORD04284,CUST0254,SMB,WH_WEST,Priority,Clothing,3938.21,2026-04-17 15:24:00,2026-04-20 12:10:00,68.77,0,0,0
ORD04285,CUST0316,SMB,WH_SOUTH,Standard,Electronics,969.45,2026-03-30 09:47:00,2026-04-03 13:42:00,99.92,0,0,0
ORD04286,CUST0082,Retail,WH_SOUTH,Express,Furniture,2127.26,2026-03-23 14:41:00,2026-03-30 12:50:00,166.15,0,0,0
ORD04287,CUST0092,SMB,WH_SOUTH,Express,Furniture,1253.75,2026-05-02 14:42:00,2026-05-05 12:11:00,69.48,0,0,0
ORD04288,CUST0222,SMB,WH_EAST,Express,Office Supplies,2097.6,2026-03-10 11:03:00,2026-03-14 08:20:00,93.28,0,0,0
ORD04289,CUST0149,Retail,WH_WEST,Priority,Office Supplies,6046.92,2026-06-08 08:57:00,2026-06-12 03:28:00,90.52,0,0,0
ORD04290,CUST0621,SMB,WH_EAST,Standard,Electronics,2935.07,2026-04-05 10:57:00,2026-04-13 00:03:00,181.1,1,1,0
ORD04291,CUST0519,Retail,WH_NORTH,Priority,Electronics,2715.92,2026-01-19 11:27:00,2026-01-23 10:20:00,94.88,0,0,0
ORD04292,CUST0345,Retail,WH_EAST,Priority,Office Supplies,1281.46,2026-02-16 15:06:00,2026-02-23 02:35:00,155.48,0,0,0
ORD04293,CUST0881,SMB,WH_EAST,Priority,Electronics,551.56,2026-05-04 10:07:00,2026-05-09 04:01:00,113.9,0,0,0
ORD04294,CUST0789,Retail,WH_NORTH,Priority,Industrial,1530.31,2026-03-18 08:25:00,2026-03-21 10:32:00,74.12,0,0,0
ORD04295,CUST0479,Enterprise,WH_SOUTH,Priority,Industrial,4747.09,2026-02-25 13:07:00,2026-03-08 11:02:00,261.92,1,0,0
ORD04296,CUST0590,SMB,WH_NORTH,Priority,Industrial,532.86,2026-06-08 11:55:00,2026-06-11 16:23:00,76.47,0,0,0
ORD04297,CUST0513,SMB,WH_NORTH,Standard,Furniture,777.38,2026-01-25 16:37:00,2026-02-04 00:09:00,223.53,1,0,0
ORD04298,CUST0033,Retail,WH_WEST,Standard,Industrial,2000.22,2026-05-05 13:18:00,2026-05-10 12:02:00,118.73,0,0,0
ORD04299,CUST0800,Enterprise,WH_NORTH,Priority,Furniture,822.44,2026-05-24 16:23:00,2026-06-01 06:54:00,182.52,1,0,0
ORD04300,CUST0760,Retail,WH_EAST,Express,Industrial,959.09,2026-04-07 17:24:00,2026-04-13 15:52:00,142.47,0,0,0
ORD04301,CUST0538,Enterprise,WH_NORTH,Priority,Furniture,1288.35,2026-04-06 10:37:00,2026-04-11 09:27:00,118.83,0,0,0
ORD04302,CUST0738,Enterprise,WH_SOUTH,Priority,Industrial,606.38,2026-04-15 13:07:00,2026-04-26 08:40:00,259.55,1,0,1
ORD04303,CUST0932,Enterprise,WH_SOUTH,Standard,Industrial,829.4,2026-02-10 09:01:00,2026-02-16 18:22:00,153.35,0,0,0
ORD04304,CUST0603,SMB,WH_SOUTH,Priority,Furniture,3173.98,2026-02-24 08:34:00,2026-03-01 11:00:00,122.43,0,0,1
ORD04305,CUST0078,SMB,WH_EAST,Priority,Furniture,635.3,2026-06-16 08:51:00,2026-06-19 20:27:00,83.6,0,0,0
ORD04306,CUST0731,SMB,WH_SOUTH,Express,Furniture,503.56,2026-05-28 11:48:00,2026-06-01 12:07:00,96.32,0,0,0
ORD04307,CUST0889,Retail,WH_SOUTH,Express,Industrial,1092.23,2026-01-07 11:19:00,2026-01-15 13:44:00,194.42,1,0,0
ORD04308,CUST0504,SMB,WH_WEST,Priority,Office Supplies,3247.25,2026-03-04 14:46:00,2026-03-10 08:48:00,138.03,0,0,0
ORD04309,CUST0504,SMB,WH_WEST,Express,Electronics,1544.51,2026-03-30 12:48:00,2026-04-06 00:12:00,155.4,0,0,0
ORD04310,CUST0594,SMB,WH_NORTH,Standard,Office Supplies,1246.8,2026-03-08 10:49:00,2026-03-14 05:13:00,138.4,0,0,1
ORD04311,CUST0467,Retail,WH_NORTH,Standard,Industrial,1873.36,2026-06-11 16:01:00,2026-06-21 17:07:00,241.1,1,0,0
ORD04312,CUST0010,Retail,WH_WEST,Express,Furniture,447.39,2026-02-20 16:08:00,2026-02-24 08:46:00,88.63,0,0,0
ORD04313,CUST0365,Enterprise,WH_NORTH,Express,Office Supplies,2685.88,2026-06-05 10:32:00,2026-06-12 05:04:00,162.53,0,0,0
ORD04314,CUST0364,Enterprise,WH_EAST,Express,Furniture,2457.13,2026-05-16 16:52:00,2026-05-20 18:39:00,97.78,0,0,0
ORD04315,CUST0078,Retail,WH_NORTH,Priority,Electronics,1303.17,2026-04-15 14:52:00,2026-04-21 13:42:00,142.83,0,0,0
ORD04316,CUST0988,Enterprise,WH_WEST,Express,Furniture,4042.99,2026-05-22 12:02:00,2026-05-29 01:33:00,157.52,0,0,1
ORD04317,CUST0041,SMB,WH_EAST,Standard,Electronics,733.63,2026-06-08 14:56:00,2026-06-16 06:24:00,183.47,1,0,0
ORD04318,CUST0181,Enterprise,WH_WEST,Priority,Clothing,4457.43,2026-06-09 10:56:00,2026-06-14 15:07:00,124.18,0,0,0
ORD04319,CUST0619,Retail,WH_SOUTH,Standard,Clothing,2045.9,2026-01-31 15:39:00,2026-02-05 01:51:00,106.2,0,0,1
ORD04320,CUST0185,SMB,WH_EAST,Standard,Furniture,1381.27,2026-05-23 12:43:00,2026-05-29 16:52:00,148.15,0,1,0
ORD04321,CUST0256,Enterprise,WH_NORTH,Priority,Electronics,1779.52,2026-01-08 17:18:00,2026-01-13 16:20:00,119.03,0,0,0
ORD04322,CUST0206,Retail,WH_EAST,Standard,Electronics,1659.36,2026-01-06 13:01:00,2026-01-14 02:22:00,181.35,1,0,0
ORD04323,CUST0799,SMB,WH_SOUTH,Standard,Furniture,4799.3,2026-05-08 11:57:00,2026-05-12 21:35:00,105.63,0,0,0
ORD04324,CUST0879,SMB,WH_EAST,Express,Furniture,764.07,2026-06-19 11:24:00,2026-06-25 17:34:00,150.17,0,0,0
ORD04325,CUST0966,Enterprise,WH_EAST,Express,Industrial,982.39,2026-05-12 15:44:00,2026-05-17 17:17:00,121.55,0,0,0
ORD04326,CUST0814,SMB,WH_EAST,Standard,Furniture,4142.45,2026-04-30 10:34:00,2026-05-10 00:14:00,229.67,1,1,0
ORD04327,CUST0535,Enterprise,WH_EAST,Priority,Electronics,1122.79,2026-04-20 08:55:00,2026-04-29 11:19:00,218.4,1,0,0
ORD04328,CUST0528,Retail,WH_EAST,Priority,Furniture,3716.09,2026-06-15 14:36:00,2026-06-23 00:16:00,177.67,1,0,1
ORD04329,CUST0714,Enterprise,WH_EAST,Standard,Clothing,7041.3,2026-01-21 13:48:00,2026-01-28 08:25:00,162.62,0,0,0
ORD04330,CUST0025,SMB,WH_EAST,Priority,Industrial,1311.02,2026-06-21 14:42:00,2026-06-28 03:02:00,156.33,0,0,0
ORD04331,CUST0955,Retail,WH_NORTH,Express,Clothing,3118.45,2026-04-27 13:51:00,2026-04-29 21:36:00,55.75,0,0,0
ORD04332,CUST0359,Enterprise,WH_EAST,Express,Electronics,718.41,2026-01-26 08:33:00,2026-02-05 01:49:00,233.27,1,0,0
ORD04333,CUST0172,Enterprise,WH_WEST,Express,Clothing,3306.97,2026-05-22 11:22:00,2026-05-28 05:23:00,138.02,0,0,0
ORD04334,CUST0701,Retail,WH_NORTH,Priority,Industrial,2120.78,2026-02-10 17:58:00,2026-02-16 09:51:00,135.88,0,0,0
ORD04335,CUST0639,SMB,WH_NORTH,Standard,Industrial,2639.73,2026-02-02 08:36:00,2026-02-07 20:57:00,132.35,0,0,0
ORD04336,CUST0053,Enterprise,WH_NORTH,Standard,Furniture,1078.73,2026-04-10 11:15:00,2026-04-19 07:03:00,211.8,1,0,0
ORD04337,CUST0924,Enterprise,WH_NORTH,Standard,Electronics,478.73,2026-06-03 08:16:00,2026-06-12 02:44:00,210.47,1,1,0
ORD04338,CUST0742,Retail,WH_WEST,Express,Clothing,2704.31,2026-02-05 09:45:00,2026-02-09 03:10:00,89.42,0,0,0
ORD04339,CUST0887,Enterprise,WH_EAST,Priority,Office Supplies,346.98,2026-04-29 09:02:00,2026-05-09 08:34:00,239.53,1,0,0
ORD04340,CUST0040,SMB,WH_NORTH,Priority,Clothing,1402.65,2026-06-11 17:54:00,2026-06-15 17:37:00,95.72,0,1,0
ORD04341,CUST0442,Enterprise,WH_SOUTH,Priority,Office Supplies,3838.92,2026-02-10 15:59:00,2026-02-14 19:16:00,99.28,0,0,0
ORD04342,CUST0942,Retail,WH_NORTH,Express,Industrial,2108.05,2026-03-15 16:59:00,2026-03-20 16:14:00,119.25,0,0,0
ORD04343,CUST0955,Enterprise,WH_NORTH,Priority,Furniture,8592.75,2026-05-04 13:49:00,2026-05-13 05:50:00,208.02,1,1,0
ORD04344,CUST0072,Enterprise,WH_NORTH,Express,Electronics,4105.52,2026-01-16 10:55:00,2026-01-24 19:57:00,201.03,1,0,0
ORD04345,CUST0480,Retail,WH_WEST,Express,Industrial,1071.57,2026-01-02 10:20:00,2026-01-08 13:34:00,147.23,0,0,0
ORD04346,CUST0731,Retail,WH_WEST,Standard,Electronics,1847.98,2026-03-30 10:32:00,2026-04-09 08:01:00,237.48,1,1,0
ORD04347,CUST0553,Retail,WH_WEST,Priority,Electronics,1740.81,2026-03-24 12:59:00,2026-03-29 20:14:00,127.25,0,0,0
ORD04348,CUST0786,Enterprise,WH_EAST,Express,Office Supplies,509.92,2026-06-09 14:42:00,2026-06-16 20:08:00,173.43,1,0,0
ORD04349,CUST0826,SMB,WH_NORTH,Standard,Clothing,852.08,2026-01-30 11:31:00,2026-02-03 12:31:00,97.0,0,0,0
ORD04350,CUST0003,Enterprise,WH_SOUTH,Standard,Electronics,1154.46,2026-04-05 13:31:00,2026-04-15 22:08:00,248.62,1,1,1
ORD04351,CUST0387,Retail,WH_NORTH,Priority,Office Supplies,354.61,2026-03-16 11:58:00,2026-03-22 17:13:00,149.25,0,1,0
ORD04352,CUST0278,Enterprise,WH_NORTH,Express,Industrial,1878.06,2026-01-21 11:54:00,2026-01-29 23:43:00,203.82,1,0,0
ORD04353,CUST0656,Enterprise,WH_WEST,Express,Electronics,1481.4,2026-03-24 12:36:00,2026-03-31 19:12:00,174.6,1,1,0
ORD04354,CUST0540,SMB,WH_EAST,Priority,Industrial,474.23,2026-03-29 09:43:00,2026-04-01 16:52:00,79.15,0,0,0
ORD04355,CUST0445,Retail,WH_SOUTH,Standard,Electronics,2498.31,2026-04-23 17:33:00,2026-04-30 11:59:00,162.43,0,0,0
ORD04356,CUST0184,Retail,WH_EAST,Priority,Industrial,3205.74,2026-05-24 11:57:00,2026-06-01 15:15:00,195.3,1,1,0
ORD04357,CUST0154,Enterprise,WH_SOUTH,Express,Furniture,2168.15,2026-06-07 11:24:00,2026-06-16 15:12:00,219.8,1,0,0
ORD04358,CUST0558,SMB,WH_SOUTH,Standard,Industrial,1395.13,2026-06-23 15:43:00,2026-06-30 22:05:00,174.37,1,0,0
ORD04359,CUST0854,Enterprise,WH_WEST,Priority,Office Supplies,2902.0,2026-02-05 17:39:00,2026-02-13 14:06:00,188.45,1,1,0
ORD04360,CUST0941,Enterprise,WH_WEST,Standard,Electronics,3115.6,2026-02-25 14:20:00,2026-03-10 05:18:00,302.97,1,0,0
ORD04361,CUST0561,SMB,WH_EAST,Priority,Clothing,2312.13,2026-02-15 09:45:00,2026-02-18 15:39:00,77.9,0,0,0
ORD04362,CUST0654,Enterprise,WH_EAST,Express,Industrial,934.78,2026-03-01 14:12:00,2026-03-05 11:02:00,92.83,0,0,0
ORD04363,CUST0791,Enterprise,WH_NORTH,Express,Office Supplies,2255.85,2026-01-12 12:28:00,2026-01-22 08:29:00,236.02,1,0,0
ORD04364,CUST0423,SMB,WH_NORTH,Standard,Office Supplies,4705.02,2026-03-19 15:52:00,2026-03-26 11:25:00,163.55,0,0,0
ORD04365,CUST0240,Enterprise,WH_SOUTH,Express,Clothing,1121.81,2026-03-30 17:59:00,2026-04-07 21:47:00,195.8,1,1,0
ORD04366,CUST0675,SMB,WH_WEST,Priority,Electronics,9685.17,2026-01-09 09:52:00,2026-01-14 21:18:00,131.43,0,1,0
ORD04367,CUST0227,Enterprise,WH_NORTH,Priority,Office Supplies,1187.37,2026-05-27 14:35:00,2026-06-03 10:24:00,163.82,0,0,0
ORD04368,CUST0934,Retail,WH_SOUTH,Standard,Electronics,1855.53,2026-05-11 16:39:00,2026-05-19 00:40:00,176.02,1,0,0
ORD04369,CUST0175,Retail,WH_SOUTH,Priority,Furniture,1055.76,2026-02-11 13:00:00,2026-02-16 15:46:00,122.77,0,0,0
ORD04370,CUST0158,Retail,WH_NORTH,Express,Electronics,2161.63,2026-05-15 12:18:00,2026-05-23 14:58:00,194.67,1,0,0
ORD04371,CUST0651,Enterprise,WH_WEST,Express,Furniture,448.64,2026-01-23 11:57:00,2026-01-29 07:57:00,140.0,0,0,0
ORD04372,CUST0282,Retail,WH_SOUTH,Express,Industrial,1168.14,2026-02-14 17:02:00,2026-02-22 12:54:00,187.87,1,0,0
ORD04373,CUST0243,SMB,WH_SOUTH,Express,Electronics,754.69,2026-01-13 15:08:00,2026-01-22 09:53:00,210.75,1,0,0
ORD04374,CUST0241,SMB,WH_SOUTH,Express,Electronics,2014.79,2026-04-05 15:48:00,2026-04-12 08:35:00,160.78,0,0,0
ORD04375,CUST0524,SMB,WH_SOUTH,Priority,Office Supplies,4006.04,2026-02-13 13:49:00,2026-02-20 17:37:00,171.8,1,0,0
ORD04376,CUST0936,SMB,WH_EAST,Priority,Furniture,3031.48,2026-03-15 12:12:00,2026-03-20 08:50:00,116.63,0,0,0
ORD04377,CUST0129,SMB,WH_NORTH,Express,Office Supplies,271.15,2026-03-15 08:41:00,2026-03-19 02:17:00,89.6,0,0,0
ORD04378,CUST0513,SMB,WH_NORTH,Standard,Industrial,9261.82,2026-02-15 12:49:00,2026-02-24 15:57:00,219.13,1,0,0
ORD04379,CUST0393,Retail,WH_SOUTH,Priority,Furniture,2289.81,2026-03-28 13:36:00,2026-04-05 12:15:00,190.65,1,0,0
ORD04380,CUST0445,Enterprise,WH_EAST,Standard,Electronics,971.46,2026-01-01 16:51:00,2026-01-11 23:54:00,247.05,1,1,0
ORD04381,CUST0690,Retail,WH_EAST,Express,Industrial,2050.22,2026-06-29 14:42:00,2026-07-02 17:57:00,75.25,0,0,0
ORD04382,CUST0596,Enterprise,WH_WEST,Standard,Industrial,2081.72,2026-02-27 12:45:00,2026-03-10 19:23:00,270.63,1,0,0
ORD04383,CUST0653,Enterprise,WH_EAST,Express,Electronics,1060.53,2026-04-05 15:56:00,2026-04-12 21:55:00,173.98,1,0,0
ORD04384,CUST0338,Retail,WH_NORTH,Priority,Clothing,2118.22,2026-06-19 16:38:00,2026-06-23 11:27:00,90.82,0,0,0
ORD04385,CUST0318,Retail,WH_NORTH,Express,Industrial,1112.12,2026-06-04 17:07:00,2026-06-08 01:33:00,80.43,0,0,0
ORD04386,CUST0538,Retail,WH_NORTH,Standard,Industrial,1308.33,2026-05-08 16:09:00,2026-05-14 18:17:00,146.13,0,0,0
ORD04387,CUST0169,SMB,WH_NORTH,Express,Electronics,1044.17,2026-03-22 14:11:00,2026-03-28 02:46:00,132.58,0,0,0
ORD04388,CUST0212,Enterprise,WH_NORTH,Express,Electronics,574.71,2026-03-15 10:53:00,2026-03-26 01:07:00,254.23,1,0,0
ORD04389,CUST0521,SMB,WH_EAST,Express,Electronics,2031.78,2026-04-05 08:42:00,2026-04-09 18:55:00,106.22,0,0,0
ORD04390,CUST0637,Enterprise,WH_EAST,Express,Clothing,2887.77,2026-05-09 12:26:00,2026-05-14 02:08:00,109.7,0,0,0
ORD04391,CUST0455,Retail,WH_WEST,Standard,Electronics,2729.59,2026-03-23 12:55:00,2026-04-01 07:32:00,210.62,1,1,0
ORD04392,CUST0269,Retail,WH_SOUTH,Priority,Industrial,3484.01,2026-05-24 12:34:00,2026-05-30 06:10:00,137.6,0,0,0
ORD04393,CUST0764,SMB,WH_NORTH,Express,Electronics,2343.67,2026-04-06 15:46:00,2026-04-10 02:58:00,83.2,0,0,0
ORD04394,CUST0666,Enterprise,WH_NORTH,Express,Electronics,1180.65,2026-02-06 13:32:00,2026-02-13 09:18:00,163.77,0,0,1
ORD04395,CUST0515,SMB,WH_EAST,Standard,Industrial,3539.47,2026-01-22 15:08:00,2026-01-25 17:41:00,74.55,0,0,0
ORD04396,CUST0258,Enterprise,WH_NORTH,Express,Electronics,610.32,2026-05-17 11:49:00,2026-05-24 11:02:00,167.22,0,1,0
ORD04397,CUST0685,Retail,WH_NORTH,Priority,Office Supplies,879.6,2026-05-11 17:13:00,2026-05-15 23:36:00,102.38,0,0,0
ORD04398,CUST0396,Enterprise,WH_NORTH,Express,Electronics,836.01,2026-04-16 12:24:00,2026-04-26 06:05:00,233.68,1,0,0
ORD04399,CUST0557,SMB,WH_SOUTH,Express,Office Supplies,4290.01,2026-06-13 12:32:00,2026-06-21 21:01:00,200.48,1,0,0
ORD04400,CUST0777,SMB,WH_EAST,Standard,Clothing,3843.85,2026-01-08 13:17:00,2026-01-16 03:44:00,182.45,1,0,0
ORD04401,CUST0819,Enterprise,WH_NORTH,Standard,Industrial,2670.03,2026-01-13 13:21:00,2026-01-23 16:03:00,242.7,1,0,0
ORD04402,CUST0607,Enterprise,WH_SOUTH,Priority,Industrial,4262.21,2026-06-06 08:41:00,2026-06-15 04:47:00,212.1,1,0,0
ORD04403,CUST0371,Retail,WH_SOUTH,Express,Furniture,894.78,2026-06-05 13:55:00,2026-06-12 05:24:00,159.48,0,0,0
ORD04404,CUST0525,SMB,WH_EAST,Priority,Industrial,2389.59,2026-03-24 10:04:00,2026-03-29 21:20:00,131.27,0,0,0
ORD04405,CUST0997,Retail,WH_SOUTH,Standard,Furniture,1635.76,2026-01-14 14:19:00,2026-01-23 04:06:00,205.78,1,0,0
ORD04406,CUST0526,SMB,WH_SOUTH,Standard,Electronics,3559.96,2026-01-06 15:29:00,2026-01-15 02:55:00,203.43,1,0,0
ORD04407,CUST0705,Retail,WH_NORTH,Express,Furniture,1648.83,2026-05-11 10:53:00,2026-05-20 00:10:00,205.28,1,0,0
ORD04408,CUST0147,SMB,WH_WEST,Standard,Office Supplies,1328.82,2026-02-19 11:51:00,2026-02-26 11:49:00,167.97,0,0,0
ORD04409,CUST0643,SMB,WH_EAST,Priority,Electronics,2787.02,2026-04-28 16:03:00,2026-05-02 07:48:00,87.75,0,0,0
ORD04410,CUST0923,SMB,WH_WEST,Standard,Furniture,3644.36,2026-06-28 11:28:00,2026-07-07 00:06:00,204.63,1,0,0
ORD04411,CUST0022,SMB,WH_SOUTH,Express,Office Supplies,1059.26,2026-01-08 13:16:00,2026-01-12 03:14:00,85.97,0,0,0
ORD04412,CUST0961,Retail,WH_WEST,Priority,Office Supplies,1721.82,2026-06-17 15:46:00,2026-06-24 23:37:00,175.85,1,0,0
ORD04413,CUST0892,Retail,WH_EAST,Priority,Furniture,775.3,2026-04-22 14:10:00,2026-04-25 13:39:00,71.48,0,0,0
ORD04414,CUST0350,Retail,WH_EAST,Express,Furniture,245.07,2026-02-09 11:57:00,2026-02-16 07:48:00,163.85,0,0,0
ORD04415,CUST0044,Retail,WH_WEST,Express,Furniture,2122.54,2026-02-11 16:06:00,2026-02-19 01:42:00,177.6,1,0,0
ORD04416,CUST0541,Enterprise,WH_NORTH,Priority,Furniture,2942.82,2026-02-02 08:14:00,2026-02-07 22:15:00,134.02,0,0,0
ORD04417,CUST0136,SMB,WH_NORTH,Priority,Furniture,2229.77,2026-06-27 12:53:00,2026-07-02 00:35:00,107.7,0,0,0
ORD04418,CUST0454,SMB,WH_NORTH,Express,Industrial,380.07,2026-01-01 08:31:00,2026-01-06 06:19:00,117.8,0,0,0
ORD04419,CUST0498,Retail,WH_SOUTH,Standard,Clothing,1365.56,2026-05-28 17:31:00,2026-06-05 09:09:00,183.63,1,0,0
ORD04420,CUST0499,SMB,WH_NORTH,Standard,Furniture,306.53,2026-06-25 09:03:00,2026-07-01 06:02:00,140.98,0,0,0
ORD04421,CUST0951,SMB,WH_WEST,Express,Office Supplies,5408.68,2026-03-09 17:06:00,2026-03-13 19:13:00,98.12,0,0,0
ORD04422,CUST0520,SMB,WH_EAST,Express,Office Supplies,758.36,2026-03-28 12:46:00,2026-04-01 08:11:00,91.42,0,0,0
ORD04423,CUST0306,SMB,WH_SOUTH,Standard,Office Supplies,4936.06,2026-01-21 09:52:00,2026-01-27 10:42:00,144.83,0,0,0
ORD04424,CUST0388,SMB,WH_WEST,Standard,Electronics,3853.34,2026-01-24 13:49:00,2026-02-02 14:41:00,216.87,1,0,0
ORD04425,CUST0464,Retail,WH_NORTH,Priority,Furniture,879.65,2026-03-12 12:00:00,2026-03-15 12:11:00,72.18,0,0,0
ORD04426,CUST0040,Enterprise,WH_EAST,Priority,Industrial,730.53,2026-06-05 14:30:00,2026-06-12 03:30:00,157.0,0,0,0
ORD04427,CUST0282,Retail,WH_NORTH,Priority,Clothing,2392.98,2026-01-04 13:23:00,2026-01-07 19:53:00,78.5,0,0,0
ORD04428,CUST0690,Retail,WH_WEST,Standard,Clothing,920.15,2026-05-28 14:05:00,2026-06-02 06:48:00,112.72,0,0,0
ORD04429,CUST0511,SMB,WH_EAST,Standard,Clothing,1962.53,2026-06-10 14:17:00,2026-06-18 03:32:00,181.25,1,0,0
ORD04430,CUST0829,Retail,WH_NORTH,Express,Industrial,1228.73,2026-03-06 11:06:00,2026-03-12 11:58:00,144.87,0,0,0
ORD04431,CUST0681,SMB,WH_WEST,Standard,Electronics,434.88,2026-05-03 16:18:00,2026-05-11 18:03:00,193.75,1,0,0
ORD04432,CUST0284,SMB,WH_NORTH,Express,Office Supplies,303.57,2026-04-20 09:42:00,2026-04-27 15:30:00,173.8,1,0,0
ORD04433,CUST0540,Enterprise,WH_WEST,Standard,Furniture,2167.54,2026-06-22 13:54:00,2026-07-03 11:50:00,261.93,1,0,0
ORD04434,CUST0169,Retail,WH_EAST,Priority,Office Supplies,1153.73,2026-04-10 08:39:00,2026-04-14 07:03:00,94.4,0,0,0
ORD04435,CUST0755,Enterprise,WH_NORTH,Priority,Clothing,1161.57,2026-06-22 08:39:00,2026-06-30 23:44:00,207.08,1,0,0
ORD04436,CUST0875,Enterprise,WH_EAST,Express,Furniture,3154.83,2026-06-25 14:08:00,2026-07-06 03:47:00,253.65,1,0,0
ORD04437,CUST0584,SMB,WH_WEST,Express,Clothing,4622.79,2026-02-05 09:21:00,2026-02-13 09:05:00,191.73,1,0,0
ORD04438,CUST0703,Enterprise,WH_SOUTH,Priority,Industrial,1453.84,2026-01-02 08:17:00,2026-01-10 13:53:00,197.6,1,0,0
ORD04439,CUST0115,Enterprise,WH_SOUTH,Express,Furniture,1376.81,2026-01-01 14:17:00,2026-01-09 05:46:00,183.48,1,0,0
ORD04440,CUST0304,Retail,WH_NORTH,Priority,Electronics,2697.59,2026-02-11 09:54:00,2026-02-15 20:05:00,106.18,0,0,0
ORD04441,CUST0238,Enterprise,WH_WEST,Express,Office Supplies,610.61,2026-05-13 11:20:00,2026-05-24 04:05:00,256.75,1,0,1
ORD04442,CUST0903,SMB,WH_SOUTH,Express,Industrial,2161.42,2026-05-20 15:22:00,2026-05-27 06:28:00,159.1,0,0,0
ORD04443,CUST0312,Enterprise,WH_SOUTH,Express,Electronics,2811.6,2026-06-04 09:26:00,2026-06-12 01:15:00,183.82,1,0,0
ORD04444,CUST0836,SMB,WH_NORTH,Priority,Furniture,3115.62,2026-04-29 13:50:00,2026-05-01 19:06:00,53.27,0,0,0
ORD04445,CUST0081,Retail,WH_NORTH,Priority,Office Supplies,383.98,2026-04-29 10:24:00,2026-05-05 17:10:00,150.77,0,0,0
ORD04446,CUST0436,Retail,WH_EAST,Priority,Office Supplies,983.3,2026-05-11 09:41:00,2026-05-19 14:29:00,196.8,1,0,0
ORD04447,CUST0047,SMB,WH_WEST,Standard,Clothing,895.51,2026-05-25 15:26:00,2026-06-04 18:41:00,243.25,1,1,0
ORD04448,CUST0369,SMB,WH_NORTH,Express,Office Supplies,1958.45,2026-05-24 10:54:00,2026-05-28 18:16:00,103.37,0,0,0
ORD04449,CUST0569,Retail,WH_WEST,Standard,Industrial,2656.05,2026-06-13 12:56:00,2026-06-17 05:30:00,88.57,0,0,0
ORD04450,CUST0494,Enterprise,WH_SOUTH,Standard,Industrial,5987.14,2026-06-28 13:41:00,2026-07-05 22:26:00,176.75,1,0,0
ORD04451,CUST0345,Retail,WH_WEST,Standard,Industrial,1216.86,2026-03-28 12:50:00,2026-04-03 00:58:00,132.13,0,0,0
ORD04452,CUST0599,Retail,WH_WEST,Priority,Furniture,1214.32,2026-02-10 09:55:00,2026-02-16 09:00:00,143.08,0,0,0
ORD04453,CUST0835,Retail,WH_EAST,Priority,Electronics,4535.71,2026-05-24 16:08:00,2026-05-28 09:40:00,89.53,0,0,0
ORD04454,CUST0306,Enterprise,WH_WEST,Standard,Electronics,2292.19,2026-02-20 12:21:00,2026-03-04 00:04:00,275.72,1,0,0
ORD04455,CUST0431,SMB,WH_EAST,Priority,Electronics,4984.66,2026-03-27 12:43:00,2026-03-30 15:56:00,75.22,0,0,0
ORD04456,CUST0483,Enterprise,WH_NORTH,Standard,Office Supplies,2277.84,2026-01-08 10:42:00,2026-01-16 23:01:00,204.32,1,0,0
ORD04457,CUST0511,SMB,WH_NORTH,Standard,Electronics,716.45,2026-05-22 16:08:00,2026-05-26 04:41:00,84.55,0,0,0
ORD04458,CUST0783,Retail,WH_NORTH,Express,Office Supplies,622.35,2026-03-18 08:33:00,2026-03-23 13:26:00,124.88,0,0,1
ORD04459,CUST0403,Enterprise,WH_EAST,Express,Electronics,522.59,2026-02-14 10:24:00,2026-02-23 04:06:00,209.7,1,0,0
ORD04460,CUST0819,Retail,WH_SOUTH,Priority,Office Supplies,3070.64,2026-03-16 11:30:00,2026-03-23 19:15:00,175.75,1,0,0
ORD04461,CUST0321,Enterprise,WH_SOUTH,Priority,Industrial,4679.18,2026-02-12 08:16:00,2026-02-17 20:32:00,132.27,0,0,0
ORD04462,CUST0042,Retail,WH_WEST,Priority,Furniture,7938.58,2026-02-15 09:59:00,2026-02-21 09:24:00,143.42,0,0,0
ORD04463,CUST0420,Enterprise,WH_WEST,Express,Electronics,3549.22,2026-01-25 13:07:00,2026-02-03 10:42:00,213.58,1,0,0
ORD04464,CUST0673,SMB,WH_NORTH,Priority,Office Supplies,4583.74,2026-06-03 17:03:00,2026-06-07 20:33:00,99.5,0,0,0
ORD04465,CUST0540,Enterprise,WH_SOUTH,Priority,Electronics,1136.82,2026-02-05 09:55:00,2026-02-11 06:17:00,140.37,0,0,0
ORD04466,CUST0459,SMB,WH_NORTH,Express,Office Supplies,716.85,2026-01-24 16:22:00,2026-02-01 09:30:00,185.13,1,0,0
ORD04467,CUST0924,SMB,WH_NORTH,Priority,Office Supplies,3569.08,2026-04-27 08:53:00,2026-05-05 04:05:00,187.2,1,0,0
ORD04468,CUST0981,Retail,WH_WEST,Standard,Electronics,2525.37,2026-03-14 09:44:00,2026-03-18 01:07:00,87.38,0,0,0
ORD04469,CUST0844,Enterprise,WH_NORTH,Express,Electronics,1970.33,2026-04-20 15:07:00,2026-04-24 17:51:00,98.73,0,0,0
ORD04470,CUST0593,Enterprise,WH_WEST,Express,Office Supplies,2464.88,2026-06-22 10:39:00,2026-07-02 16:26:00,245.78,1,1,0
ORD04471,CUST0454,Enterprise,WH_SOUTH,Standard,Industrial,2341.5,2026-01-07 17:49:00,2026-01-17 21:46:00,243.95,1,0,0
ORD04472,CUST0398,Retail,WH_NORTH,Standard,Furniture,5049.55,2026-02-22 08:56:00,2026-02-28 19:59:00,155.05,0,0,0
ORD04473,CUST0816,Retail,WH_SOUTH,Priority,Furniture,5094.87,2026-03-19 16:23:00,2026-03-24 06:11:00,109.8,0,0,0
ORD04474,CUST0618,Enterprise,WH_WEST,Express,Electronics,2794.41,2026-01-08 16:38:00,2026-01-17 09:48:00,209.17,1,0,0
ORD04475,CUST0236,SMB,WH_EAST,Standard,Clothing,3556.89,2026-03-30 10:13:00,2026-04-08 02:30:00,208.28,1,0,0
ORD04476,CUST0754,Enterprise,WH_EAST,Standard,Furniture,2727.8,2026-03-12 09:15:00,2026-03-20 14:44:00,197.48,1,0,0
ORD04477,CUST0366,Enterprise,WH_WEST,Standard,Clothing,1250.21,2026-04-14 14:07:00,2026-04-26 12:08:00,286.02,1,0,0
ORD04478,CUST0988,Retail,WH_EAST,Standard,Furniture,3311.82,2026-01-01 08:12:00,2026-01-06 07:38:00,119.43,0,0,0
ORD04479,CUST0927,Retail,WH_SOUTH,Express,Industrial,592.53,2026-06-29 15:07:00,2026-07-07 04:10:00,181.05,1,0,0
ORD04480,CUST0073,Enterprise,WH_EAST,Standard,Furniture,4201.15,2026-02-07 14:37:00,2026-02-13 08:34:00,137.95,0,0,0
ORD04481,CUST0105,Enterprise,WH_NORTH,Priority,Clothing,695.33,2026-01-20 14:41:00,2026-01-25 10:53:00,116.2,0,0,0
ORD04482,CUST0459,Retail,WH_EAST,Priority,Clothing,2272.52,2026-06-24 16:30:00,2026-07-03 10:04:00,209.57,1,1,0
ORD04483,CUST0026,Enterprise,WH_WEST,Express,Clothing,919.54,2026-05-06 11:32:00,2026-05-15 04:49:00,209.28,1,0,0
ORD04484,CUST0364,Enterprise,WH_EAST,Priority,Industrial,2814.98,2026-03-22 13:20:00,2026-03-28 04:07:00,134.78,0,0,0
ORD04485,CUST0556,Enterprise,WH_SOUTH,Priority,Furniture,1759.63,2026-06-02 10:58:00,2026-06-10 01:23:00,182.42,1,0,0
ORD04486,CUST0365,SMB,WH_NORTH,Standard,Clothing,504.82,2026-06-30 16:46:00,2026-07-07 00:07:00,151.35,0,1,1
ORD04487,CUST0853,Retail,WH_NORTH,Priority,Furniture,2531.48,2026-06-14 15:38:00,2026-06-21 18:07:00,170.48,1,1,0
ORD04488,CUST0726,Retail,WH_SOUTH,Standard,Office Supplies,1138.72,2026-04-02 16:50:00,2026-04-09 22:37:00,173.78,1,0,0
ORD04489,CUST0848,SMB,WH_NORTH,Priority,Furniture,3658.9,2026-02-23 13:38:00,2026-02-28 07:37:00,113.98,0,0,0
ORD04490,CUST0507,Retail,WH_WEST,Priority,Office Supplies,1809.96,2026-03-21 16:09:00,2026-03-23 22:37:00,54.47,0,0,0
ORD04491,CUST0090,SMB,WH_EAST,Standard,Furniture,2480.8,2026-05-29 09:33:00,2026-06-04 00:55:00,135.37,0,0,0
ORD04492,CUST0150,Enterprise,WH_SOUTH,Standard,Industrial,840.46,2026-03-21 10:57:00,2026-03-28 07:05:00,164.13,0,0,0
ORD04493,CUST0984,SMB,WH_SOUTH,Standard,Electronics,1128.38,2026-06-19 11:27:00,2026-06-25 13:56:00,146.48,0,0,0
ORD04494,CUST0376,Retail,WH_WEST,Express,Electronics,1252.74,2026-04-17 17:38:00,2026-04-22 03:51:00,106.22,0,0,0
ORD04495,CUST0665,Enterprise,WH_SOUTH,Standard,Electronics,3588.04,2026-01-11 13:35:00,2026-01-18 09:47:00,164.2,0,0,0
ORD04496,CUST0962,Retail,WH_EAST,Express,Electronics,6918.14,2026-02-19 13:55:00,2026-02-23 07:13:00,89.3,0,0,0
ORD04497,CUST0861,Enterprise,WH_NORTH,Priority,Clothing,949.43,2026-06-15 17:00:00,2026-06-19 08:02:00,87.03,0,0,0
ORD04498,CUST0522,Enterprise,WH_WEST,Standard,Office Supplies,4279.02,2026-01-17 15:16:00,2026-01-24 02:43:00,155.45,0,0,0
ORD04499,CUST0654,SMB,WH_WEST,Standard,Furniture,318.7,2026-06-30 15:09:00,2026-07-09 02:12:00,203.05,1,0,0
ORD04500,CUST0366,SMB,WH_NORTH,Standard,Industrial,695.51,2026-06-23 16:48:00,2026-07-02 01:44:00,200.93,1,0,0
ORD04501,CUST0138,Retail,WH_NORTH,Priority,Office Supplies,839.64,2026-06-03 16:08:00,2026-06-06 06:44:00,62.6,0,0,0
ORD04502,CUST0929,Enterprise,WH_WEST,Standard,Furniture,612.77,2026-03-03 08:10:00,2026-03-10 09:25:00,169.25,1,0,0
ORD04503,CUST0932,Enterprise,WH_EAST,Standard,Industrial,509.35,2026-03-14 16:34:00,2026-03-21 19:09:00,170.58,1,0,0
ORD04504,CUST0974,Enterprise,WH_SOUTH,Standard,Furniture,2515.93,2026-01-23 13:13:00,2026-02-02 11:35:00,238.37,1,0,0
ORD04505,CUST0360,Enterprise,WH_WEST,Priority,Office Supplies,1523.47,2026-01-11 15:33:00,2026-01-22 17:47:00,266.23,1,0,0
ORD04506,CUST0912,Enterprise,WH_SOUTH,Priority,Electronics,2449.22,2026-06-26 11:32:00,2026-07-05 01:28:00,205.93,1,0,0
ORD04507,CUST0467,Enterprise,WH_NORTH,Priority,Office Supplies,3141.26,2026-03-28 15:28:00,2026-04-02 13:29:00,118.02,0,1,0
ORD04508,CUST0449,Enterprise,WH_NORTH,Standard,Electronics,2236.11,2026-04-28 13:02:00,2026-05-04 13:51:00,144.82,0,0,0
ORD04509,CUST0976,SMB,WH_WEST,Priority,Clothing,3060.12,2026-05-02 09:12:00,2026-05-08 03:46:00,138.57,0,1,0
ORD04510,CUST0869,SMB,WH_SOUTH,Priority,Electronics,1710.21,2026-02-22 16:06:00,2026-02-24 23:12:00,55.1,0,0,0
ORD04511,CUST0892,Retail,WH_NORTH,Priority,Furniture,699.53,2026-02-20 10:00:00,2026-02-24 11:17:00,97.28,0,0,0
ORD04512,CUST0568,Retail,WH_EAST,Priority,Electronics,4214.35,2026-04-14 17:04:00,2026-04-18 19:08:00,98.07,0,0,1
ORD04513,CUST0956,Enterprise,WH_WEST,Standard,Industrial,1128.57,2026-04-27 17:39:00,2026-05-10 00:58:00,295.32,1,0,1
ORD04514,CUST0554,Retail,WH_WEST,Standard,Furniture,855.36,2026-04-04 15:18:00,2026-04-10 09:43:00,138.42,0,0,0
ORD04515,CUST0082,Retail,WH_WEST,Priority,Industrial,1568.17,2026-02-17 09:06:00,2026-02-21 17:46:00,104.67,0,0,0
ORD04516,CUST0205,Enterprise,WH_EAST,Priority,Electronics,871.1,2026-05-12 10:25:00,2026-05-19 05:16:00,162.85,0,0,1
ORD04517,CUST0139,Retail,WH_EAST,Express,Industrial,1294.73,2026-02-23 11:03:00,2026-03-01 11:03:00,144.0,0,0,0
ORD04518,CUST0048,Enterprise,WH_SOUTH,Priority,Furniture,2380.92,2026-01-19 11:09:00,2026-01-27 13:10:00,194.02,1,0,0
ORD04519,CUST0210,SMB,WH_SOUTH,Standard,Furniture,2389.1,2026-01-01 11:38:00,2026-01-09 11:56:00,192.3,1,0,0
ORD04520,CUST0154,Retail,WH_SOUTH,Priority,Office Supplies,881.6,2026-03-27 09:35:00,2026-04-01 23:12:00,133.62,0,0,0
ORD04521,CUST0420,SMB,WH_EAST,Express,Industrial,1223.95,2026-06-01 17:45:00,2026-06-06 23:14:00,125.48,0,0,0
ORD04522,CUST0308,Retail,WH_WEST,Express,Clothing,4270.42,2026-04-18 12:40:00,2026-04-23 01:16:00,108.6,0,0,0
ORD04523,CUST0062,Enterprise,WH_WEST,Standard,Furniture,2689.53,2026-01-31 15:46:00,2026-02-07 17:10:00,169.4,1,0,0
ORD04524,CUST0666,SMB,WH_WEST,Priority,Electronics,9509.55,2026-06-07 15:35:00,2026-06-15 16:15:00,192.67,1,0,0
ORD04525,CUST0259,SMB,WH_SOUTH,Express,Electronics,4647.58,2026-06-21 15:51:00,2026-06-27 15:54:00,144.05,0,0,0
ORD04526,CUST0667,Retail,WH_WEST,Express,Electronics,4516.24,2026-01-18 17:25:00,2026-01-28 10:33:00,233.13,1,0,0
ORD04527,CUST0629,Enterprise,WH_WEST,Express,Industrial,595.68,2026-05-26 17:38:00,2026-06-03 22:24:00,196.77,1,0,1
ORD04528,CUST0967,SMB,WH_WEST,Priority,Electronics,3331.2,2026-02-11 16:39:00,2026-02-18 20:16:00,171.62,1,1,0
ORD04529,CUST0528,Retail,WH_SOUTH,Priority,Office Supplies,1732.84,2026-02-08 09:22:00,2026-02-15 15:42:00,174.33,1,0,0
ORD04530,CUST0189,Enterprise,WH_SOUTH,Priority,Clothing,1163.53,2026-03-24 12:41:00,2026-03-30 08:58:00,140.28,0,0,0
ORD04531,CUST0518,Retail,WH_WEST,Priority,Industrial,2068.16,2026-05-19 16:49:00,2026-05-26 03:52:00,155.05,0,0,0
ORD04532,CUST0763,Retail,WH_SOUTH,Priority,Clothing,3851.31,2026-05-23 08:25:00,2026-05-30 01:38:00,161.22,0,0,0
ORD04533,CUST0804,SMB,WH_EAST,Express,Office Supplies,2699.08,2026-05-21 08:36:00,2026-05-26 19:07:00,130.52,0,0,0
ORD04534,CUST0708,Retail,WH_NORTH,Standard,Office Supplies,895.36,2026-01-12 10:03:00,2026-01-15 12:08:00,74.08,0,0,0
ORD04535,CUST0818,Retail,WH_NORTH,Standard,Furniture,3274.65,2026-04-30 10:56:00,2026-05-04 07:19:00,92.38,0,0,0
ORD04536,CUST0327,Retail,WH_NORTH,Standard,Furniture,1085.65,2026-01-15 08:25:00,2026-01-21 02:33:00,138.13,0,0,0
ORD04537,CUST0149,Enterprise,WH_WEST,Priority,Office Supplies,2150.27,2026-01-30 15:51:00,2026-02-10 01:21:00,249.5,1,0,0
ORD04538,CUST0750,Retail,WH_EAST,Priority,Electronics,1418.45,2026-04-01 09:23:00,2026-04-04 08:40:00,71.28,0,0,0
ORD04539,CUST0774,SMB,WH_SOUTH,Standard,Clothing,1517.63,2026-05-10 09:41:00,2026-05-18 03:15:00,185.57,1,1,0
ORD04540,CUST0091,SMB,WH_EAST,Standard,Office Supplies,3337.56,2026-04-30 12:40:00,2026-05-08 20:05:00,199.42,1,0,0
ORD04541,CUST0544,Retail,WH_NORTH,Priority,Office Supplies,786.7,2026-04-28 08:31:00,2026-05-06 01:41:00,185.17,1,0,0
ORD04542,CUST0475,Retail,WH_EAST,Standard,Office Supplies,8571.14,2026-04-09 11:52:00,2026-04-13 01:44:00,85.87,0,0,0
ORD04543,CUST0627,Retail,WH_WEST,Standard,Clothing,421.21,2026-03-04 14:26:00,2026-03-12 06:52:00,184.43,1,0,1
ORD04544,CUST0182,Retail,WH_NORTH,Express,Furniture,1120.88,2026-03-20 14:43:00,2026-03-28 12:38:00,189.92,1,0,0
ORD04545,CUST0550,Enterprise,WH_WEST,Priority,Electronics,2431.27,2026-02-12 12:02:00,2026-02-17 23:54:00,131.87,0,0,0
ORD04546,CUST0048,SMB,WH_SOUTH,Standard,Office Supplies,2885.49,2026-06-24 13:28:00,2026-07-01 08:38:00,163.17,0,1,0
ORD04547,CUST0922,Enterprise,WH_NORTH,Express,Clothing,1668.4,2026-01-05 14:19:00,2026-01-15 00:46:00,226.45,1,0,0
ORD04548,CUST0853,SMB,WH_WEST,Express,Office Supplies,1726.91,2026-03-15 16:56:00,2026-03-21 22:26:00,149.5,0,0,0
ORD04549,CUST0652,Enterprise,WH_SOUTH,Standard,Industrial,2511.01,2026-02-12 17:32:00,2026-02-17 07:01:00,109.48,0,0,0
ORD04550,CUST0779,SMB,WH_NORTH,Express,Office Supplies,1502.89,2026-03-14 15:44:00,2026-03-19 19:56:00,124.2,0,0,1
ORD04551,CUST0892,Retail,WH_NORTH,Express,Clothing,5511.24,2026-04-11 12:07:00,2026-04-15 19:32:00,103.42,0,0,0
ORD04552,CUST0178,Enterprise,WH_NORTH,Express,Industrial,3538.57,2026-01-18 10:06:00,2026-01-25 19:13:00,177.12,1,0,0
ORD04553,CUST0637,SMB,WH_EAST,Express,Furniture,3634.62,2026-06-20 13:06:00,2026-06-22 22:51:00,57.75,0,0,0
ORD04554,CUST0107,Enterprise,WH_EAST,Standard,Clothing,834.7,2026-06-10 16:19:00,2026-06-15 23:52:00,127.55,0,0,0
ORD04555,CUST0982,SMB,WH_SOUTH,Priority,Office Supplies,1696.78,2026-02-16 15:00:00,2026-02-22 10:45:00,139.75,0,0,0
ORD04556,CUST0788,Retail,WH_WEST,Priority,Industrial,1421.73,2026-06-01 13:21:00,2026-06-06 10:42:00,117.35,0,0,1
ORD04557,CUST0146,Retail,WH_SOUTH,Express,Office Supplies,808.77,2026-02-03 13:00:00,2026-02-10 00:23:00,155.38,0,0,0
ORD04558,CUST0294,Enterprise,WH_NORTH,Standard,Office Supplies,2411.81,2026-01-24 14:03:00,2026-02-07 15:30:00,337.45,1,1,0
ORD04559,CUST0443,SMB,WH_SOUTH,Standard,Clothing,1176.01,2026-05-04 08:28:00,2026-05-13 11:49:00,219.35,1,0,0
ORD04560,CUST0135,SMB,WH_NORTH,Priority,Clothing,3054.35,2026-01-08 14:30:00,2026-01-16 16:09:00,193.65,1,0,1
ORD04561,CUST0900,Enterprise,WH_WEST,Priority,Industrial,768.04,2026-05-03 08:08:00,2026-05-13 19:50:00,251.7,1,0,0
ORD04562,CUST0626,Enterprise,WH_NORTH,Standard,Electronics,7152.61,2026-04-22 13:45:00,2026-05-03 08:14:00,258.48,1,0,0
ORD04563,CUST0503,Retail,WH_NORTH,Priority,Clothing,882.65,2026-04-27 09:19:00,2026-05-02 12:54:00,123.58,0,0,0
ORD04564,CUST0469,Enterprise,WH_WEST,Priority,Furniture,2154.78,2026-01-17 11:14:00,2026-01-23 07:35:00,140.35,0,1,0
ORD04565,CUST0193,Retail,WH_EAST,Express,Furniture,3406.66,2026-06-29 08:13:00,2026-07-05 03:09:00,138.93,0,0,0
ORD04566,CUST0872,Enterprise,WH_NORTH,Express,Furniture,1145.38,2026-05-03 13:23:00,2026-05-09 13:22:00,143.98,0,0,0
ORD04567,CUST0265,Retail,WH_SOUTH,Priority,Clothing,3575.91,2026-06-29 13:29:00,2026-07-02 05:51:00,64.37,0,0,0
ORD04568,CUST0268,Enterprise,WH_WEST,Express,Electronics,676.31,2026-05-03 09:13:00,2026-05-12 20:36:00,227.38,1,0,0
ORD04569,CUST0660,Enterprise,WH_NORTH,Standard,Furniture,5777.31,2026-01-30 10:55:00,2026-02-07 21:17:00,202.37,1,0,0
ORD04570,CUST0137,SMB,WH_SOUTH,Express,Electronics,1828.62,2026-01-20 17:08:00,2026-01-25 18:43:00,121.58,0,0,1
ORD04571,CUST0880,Enterprise,WH_NORTH,Priority,Clothing,1122.0,2026-04-09 11:19:00,2026-04-15 17:41:00,150.37,0,0,0
ORD04572,CUST0568,Enterprise,WH_SOUTH,Standard,Electronics,1423.19,2026-02-21 08:35:00,2026-03-03 18:42:00,250.12,1,0,0
ORD04573,CUST0602,SMB,WH_WEST,Express,Furniture,3453.47,2026-01-09 17:59:00,2026-01-16 10:58:00,160.98,0,0,0
ORD04574,CUST0461,Enterprise,WH_NORTH,Priority,Industrial,1132.79,2026-02-06 17:54:00,2026-02-16 08:10:00,230.27,1,0,0
ORD04575,CUST0871,Retail,WH_EAST,Standard,Clothing,992.78,2026-03-16 09:24:00,2026-03-21 10:55:00,121.52,0,1,0
ORD04576,CUST0532,Retail,WH_SOUTH,Priority,Furniture,1514.39,2026-03-08 12:52:00,2026-03-14 10:36:00,141.73,0,0,1
ORD04577,CUST0203,Enterprise,WH_SOUTH,Priority,Electronics,705.16,2026-05-01 12:56:00,2026-05-10 09:06:00,212.17,1,0,0
ORD04578,CUST0195,Retail,WH_EAST,Express,Furniture,7757.65,2026-05-19 08:19:00,2026-05-27 08:15:00,191.93,1,0,0
ORD04579,CUST0495,Enterprise,WH_EAST,Express,Electronics,1149.27,2026-01-19 16:39:00,2026-01-29 20:23:00,243.73,1,0,0
ORD04580,CUST0366,Enterprise,WH_EAST,Express,Office Supplies,3516.75,2026-05-24 13:14:00,2026-06-01 20:23:00,199.15,1,0,0
ORD04581,CUST0385,Retail,WH_EAST,Express,Industrial,2137.89,2026-02-21 15:11:00,2026-02-25 18:22:00,99.18,0,0,0
ORD04582,CUST0319,SMB,WH_SOUTH,Standard,Furniture,822.52,2026-04-18 08:58:00,2026-04-26 05:53:00,188.92,1,0,0
ORD04583,CUST0608,SMB,WH_EAST,Express,Furniture,1799.45,2026-03-11 10:32:00,2026-03-15 20:35:00,106.05,0,0,0
ORD04584,CUST0502,SMB,WH_SOUTH,Priority,Office Supplies,3385.31,2026-06-16 14:20:00,2026-06-24 02:34:00,180.23,1,0,1
ORD04585,CUST0645,Retail,WH_WEST,Standard,Clothing,1555.25,2026-04-15 11:56:00,2026-04-24 11:05:00,215.15,1,0,0
ORD04586,CUST0867,Enterprise,WH_NORTH,Standard,Furniture,4696.11,2026-04-25 11:49:00,2026-05-02 19:11:00,175.37,1,0,0
ORD04587,CUST0937,Enterprise,WH_SOUTH,Express,Electronics,4093.73,2026-02-16 09:07:00,2026-02-26 21:01:00,251.9,1,0,0
ORD04588,CUST0294,Retail,WH_SOUTH,Standard,Clothing,3771.14,2026-01-10 11:06:00,2026-01-20 06:49:00,235.72,1,0,0
ORD04589,CUST0085,Retail,WH_NORTH,Express,Industrial,1251.72,2026-05-28 12:28:00,2026-06-05 13:30:00,193.03,1,0,0
ORD04590,CUST0537,Retail,WH_EAST,Standard,Industrial,762.14,2026-05-12 14:57:00,2026-05-21 06:10:00,207.22,1,0,0
ORD04591,CUST0757,Enterprise,WH_WEST,Express,Electronics,1106.69,2026-03-05 15:59:00,2026-03-11 09:44:00,137.75,0,1,0
ORD04592,CUST0454,Enterprise,WH_NORTH,Express,Furniture,2115.39,2026-06-21 16:44:00,2026-06-30 20:54:00,220.17,1,0,0
ORD04593,CUST0488,Retail,WH_WEST,Priority,Office Supplies,2797.91,2026-01-06 16:27:00,2026-01-10 22:54:00,102.45,0,0,0
ORD04594,CUST0314,Retail,WH_WEST,Standard,Industrial,318.22,2026-05-11 17:06:00,2026-05-16 14:46:00,117.67,0,1,1
ORD04595,CUST0469,Retail,WH_SOUTH,Priority,Industrial,1796.35,2026-05-12 12:34:00,2026-05-19 14:10:00,169.6,1,0,0
ORD04596,CUST0547,SMB,WH_EAST,Standard,Furniture,2051.8,2026-01-22 10:31:00,2026-01-31 12:47:00,218.27,1,0,0
ORD04597,CUST0656,Retail,WH_NORTH,Standard,Office Supplies,1448.04,2026-01-27 13:44:00,2026-02-01 05:49:00,112.08,0,0,0
ORD04598,CUST0199,Retail,WH_NORTH,Priority,Office Supplies,5079.76,2026-01-22 15:39:00,2026-01-27 16:54:00,121.25,0,0,0
ORD04599,CUST0297,Enterprise,WH_SOUTH,Priority,Industrial,2533.67,2026-05-01 12:04:00,2026-05-11 11:32:00,239.47,1,0,0
ORD04600,CUST0545,Retail,WH_WEST,Priority,Office Supplies,5157.22,2026-05-07 10:50:00,2026-05-13 13:18:00,146.47,0,0,0
ORD04601,CUST0815,Enterprise,WH_WEST,Express,Electronics,1521.16,2026-01-05 16:43:00,2026-01-14 19:44:00,219.02,1,0,0
ORD04602,CUST0079,Enterprise,WH_EAST,Express,Furniture,3827.56,2026-01-12 15:28:00,2026-01-22 13:02:00,237.57,1,0,0
ORD04603,CUST0121,SMB,WH_SOUTH,Standard,Electronics,6687.89,2026-02-03 11:43:00,2026-02-08 09:10:00,117.45,0,0,0
ORD04604,CUST0287,Enterprise,WH_WEST,Standard,Electronics,5163.42,2026-01-13 11:32:00,2026-01-26 10:02:00,310.5,1,0,0
ORD04605,CUST0423,Retail,WH_WEST,Standard,Clothing,754.67,2026-02-08 16:11:00,2026-02-16 12:13:00,188.03,1,0,0
ORD04606,CUST0496,Enterprise,WH_NORTH,Priority,Furniture,1475.95,2026-06-27 15:34:00,2026-07-06 15:13:00,215.65,1,0,0
ORD04607,CUST0155,Enterprise,WH_WEST,Priority,Office Supplies,1371.79,2026-04-03 12:35:00,2026-04-09 21:00:00,152.42,0,0,0
ORD04608,CUST0518,Retail,WH_SOUTH,Standard,Clothing,2674.19,2026-06-16 13:38:00,2026-06-24 08:03:00,186.42,1,0,0
ORD04609,CUST0152,Retail,WH_EAST,Priority,Office Supplies,3130.92,2026-05-12 13:41:00,2026-05-15 15:46:00,74.08,0,0,1
ORD04610,CUST0611,Enterprise,WH_WEST,Standard,Furniture,924.16,2026-02-21 09:42:00,2026-03-04 00:08:00,254.43,1,0,0
ORD04611,CUST0590,SMB,WH_EAST,Priority,Clothing,1908.88,2026-05-01 08:05:00,2026-05-07 15:16:00,151.18,0,0,0
ORD04612,CUST0711,Enterprise,WH_WEST,Express,Clothing,359.26,2026-01-31 12:38:00,2026-02-05 19:32:00,126.9,0,0,0
ORD04613,CUST0029,Retail,WH_WEST,Express,Furniture,5730.49,2026-04-07 14:38:00,2026-04-15 00:01:00,177.38,1,1,0
ORD04614,CUST0368,Retail,WH_SOUTH,Standard,Furniture,1200.03,2026-05-31 16:04:00,2026-06-10 09:39:00,233.58,1,0,0
ORD04615,CUST0576,SMB,WH_WEST,Priority,Industrial,1890.68,2026-02-21 08:10:00,2026-03-02 15:58:00,223.8,1,0,0
ORD04616,CUST0208,Enterprise,WH_EAST,Priority,Clothing,1411.32,2026-01-25 13:03:00,2026-01-31 08:20:00,139.28,0,0,0
ORD04617,CUST0577,Retail,WH_SOUTH,Priority,Electronics,4522.51,2026-04-14 13:59:00,2026-04-17 15:28:00,73.48,0,0,0
ORD04618,CUST0149,Retail,WH_WEST,Express,Industrial,186.79,2026-03-10 10:17:00,2026-03-14 12:41:00,98.4,0,0,0
ORD04619,CUST0170,Retail,WH_NORTH,Priority,Furniture,1784.18,2026-06-25 10:22:00,2026-07-01 14:44:00,148.37,0,0,0
ORD04620,CUST0795,Retail,WH_SOUTH,Express,Industrial,1661.28,2026-01-27 10:48:00,2026-01-31 18:48:00,104.0,0,1,0
ORD04621,CUST0169,Retail,WH_SOUTH,Priority,Clothing,1257.76,2026-05-12 15:16:00,2026-05-20 11:47:00,188.52,1,0,0
ORD04622,CUST0241,SMB,WH_SOUTH,Priority,Electronics,7193.85,2026-01-21 13:34:00,2026-01-26 17:25:00,123.85,0,0,0
ORD04623,CUST0290,Enterprise,WH_WEST,Priority,Furniture,889.03,2026-02-13 09:04:00,2026-02-18 08:59:00,119.92,0,0,0
ORD04624,CUST0731,Retail,WH_NORTH,Priority,Electronics,3352.42,2026-06-27 08:29:00,2026-07-01 20:17:00,107.8,0,0,0
ORD04625,CUST0668,Enterprise,WH_NORTH,Express,Industrial,2404.27,2026-03-20 11:02:00,2026-03-30 09:38:00,238.6,1,0,0
ORD04626,CUST0638,Retail,WH_EAST,Standard,Furniture,4960.27,2026-05-14 14:19:00,2026-05-20 18:07:00,147.8,0,0,0
ORD04627,CUST0538,Enterprise,WH_SOUTH,Standard,Electronics,1060.24,2026-05-03 15:31:00,2026-05-13 06:53:00,231.37,1,0,0
ORD04628,CUST0952,Retail,WH_EAST,Express,Office Supplies,1005.89,2026-01-13 14:24:00,2026-01-20 03:09:00,156.75,0,0,0
ORD04629,CUST0965,Enterprise,WH_WEST,Priority,Industrial,4345.33,2026-02-14 11:12:00,2026-02-22 15:52:00,196.67,1,0,0
ORD04630,CUST0683,Enterprise,WH_WEST,Standard,Clothing,2540.86,2026-04-20 10:56:00,2026-05-01 02:54:00,255.97,1,0,0
ORD04631,CUST0949,Retail,WH_EAST,Express,Industrial,525.34,2026-03-21 15:58:00,2026-03-27 00:22:00,128.4,0,0,0
ORD04632,CUST0653,Enterprise,WH_WEST,Priority,Clothing,1174.45,2026-01-24 14:55:00,2026-01-31 01:51:00,154.93,0,0,0
ORD04633,CUST0526,Enterprise,WH_SOUTH,Standard,Office Supplies,2462.93,2026-02-01 12:33:00,2026-02-10 00:32:00,203.98,1,0,0
ORD04634,CUST0575,SMB,WH_SOUTH,Express,Office Supplies,3534.09,2026-02-03 10:10:00,2026-02-08 07:39:00,117.48,0,0,0
ORD04635,CUST0734,Retail,WH_SOUTH,Priority,Office Supplies,1050.07,2026-05-19 17:55:00,2026-05-27 16:34:00,190.65,1,0,0
ORD04636,CUST0486,SMB,WH_NORTH,Express,Electronics,175.67,2026-02-23 15:05:00,2026-02-26 19:36:00,76.52,0,0,0
ORD04637,CUST0347,SMB,WH_SOUTH,Priority,Industrial,2747.86,2026-04-02 15:16:00,2026-04-09 17:29:00,170.22,1,1,0
ORD04638,CUST0140,Enterprise,WH_SOUTH,Standard,Industrial,681.12,2026-05-26 09:17:00,2026-05-30 23:42:00,110.42,0,1,0
ORD04639,CUST0615,Enterprise,WH_WEST,Express,Furniture,360.01,2026-01-15 10:36:00,2026-01-22 15:29:00,172.88,1,0,0
ORD04640,CUST0103,SMB,WH_WEST,Express,Furniture,187.57,2026-02-25 08:35:00,2026-03-07 07:15:00,238.67,1,1,0
ORD04641,CUST0138,SMB,WH_SOUTH,Standard,Furniture,3467.48,2026-05-10 10:12:00,2026-05-19 13:54:00,219.7,1,0,0
ORD04642,CUST0808,Retail,WH_SOUTH,Express,Clothing,2003.99,2026-06-15 10:40:00,2026-06-23 13:24:00,194.73,1,0,0
ORD04643,CUST0002,Retail,WH_EAST,Priority,Office Supplies,1509.41,2026-03-12 15:27:00,2026-03-17 07:45:00,112.3,0,0,0
ORD04644,CUST0186,SMB,WH_NORTH,Priority,Furniture,5492.94,2026-02-27 15:23:00,2026-03-07 05:46:00,182.38,1,0,0
ORD04645,CUST0877,Retail,WH_WEST,Priority,Furniture,3010.49,2026-03-16 08:39:00,2026-03-18 18:10:00,57.52,0,0,0
ORD04646,CUST0249,Retail,WH_EAST,Priority,Office Supplies,6588.23,2026-06-05 11:50:00,2026-06-12 16:33:00,172.72,1,0,0
ORD04647,CUST0258,Retail,WH_EAST,Express,Clothing,593.37,2026-06-06 16:52:00,2026-06-11 09:11:00,112.32,0,0,0
ORD04648,CUST0762,Enterprise,WH_NORTH,Standard,Electronics,1758.75,2026-02-05 17:11:00,2026-02-14 08:37:00,207.43,1,0,0
ORD04649,CUST0879,SMB,WH_EAST,Standard,Furniture,496.03,2026-06-22 10:16:00,2026-07-01 00:35:00,206.32,1,0,0
ORD04650,CUST0083,SMB,WH_EAST,Priority,Electronics,1504.92,2026-01-26 15:49:00,2026-02-02 23:12:00,175.38,1,0,0
ORD04651,CUST0891,Retail,WH_SOUTH,Express,Furniture,1481.94,2026-04-28 11:47:00,2026-05-04 01:18:00,133.52,0,0,1
ORD04652,CUST0195,SMB,WH_SOUTH,Standard,Office Supplies,2984.81,2026-01-01 08:59:00,2026-01-05 17:25:00,104.43,0,0,0
ORD04653,CUST0539,SMB,WH_SOUTH,Express,Clothing,1875.16,2026-06-04 14:55:00,2026-06-09 01:02:00,106.12,0,0,1
ORD04654,CUST0053,Enterprise,WH_WEST,Express,Clothing,2977.16,2026-06-17 13:29:00,2026-06-28 23:09:00,273.67,1,0,0
ORD04655,CUST0602,Retail,WH_SOUTH,Express,Furniture,3174.01,2026-05-23 08:12:00,2026-05-29 10:19:00,146.12,0,0,0
ORD04656,CUST0583,Retail,WH_SOUTH,Priority,Industrial,10136.96,2026-06-13 16:34:00,2026-06-21 08:49:00,184.25,1,0,0
ORD04657,CUST0917,SMB,WH_SOUTH,Standard,Office Supplies,1404.96,2026-03-25 08:42:00,2026-03-29 01:02:00,88.33,0,0,0
ORD04658,CUST0446,Enterprise,WH_SOUTH,Priority,Office Supplies,851.66,2026-02-16 16:10:00,2026-02-24 12:33:00,188.38,1,0,0
ORD04659,CUST0729,Retail,WH_SOUTH,Priority,Industrial,2201.44,2026-03-27 08:13:00,2026-04-01 13:39:00,125.43,0,0,0
ORD04660,CUST0723,Enterprise,WH_SOUTH,Priority,Electronics,951.63,2026-03-20 17:01:00,2026-03-27 14:59:00,165.97,0,0,0
ORD04661,CUST0728,Retail,WH_WEST,Priority,Office Supplies,5916.9,2026-03-09 13:03:00,2026-03-15 09:28:00,140.42,0,0,0
ORD04662,CUST0164,Enterprise,WH_SOUTH,Express,Office Supplies,1441.48,2026-03-30 17:57:00,2026-04-09 12:59:00,235.03,1,0,0
ORD04663,CUST0156,Enterprise,WH_WEST,Priority,Electronics,1150.02,2026-03-18 08:49:00,2026-03-27 11:18:00,218.48,1,0,0
ORD04664,CUST0953,Retail,WH_WEST,Priority,Clothing,1240.1,2026-03-14 08:51:00,2026-03-19 13:50:00,124.98,0,0,0
ORD04665,CUST0842,SMB,WH_SOUTH,Priority,Furniture,3212.27,2026-03-01 13:58:00,2026-03-07 16:54:00,146.93,0,0,0
ORD04666,CUST0821,SMB,WH_WEST,Express,Furniture,1593.68,2026-01-14 09:12:00,2026-01-25 00:39:00,255.45,1,1,0
ORD04667,CUST0115,SMB,WH_SOUTH,Express,Industrial,1082.11,2026-01-30 17:05:00,2026-02-04 13:25:00,116.33,0,0,1
ORD04668,CUST0927,SMB,WH_WEST,Priority,Industrial,6851.9,2026-03-27 13:11:00,2026-04-01 11:58:00,118.78,0,0,0
ORD04669,CUST0839,Retail,WH_NORTH,Express,Office Supplies,911.47,2026-03-28 09:43:00,2026-04-02 19:13:00,129.5,0,0,0
ORD04670,CUST0786,Enterprise,WH_SOUTH,Standard,Industrial,1860.23,2026-05-14 09:32:00,2026-05-20 10:56:00,145.4,0,0,0
ORD04671,CUST0359,SMB,WH_EAST,Express,Electronics,3046.79,2026-05-29 10:59:00,2026-06-04 19:27:00,152.47,0,0,0
ORD04672,CUST0934,Retail,WH_SOUTH,Express,Electronics,490.26,2026-05-17 17:01:00,2026-05-21 17:53:00,96.87,0,0,0
ORD04673,CUST0423,Enterprise,WH_EAST,Priority,Electronics,2655.02,2026-02-19 10:00:00,2026-02-26 12:34:00,170.57,1,0,0
ORD04674,CUST0964,Retail,WH_SOUTH,Standard,Industrial,777.37,2026-05-29 11:36:00,2026-06-05 05:00:00,161.4,0,1,1
ORD04675,CUST0123,SMB,WH_NORTH,Express,Industrial,3491.99,2026-06-27 11:13:00,2026-07-03 21:13:00,154.0,0,0,0
ORD04676,CUST0975,SMB,WH_SOUTH,Standard,Clothing,837.05,2026-03-04 13:25:00,2026-03-11 06:52:00,161.45,0,0,0
ORD04677,CUST0008,SMB,WH_EAST,Priority,Office Supplies,3147.03,2026-02-10 15:05:00,2026-02-17 13:27:00,166.37,0,0,1
ORD04678,CUST0439,Enterprise,WH_WEST,Priority,Clothing,4379.4,2026-04-21 12:42:00,2026-05-02 21:04:00,272.37,1,0,0
ORD04679,CUST0820,Enterprise,WH_WEST,Express,Electronics,3601.66,2026-03-16 08:44:00,2026-03-24 04:13:00,187.48,1,0,0
ORD04680,CUST0515,Retail,WH_SOUTH,Standard,Clothing,2210.68,2026-02-28 11:32:00,2026-03-08 23:55:00,204.38,1,1,0
ORD04681,CUST0844,SMB,WH_WEST,Express,Industrial,1502.61,2026-03-21 12:40:00,2026-03-30 00:05:00,203.42,1,0,0
ORD04682,CUST0464,Retail,WH_WEST,Priority,Electronics,1140.09,2026-05-08 11:45:00,2026-05-16 11:42:00,191.95,1,0,0
ORD04683,CUST0467,Retail,WH_WEST,Express,Furniture,5865.41,2026-04-08 13:37:00,2026-04-12 01:24:00,83.78,0,0,0
ORD04684,CUST0897,Enterprise,WH_EAST,Standard,Electronics,1033.19,2026-05-24 09:35:00,2026-05-29 00:47:00,111.2,0,0,0
ORD04685,CUST0254,SMB,WH_WEST,Standard,Office Supplies,788.67,2026-04-19 11:27:00,2026-04-24 11:51:00,120.4,0,0,0
ORD04686,CUST0551,Enterprise,WH_SOUTH,Standard,Electronics,3078.8,2026-06-09 15:54:00,2026-06-17 12:29:00,188.58,1,0,0
ORD04687,CUST0076,Enterprise,WH_NORTH,Standard,Electronics,956.32,2026-03-31 08:11:00,2026-04-11 23:15:00,279.07,1,1,0
ORD04688,CUST0345,SMB,WH_EAST,Express,Furniture,845.52,2026-01-18 16:43:00,2026-01-26 14:21:00,189.63,1,0,0
ORD04689,CUST0065,Enterprise,WH_SOUTH,Priority,Clothing,569.7,2026-01-09 14:42:00,2026-01-19 09:41:00,234.98,1,0,0
ORD04690,CUST0090,Enterprise,WH_NORTH,Express,Furniture,1228.65,2026-05-04 12:13:00,2026-05-13 21:23:00,225.17,1,0,0
ORD04691,CUST0359,Retail,WH_SOUTH,Priority,Industrial,1692.27,2026-05-11 11:05:00,2026-05-17 12:21:00,145.27,0,0,0
ORD04692,CUST0799,SMB,WH_WEST,Standard,Electronics,2196.18,2026-04-22 11:35:00,2026-05-02 20:27:00,248.87,1,0,1
ORD04693,CUST0871,SMB,WH_WEST,Standard,Industrial,3870.14,2026-02-15 13:41:00,2026-02-22 17:57:00,172.27,1,0,0
ORD04694,CUST0966,Enterprise,WH_EAST,Priority,Industrial,2755.95,2026-02-13 12:49:00,2026-02-24 08:22:00,259.55,1,0,0
ORD04695,CUST0071,SMB,WH_NORTH,Priority,Clothing,1552.0,2026-05-20 10:09:00,2026-05-26 09:29:00,143.33,0,0,0
ORD04696,CUST0197,Retail,WH_EAST,Priority,Industrial,1542.94,2026-04-29 08:39:00,2026-05-01 11:58:00,51.32,0,0,0
ORD04697,CUST0113,Enterprise,WH_NORTH,Standard,Office Supplies,2719.29,2026-06-14 08:23:00,2026-06-19 15:37:00,127.23,0,0,0
ORD04698,CUST0915,SMB,WH_NORTH,Express,Furniture,5004.32,2026-01-16 15:18:00,2026-01-20 18:24:00,99.1,0,0,0
ORD04699,CUST0171,Retail,WH_SOUTH,Express,Clothing,2000.3,2026-01-31 17:34:00,2026-02-07 14:14:00,164.67,0,0,0
ORD04700,CUST0622,Retail,WH_SOUTH,Priority,Industrial,1242.27,2026-05-22 15:09:00,2026-05-31 09:24:00,210.25,1,1,0
ORD04701,CUST0898,SMB,WH_EAST,Priority,Electronics,817.06,2026-01-22 16:18:00,2026-01-26 01:53:00,81.58,0,0,0
ORD04702,CUST0495,Enterprise,WH_NORTH,Standard,Industrial,568.97,2026-04-21 11:57:00,2026-04-27 03:51:00,135.9,0,0,0
ORD04703,CUST0263,Retail,WH_SOUTH,Express,Clothing,3081.02,2026-05-04 12:26:00,2026-05-07 20:31:00,80.08,0,0,0
ORD04704,CUST0450,SMB,WH_NORTH,Standard,Electronics,2870.91,2026-05-12 09:19:00,2026-05-19 20:17:00,178.97,1,1,0
ORD04705,CUST0215,Retail,WH_WEST,Standard,Office Supplies,2869.49,2026-02-27 13:12:00,2026-03-04 21:28:00,128.27,0,0,0
ORD04706,CUST0699,SMB,WH_SOUTH,Standard,Clothing,1631.2,2026-04-13 10:44:00,2026-04-19 02:14:00,135.5,0,0,0
ORD04707,CUST0696,Retail,WH_WEST,Priority,Industrial,5572.21,2026-04-26 17:06:00,2026-04-30 22:44:00,101.63,0,0,0
ORD04708,CUST0888,Enterprise,WH_EAST,Express,Clothing,1227.46,2026-06-09 09:17:00,2026-06-16 10:55:00,169.63,1,0,0
ORD04709,CUST0228,Enterprise,WH_WEST,Standard,Industrial,3882.43,2026-04-23 13:15:00,2026-05-01 12:13:00,190.97,1,0,0
ORD04710,CUST0198,Enterprise,WH_NORTH,Express,Clothing,1752.86,2026-06-04 11:36:00,2026-06-12 01:06:00,181.5,1,0,0
ORD04711,CUST0100,Enterprise,WH_WEST,Priority,Office Supplies,1111.34,2026-03-21 09:40:00,2026-03-25 17:44:00,104.07,0,0,0
ORD04712,CUST0549,Enterprise,WH_NORTH,Standard,Office Supplies,2904.52,2026-03-11 08:31:00,2026-03-19 01:44:00,185.22,1,0,1
ORD04713,CUST0002,Retail,WH_WEST,Standard,Electronics,2509.17,2026-02-14 13:35:00,2026-02-20 04:28:00,134.88,0,0,0
ORD04714,CUST0848,Retail,WH_EAST,Express,Industrial,2405.66,2026-01-17 09:31:00,2026-01-25 01:42:00,184.18,1,0,0
ORD04715,CUST0311,Enterprise,WH_EAST,Standard,Electronics,1929.51,2026-06-29 10:20:00,2026-07-07 03:18:00,184.97,1,0,0
ORD04716,CUST0736,Retail,WH_NORTH,Standard,Furniture,1754.06,2026-03-22 08:31:00,2026-03-27 06:04:00,117.55,0,0,0
ORD04717,CUST0854,Retail,WH_SOUTH,Priority,Furniture,12218.39,2026-04-27 16:06:00,2026-05-04 08:58:00,160.87,0,0,0
ORD04718,CUST0315,Retail,WH_WEST,Priority,Office Supplies,4662.96,2026-06-24 15:45:00,2026-06-29 12:35:00,116.83,0,0,0
ORD04719,CUST0605,Enterprise,WH_NORTH,Express,Industrial,3223.62,2026-05-25 08:10:00,2026-05-31 23:52:00,159.7,0,0,0
ORD04720,CUST0717,Enterprise,WH_NORTH,Priority,Furniture,1977.2,2026-01-07 10:59:00,2026-01-12 16:51:00,125.87,0,0,0
ORD04721,CUST0437,Retail,WH_WEST,Standard,Furniture,4046.98,2026-01-24 10:32:00,2026-02-01 03:47:00,185.25,1,0,0
ORD04722,CUST0734,Enterprise,WH_WEST,Standard,Furniture,2736.39,2026-02-12 09:30:00,2026-02-21 22:36:00,229.1,1,0,0
ORD04723,CUST0571,Retail,WH_WEST,Express,Electronics,1846.35,2026-04-05 11:09:00,2026-04-09 08:56:00,93.78,0,0,0
ORD04724,CUST0723,SMB,WH_EAST,Express,Furniture,1418.21,2026-02-04 10:05:00,2026-02-07 03:05:00,65.0,0,0,0
ORD04725,CUST0402,SMB,WH_WEST,Standard,Office Supplies,1694.71,2026-03-24 12:16:00,2026-03-29 12:26:00,120.17,0,0,0
ORD04726,CUST0902,Retail,WH_EAST,Express,Electronics,143.12,2026-04-21 16:42:00,2026-04-29 11:37:00,186.92,1,1,0
ORD04727,CUST0414,Retail,WH_WEST,Express,Electronics,2139.83,2026-01-19 13:26:00,2026-01-26 06:45:00,161.32,0,0,0
ORD04728,CUST0947,Retail,WH_NORTH,Priority,Electronics,1223.19,2026-04-24 11:07:00,2026-04-29 16:27:00,125.33,0,1,1
ORD04729,CUST0532,Enterprise,WH_WEST,Priority,Furniture,6464.86,2026-05-07 11:35:00,2026-05-12 03:38:00,112.05,0,0,0
ORD04730,CUST0590,Enterprise,WH_NORTH,Standard,Office Supplies,1836.24,2026-01-13 16:04:00,2026-01-21 02:59:00,178.92,1,0,0
ORD04731,CUST0681,SMB,WH_WEST,Express,Office Supplies,698.43,2026-05-17 13:07:00,2026-05-25 17:44:00,196.62,1,1,0
ORD04732,CUST0518,SMB,WH_NORTH,Standard,Industrial,1737.31,2026-06-22 14:15:00,2026-06-30 03:48:00,181.55,1,0,0
ORD04733,CUST0912,Retail,WH_WEST,Express,Office Supplies,782.98,2026-05-30 14:15:00,2026-06-05 09:45:00,139.5,0,0,0
ORD04734,CUST0319,Retail,WH_NORTH,Express,Clothing,2640.51,2026-02-23 17:44:00,2026-02-28 11:40:00,113.93,0,0,0
ORD04735,CUST0765,Retail,WH_EAST,Priority,Electronics,2281.89,2026-01-16 15:51:00,2026-01-21 17:38:00,121.78,0,1,0
ORD04736,CUST0797,SMB,WH_NORTH,Express,Clothing,3890.42,2026-04-03 13:53:00,2026-04-09 02:56:00,133.05,0,0,0
ORD04737,CUST0126,SMB,WH_EAST,Priority,Industrial,960.35,2026-03-25 12:12:00,2026-04-02 08:01:00,187.82,1,1,0
ORD04738,CUST0533,Retail,WH_WEST,Priority,Furniture,1857.91,2026-05-13 14:15:00,2026-05-16 02:51:00,60.6,0,0,0
ORD04739,CUST0387,Retail,WH_WEST,Standard,Clothing,606.67,2026-01-13 12:54:00,2026-01-20 12:50:00,167.93,0,0,0
ORD04740,CUST0393,SMB,WH_SOUTH,Priority,Office Supplies,3169.08,2026-04-19 14:12:00,2026-04-22 19:27:00,77.25,0,1,0
ORD04741,CUST0473,SMB,WH_WEST,Express,Industrial,2738.31,2026-06-20 13:34:00,2026-06-28 23:06:00,201.53,1,0,0
ORD04742,CUST0684,Retail,WH_SOUTH,Priority,Office Supplies,2688.25,2026-06-26 14:07:00,2026-06-29 16:19:00,74.2,0,0,0
ORD04743,CUST0412,SMB,WH_SOUTH,Express,Office Supplies,1810.39,2026-01-15 16:55:00,2026-01-20 16:52:00,119.95,0,0,0
ORD04744,CUST0443,SMB,WH_NORTH,Standard,Electronics,2519.51,2026-01-01 11:22:00,2026-01-10 09:50:00,214.47,1,0,0
ORD04745,CUST0199,Retail,WH_NORTH,Standard,Electronics,6525.49,2026-05-27 16:46:00,2026-06-04 19:36:00,194.83,1,0,0
ORD04746,CUST0052,Enterprise,WH_NORTH,Standard,Office Supplies,1439.32,2026-01-11 08:25:00,2026-01-18 00:13:00,159.8,0,0,0
ORD04747,CUST0286,Enterprise,WH_SOUTH,Standard,Clothing,2020.13,2026-04-29 09:22:00,2026-05-11 10:04:00,288.7,1,0,0
ORD04748,CUST0745,Enterprise,WH_NORTH,Priority,Industrial,758.32,2026-06-12 17:51:00,2026-06-21 14:52:00,213.02,1,0,0
ORD04749,CUST0799,Enterprise,WH_EAST,Priority,Industrial,902.7,2026-06-23 09:09:00,2026-06-30 19:58:00,178.82,1,0,0
ORD04750,CUST0240,Retail,WH_SOUTH,Express,Furniture,1955.21,2026-01-07 17:03:00,2026-01-13 12:05:00,139.03,0,1,0
ORD04751,CUST0925,SMB,WH_NORTH,Standard,Furniture,4372.75,2026-01-29 12:29:00,2026-02-05 19:39:00,175.17,1,0,1
ORD04752,CUST0217,Retail,WH_NORTH,Priority,Industrial,1472.88,2026-04-30 12:25:00,2026-05-07 14:43:00,170.3,1,0,0
ORD04753,CUST0132,Retail,WH_NORTH,Standard,Furniture,1497.07,2026-04-15 09:45:00,2026-04-24 04:34:00,210.82,1,0,0
ORD04754,CUST0187,SMB,WH_SOUTH,Priority,Industrial,1305.7,2026-02-22 12:20:00,2026-02-26 04:20:00,88.0,0,0,0
ORD04755,CUST0720,SMB,WH_SOUTH,Priority,Industrial,1178.73,2026-03-09 16:54:00,2026-03-16 01:22:00,152.47,0,0,0
ORD04756,CUST0727,Retail,WH_SOUTH,Priority,Clothing,2289.24,2026-03-10 12:36:00,2026-03-15 09:03:00,116.45,0,0,0
ORD04757,CUST0567,Retail,WH_EAST,Priority,Industrial,545.77,2026-04-18 09:00:00,2026-04-25 15:35:00,174.58,1,0,0
ORD04758,CUST0669,Enterprise,WH_NORTH,Standard,Office Supplies,5037.94,2026-04-29 10:58:00,2026-05-07 11:38:00,192.67,1,0,0
ORD04759,CUST0922,SMB,WH_SOUTH,Priority,Clothing,1061.74,2026-05-05 16:26:00,2026-05-13 19:51:00,195.42,1,0,1
ORD04760,CUST0441,SMB,WH_WEST,Express,Electronics,3221.24,2026-03-18 12:26:00,2026-03-23 01:00:00,108.57,0,0,0
ORD04761,CUST0714,Retail,WH_WEST,Standard,Office Supplies,654.58,2026-05-17 08:37:00,2026-05-25 20:06:00,203.48,1,0,0
ORD04762,CUST0640,Enterprise,WH_SOUTH,Express,Clothing,3087.36,2026-01-19 08:45:00,2026-01-25 03:13:00,138.47,0,0,0
ORD04763,CUST0073,Retail,WH_WEST,Priority,Office Supplies,3095.04,2026-01-13 13:22:00,2026-01-16 18:13:00,76.85,0,0,0
ORD04764,CUST0546,SMB,WH_NORTH,Priority,Office Supplies,2458.64,2026-06-18 11:21:00,2026-06-25 11:43:00,168.37,1,0,0
ORD04765,CUST0228,Retail,WH_NORTH,Priority,Industrial,816.03,2026-04-24 15:35:00,2026-04-26 23:04:00,55.48,0,0,0
ORD04766,CUST0010,Enterprise,WH_SOUTH,Express,Office Supplies,2207.55,2026-06-05 14:09:00,2026-06-11 15:35:00,145.43,0,0,0
ORD04767,CUST0151,Enterprise,WH_EAST,Priority,Office Supplies,701.73,2026-02-09 16:44:00,2026-02-18 19:04:00,218.33,1,0,0
ORD04768,CUST0342,Enterprise,WH_WEST,Priority,Office Supplies,1477.03,2026-02-16 16:23:00,2026-02-26 22:43:00,246.33,1,0,0
ORD04769,CUST0673,Enterprise,WH_WEST,Priority,Industrial,4119.68,2026-03-21 14:31:00,2026-03-27 02:36:00,132.08,0,1,0
ORD04770,CUST0187,Enterprise,WH_NORTH,Standard,Clothing,3419.88,2026-01-04 16:11:00,2026-01-14 05:31:00,229.33,1,0,0
ORD04771,CUST0820,SMB,WH_EAST,Priority,Office Supplies,1830.14,2026-03-11 09:18:00,2026-03-18 02:09:00,160.85,0,0,0
ORD04772,CUST0491,SMB,WH_NORTH,Standard,Clothing,828.95,2026-03-10 15:29:00,2026-03-15 02:09:00,106.67,0,0,0
ORD04773,CUST0970,SMB,WH_EAST,Standard,Industrial,3030.46,2026-01-14 15:17:00,2026-01-20 20:29:00,149.2,0,0,0
ORD04774,CUST0927,Retail,WH_WEST,Priority,Furniture,1836.29,2026-01-10 15:42:00,2026-01-14 12:36:00,92.9,0,0,0
ORD04775,CUST0269,SMB,WH_NORTH,Express,Clothing,282.52,2026-01-08 09:43:00,2026-01-11 19:29:00,81.77,0,0,0
ORD04776,CUST0611,SMB,WH_WEST,Standard,Industrial,3381.6,2026-03-10 12:50:00,2026-03-16 07:03:00,138.22,0,0,0
ORD04777,CUST0527,SMB,WH_WEST,Priority,Clothing,1773.33,2026-03-21 10:02:00,2026-03-28 13:14:00,171.2,1,0,0
ORD04778,CUST0503,Enterprise,WH_WEST,Priority,Industrial,4731.33,2026-06-28 15:14:00,2026-07-01 11:26:00,68.2,0,0,0
ORD04779,CUST0474,Retail,WH_EAST,Priority,Industrial,752.79,2026-01-27 11:40:00,2026-02-04 13:40:00,194.0,1,0,0
ORD04780,CUST0898,Retail,WH_NORTH,Priority,Industrial,142.4,2026-03-11 16:30:00,2026-03-17 22:49:00,150.32,0,0,0
ORD04781,CUST0951,SMB,WH_SOUTH,Standard,Industrial,2260.33,2026-03-17 15:00:00,2026-03-26 20:13:00,221.22,1,0,0
ORD04782,CUST0780,Enterprise,WH_WEST,Priority,Furniture,2283.01,2026-01-01 14:00:00,2026-01-09 14:36:00,192.6,1,0,0
ORD04783,CUST0775,Enterprise,WH_SOUTH,Express,Office Supplies,467.53,2026-05-05 16:58:00,2026-05-14 14:48:00,213.83,1,0,0
ORD04784,CUST0106,Enterprise,WH_WEST,Priority,Industrial,826.5,2026-04-08 17:41:00,2026-04-16 03:44:00,178.05,1,0,0
ORD04785,CUST0266,Enterprise,WH_SOUTH,Priority,Office Supplies,16385.86,2026-05-01 12:13:00,2026-05-09 00:12:00,179.98,1,0,0
ORD04786,CUST0606,Enterprise,WH_SOUTH,Express,Industrial,1415.89,2026-02-09 10:45:00,2026-02-14 22:35:00,131.83,0,1,0
ORD04787,CUST0447,Enterprise,WH_NORTH,Express,Furniture,3244.66,2026-02-01 15:43:00,2026-02-11 06:07:00,230.4,1,0,0
ORD04788,CUST0385,SMB,WH_WEST,Priority,Furniture,1074.35,2026-04-23 17:55:00,2026-04-30 12:24:00,162.48,0,0,0
ORD04789,CUST0121,Retail,WH_EAST,Priority,Industrial,339.6,2026-06-02 16:57:00,2026-06-04 23:51:00,54.9,0,0,0
ORD04790,CUST0193,SMB,WH_SOUTH,Standard,Industrial,1577.81,2026-01-28 12:17:00,2026-02-04 11:23:00,167.1,0,0,1
ORD04791,CUST0779,Enterprise,WH_EAST,Express,Industrial,1461.94,2026-04-18 13:03:00,2026-04-24 10:02:00,140.98,0,0,0
ORD04792,CUST0163,Enterprise,WH_WEST,Express,Industrial,1313.04,2026-04-16 15:18:00,2026-04-26 05:43:00,230.42,1,0,0
ORD04793,CUST0557,SMB,WH_EAST,Standard,Electronics,1649.6,2026-03-07 15:39:00,2026-03-16 19:11:00,219.53,1,0,0
ORD04794,CUST0575,Retail,WH_NORTH,Standard,Office Supplies,2233.7,2026-01-18 08:32:00,2026-01-26 09:21:00,192.82,1,0,0
ORD04795,CUST0564,Enterprise,WH_NORTH,Standard,Industrial,1603.44,2026-02-28 12:30:00,2026-03-09 05:20:00,208.83,1,0,0
ORD04796,CUST0006,Retail,WH_NORTH,Standard,Clothing,657.73,2026-05-02 16:17:00,2026-05-11 20:30:00,220.22,1,1,1
ORD04797,CUST0850,SMB,WH_EAST,Express,Clothing,2667.64,2026-03-23 10:24:00,2026-03-26 23:57:00,85.55,0,0,0
ORD04798,CUST0855,Retail,WH_WEST,Priority,Clothing,380.13,2026-03-30 09:29:00,2026-04-05 04:35:00,139.1,0,0,0
ORD04799,CUST0410,Retail,WH_SOUTH,Priority,Office Supplies,350.62,2026-03-18 12:45:00,2026-03-24 13:12:00,144.45,0,0,0
ORD04800,CUST0089,SMB,WH_WEST,Standard,Industrial,3266.08,2026-04-03 17:27:00,2026-04-12 00:27:00,199.0,1,0,0
ORD04801,CUST0270,Enterprise,WH_NORTH,Priority,Furniture,2712.47,2026-02-07 15:44:00,2026-02-16 01:20:00,201.6,1,0,0
ORD04802,CUST0436,Retail,WH_WEST,Express,Clothing,1726.9,2026-02-07 08:34:00,2026-02-14 06:27:00,165.88,0,1,0
ORD04803,CUST0473,SMB,WH_EAST,Priority,Industrial,592.08,2026-02-11 09:32:00,2026-02-17 08:21:00,142.82,0,0,1
ORD04804,CUST0844,Enterprise,WH_EAST,Priority,Office Supplies,1026.25,2026-06-20 17:37:00,2026-06-29 00:20:00,198.72,1,0,0
ORD04805,CUST0049,Enterprise,WH_EAST,Priority,Industrial,1465.28,2026-05-12 16:50:00,2026-05-21 14:33:00,213.72,1,0,0
ORD04806,CUST0368,Retail,WH_WEST,Standard,Industrial,504.36,2026-05-21 10:12:00,2026-05-25 16:26:00,102.23,0,0,0
ORD04807,CUST0477,SMB,WH_EAST,Express,Furniture,1001.02,2026-05-31 12:25:00,2026-06-04 22:57:00,106.53,0,0,0
ORD04808,CUST0340,SMB,WH_NORTH,Priority,Furniture,3046.85,2026-05-17 09:55:00,2026-05-19 15:32:00,53.62,0,0,0
ORD04809,CUST0856,Enterprise,WH_NORTH,Standard,Office Supplies,5663.77,2026-03-01 12:17:00,2026-03-08 03:44:00,159.45,0,0,0
ORD04810,CUST0924,SMB,WH_SOUTH,Express,Office Supplies,1292.65,2026-05-28 16:20:00,2026-06-03 06:33:00,134.22,0,0,0
ORD04811,CUST0715,SMB,WH_WEST,Express,Office Supplies,3311.61,2026-06-05 15:37:00,2026-06-07 20:36:00,52.98,0,0,0
ORD04812,CUST0102,Retail,WH_EAST,Priority,Office Supplies,391.02,2026-06-27 14:38:00,2026-07-04 01:57:00,155.32,0,0,0
ORD04813,CUST0606,SMB,WH_EAST,Standard,Furniture,3064.26,2026-04-07 14:11:00,2026-04-12 20:51:00,126.67,0,0,0
ORD04814,CUST0200,Enterprise,WH_WEST,Express,Furniture,950.36,2026-02-01 15:32:00,2026-02-07 19:30:00,147.97,0,0,0
ORD04815,CUST0338,Enterprise,WH_WEST,Express,Electronics,2312.02,2026-03-14 12:49:00,2026-03-17 20:08:00,79.32,0,0,0
ORD04816,CUST0351,SMB,WH_SOUTH,Standard,Furniture,1482.96,2026-03-20 16:52:00,2026-03-26 21:08:00,148.27,0,0,0
ORD04817,CUST0444,SMB,WH_EAST,Express,Clothing,5199.57,2026-01-04 13:44:00,2026-01-11 15:33:00,169.82,1,0,0
ORD04818,CUST0163,Enterprise,WH_SOUTH,Standard,Office Supplies,898.25,2026-03-15 16:02:00,2026-03-24 22:12:00,222.17,1,0,0
ORD04819,CUST0329,SMB,WH_EAST,Priority,Furniture,2987.18,2026-05-18 13:55:00,2026-05-22 19:36:00,101.68,0,0,0
ORD04820,CUST0789,SMB,WH_EAST,Standard,Electronics,1445.77,2026-01-28 12:12:00,2026-02-05 13:45:00,193.55,1,0,1
ORD04821,CUST0305,Retail,WH_NORTH,Express,Electronics,1592.97,2026-04-04 14:35:00,2026-04-09 14:41:00,120.1,0,0,0
ORD04822,CUST0581,SMB,WH_WEST,Express,Clothing,1560.74,2026-03-15 10:10:00,2026-03-23 21:24:00,203.23,1,0,0
ORD04823,CUST0163,SMB,WH_WEST,Priority,Clothing,919.16,2026-02-04 13:32:00,2026-02-08 01:18:00,83.77,0,0,0
ORD04824,CUST0691,Enterprise,WH_NORTH,Standard,Furniture,1787.76,2026-05-26 13:54:00,2026-06-03 18:55:00,197.02,1,0,0
ORD04825,CUST0133,Retail,WH_SOUTH,Priority,Office Supplies,1719.66,2026-03-01 12:43:00,2026-03-04 15:39:00,74.93,0,0,0
ORD04826,CUST0762,Retail,WH_NORTH,Standard,Furniture,2192.93,2026-04-23 13:06:00,2026-04-30 03:38:00,158.53,0,0,0
ORD04827,CUST0166,SMB,WH_EAST,Priority,Industrial,1934.5,2026-02-23 15:06:00,2026-02-26 15:36:00,72.5,0,0,0
ORD04828,CUST0126,Enterprise,WH_NORTH,Priority,Electronics,3423.42,2026-06-01 15:52:00,2026-06-08 22:20:00,174.47,1,0,0
ORD04829,CUST0401,Enterprise,WH_NORTH,Priority,Electronics,3785.02,2026-05-26 08:07:00,2026-06-03 12:15:00,196.13,1,1,0
ORD04830,CUST0622,Enterprise,WH_SOUTH,Priority,Electronics,780.16,2026-02-26 10:47:00,2026-03-06 13:45:00,194.97,1,0,0
ORD04831,CUST0374,Enterprise,WH_SOUTH,Standard,Electronics,3622.86,2026-01-08 15:43:00,2026-01-21 06:41:00,302.97,1,0,0
ORD04832,CUST0610,SMB,WH_NORTH,Priority,Clothing,699.9,2026-01-10 12:36:00,2026-01-12 15:00:00,50.4,0,0,0
ORD04833,CUST0212,Enterprise,WH_NORTH,Priority,Industrial,2893.68,2026-01-03 17:03:00,2026-01-10 20:36:00,171.55,1,0,0
ORD04834,CUST0981,SMB,WH_EAST,Standard,Office Supplies,2968.44,2026-01-23 08:39:00,2026-01-29 07:03:00,142.4,0,0,0
ORD04835,CUST0502,SMB,WH_EAST,Express,Office Supplies,391.88,2026-01-21 12:14:00,2026-01-28 22:32:00,178.3,1,0,0
ORD04836,CUST0682,Enterprise,WH_WEST,Priority,Electronics,1947.66,2026-04-15 15:34:00,2026-04-19 15:24:00,95.83,0,0,1
ORD04837,CUST0619,SMB,WH_WEST,Standard,Office Supplies,1242.9,2026-02-02 09:32:00,2026-02-12 02:50:00,233.3,1,0,0
ORD04838,CUST0502,Retail,WH_NORTH,Priority,Industrial,985.34,2026-06-02 16:32:00,2026-06-09 12:57:00,164.42,0,0,0
ORD04839,CUST0928,SMB,WH_NORTH,Priority,Electronics,5327.74,2026-03-27 13:32:00,2026-04-03 22:13:00,176.68,1,0,0
ORD04840,CUST0349,Retail,WH_SOUTH,Standard,Office Supplies,1071.76,2026-01-30 13:34:00,2026-02-03 17:36:00,100.03,0,0,0
ORD04841,CUST0989,Retail,WH_NORTH,Express,Office Supplies,948.52,2026-06-21 10:37:00,2026-06-28 11:55:00,169.3,1,0,0
ORD04842,CUST0211,SMB,WH_SOUTH,Standard,Office Supplies,1920.91,2026-01-03 16:11:00,2026-01-12 08:52:00,208.68,1,0,0
ORD04843,CUST0768,Enterprise,WH_SOUTH,Standard,Industrial,3129.01,2026-02-25 14:48:00,2026-03-08 14:56:00,264.13,1,1,0
ORD04844,CUST0999,Enterprise,WH_NORTH,Express,Furniture,1614.34,2026-06-09 17:12:00,2026-06-21 10:07:00,280.92,1,0,1
ORD04845,CUST0453,SMB,WH_NORTH,Standard,Clothing,4596.71,2026-06-17 09:36:00,2026-06-25 14:54:00,197.3,1,0,0
ORD04846,CUST0615,SMB,WH_WEST,Priority,Electronics,2764.96,2026-03-21 13:06:00,2026-03-27 17:06:00,148.0,0,0,0
ORD04847,CUST0598,Enterprise,WH_SOUTH,Standard,Electronics,316.53,2026-03-04 12:56:00,2026-03-11 17:05:00,172.15,1,0,0
ORD04848,CUST0238,Enterprise,WH_EAST,Standard,Industrial,1183.73,2026-03-02 15:53:00,2026-03-09 09:36:00,161.72,0,0,0
ORD04849,CUST0805,SMB,WH_NORTH,Express,Industrial,1153.47,2026-05-18 17:25:00,2026-05-21 04:29:00,59.07,0,0,0
ORD04850,CUST0479,Enterprise,WH_EAST,Express,Furniture,2653.11,2026-02-27 09:23:00,2026-03-09 20:18:00,250.92,1,0,1
ORD04851,CUST0516,Enterprise,WH_SOUTH,Standard,Electronics,221.44,2026-04-16 08:26:00,2026-04-28 18:06:00,297.67,1,0,0
ORD04852,CUST0175,Retail,WH_NORTH,Standard,Electronics,13893.94,2026-06-28 14:02:00,2026-07-08 13:21:00,239.32,1,0,0
ORD04853,CUST0347,SMB,WH_EAST,Express,Furniture,2765.07,2026-06-23 14:28:00,2026-06-27 22:45:00,104.28,0,0,0
ORD04854,CUST0167,SMB,WH_EAST,Express,Clothing,2036.73,2026-06-05 15:42:00,2026-06-08 18:39:00,74.95,0,0,0
ORD04855,CUST0165,SMB,WH_EAST,Express,Office Supplies,4652.94,2026-06-06 08:10:00,2026-06-09 19:37:00,83.45,0,0,0
ORD04856,CUST0879,Retail,WH_WEST,Priority,Industrial,11789.01,2026-05-10 13:37:00,2026-05-17 15:50:00,170.22,1,0,0
ORD04857,CUST0600,Retail,WH_WEST,Priority,Electronics,3628.58,2026-01-23 13:41:00,2026-01-29 21:06:00,151.42,0,0,0
ORD04858,CUST0645,SMB,WH_SOUTH,Express,Electronics,3862.42,2026-03-22 09:31:00,2026-03-28 08:37:00,143.1,0,0,1
ORD04859,CUST0935,Enterprise,WH_WEST,Standard,Office Supplies,2007.31,2026-05-08 13:40:00,2026-05-17 03:22:00,205.7,1,0,0
ORD04860,CUST0804,SMB,WH_EAST,Standard,Office Supplies,1614.5,2026-02-10 16:20:00,2026-02-20 13:28:00,237.13,1,0,0
ORD04861,CUST0837,Enterprise,WH_EAST,Priority,Clothing,1235.66,2026-02-03 09:24:00,2026-02-08 10:54:00,121.5,0,1,0
ORD04862,CUST0124,SMB,WH_WEST,Priority,Office Supplies,933.66,2026-03-13 12:16:00,2026-03-21 08:19:00,188.05,1,0,0
ORD04863,CUST0229,Retail,WH_SOUTH,Standard,Electronics,1043.56,2026-03-27 16:49:00,2026-04-02 05:41:00,132.87,0,0,0
ORD04864,CUST0992,SMB,WH_WEST,Priority,Office Supplies,613.73,2026-02-25 13:09:00,2026-03-06 19:27:00,222.3,1,0,0
ORD04865,CUST0057,Retail,WH_NORTH,Standard,Industrial,1701.56,2026-04-19 11:28:00,2026-04-25 12:18:00,144.83,0,0,0
ORD04866,CUST0746,SMB,WH_NORTH,Express,Furniture,469.78,2026-05-30 17:37:00,2026-06-04 07:32:00,109.92,0,0,0
ORD04867,CUST0879,Retail,WH_WEST,Priority,Office Supplies,2106.39,2026-06-26 16:19:00,2026-07-04 06:47:00,182.47,1,0,0
ORD04868,CUST0279,Enterprise,WH_EAST,Express,Electronics,1756.25,2026-01-06 13:13:00,2026-01-11 05:43:00,112.5,0,0,0
ORD04869,CUST0639,SMB,WH_SOUTH,Express,Industrial,2033.57,2026-03-04 17:55:00,2026-03-10 03:19:00,129.4,0,0,0
ORD04870,CUST0300,SMB,WH_EAST,Standard,Electronics,1190.7,2026-04-25 09:06:00,2026-05-01 21:31:00,156.42,0,0,0
ORD04871,CUST0971,Enterprise,WH_EAST,Express,Furniture,21194.32,2026-01-03 13:02:00,2026-01-09 08:31:00,139.48,0,0,0
ORD04872,CUST0049,Enterprise,WH_NORTH,Priority,Furniture,5367.37,2026-04-12 13:15:00,2026-04-19 07:21:00,162.1,0,0,0
ORD04873,CUST0381,Retail,WH_EAST,Priority,Furniture,668.05,2026-01-11 16:24:00,2026-01-18 10:06:00,161.7,0,1,0
ORD04874,CUST0226,SMB,WH_SOUTH,Express,Furniture,2178.29,2026-06-11 17:20:00,2026-06-20 04:10:00,202.83,1,0,0
ORD04875,CUST0348,Enterprise,WH_EAST,Standard,Electronics,1111.64,2026-02-26 16:16:00,2026-03-06 19:05:00,194.82,1,0,0
ORD04876,CUST0975,Retail,WH_SOUTH,Priority,Industrial,803.05,2026-03-31 17:39:00,2026-04-04 16:35:00,94.93,0,1,0
ORD04877,CUST0555,Retail,WH_EAST,Priority,Furniture,618.9,2026-01-12 16:09:00,2026-01-20 04:44:00,180.58,1,0,0
ORD04878,CUST0305,SMB,WH_EAST,Standard,Clothing,2554.91,2026-05-01 11:28:00,2026-05-06 06:16:00,114.8,0,0,0
ORD04879,CUST0159,Enterprise,WH_SOUTH,Express,Clothing,1048.27,2026-06-20 10:44:00,2026-06-28 06:31:00,187.78,1,0,0
ORD04880,CUST0795,Enterprise,WH_SOUTH,Express,Clothing,3921.62,2026-01-24 10:05:00,2026-01-29 08:30:00,118.42,0,0,0
ORD04881,CUST0419,Enterprise,WH_EAST,Express,Electronics,4003.91,2026-01-09 09:52:00,2026-01-17 17:29:00,199.62,1,0,0
ORD04882,CUST0457,Enterprise,WH_WEST,Priority,Office Supplies,5426.94,2026-01-05 17:43:00,2026-01-13 21:48:00,196.08,1,1,0
ORD04883,CUST0019,Enterprise,WH_NORTH,Express,Clothing,914.24,2026-05-07 16:38:00,2026-05-17 05:13:00,228.58,1,0,0
ORD04884,CUST0198,SMB,WH_WEST,Express,Furniture,2644.65,2026-06-14 14:57:00,2026-06-21 11:41:00,164.73,0,0,0
ORD04885,CUST0859,Retail,WH_WEST,Standard,Electronics,2998.79,2026-05-23 10:43:00,2026-05-29 22:20:00,155.62,0,1,0
ORD04886,CUST0985,Retail,WH_WEST,Standard,Furniture,1237.26,2026-02-12 10:20:00,2026-02-20 15:36:00,197.27,1,0,0
ORD04887,CUST0202,Enterprise,WH_SOUTH,Standard,Clothing,975.14,2026-01-24 13:48:00,2026-02-05 16:39:00,290.85,1,0,0
ORD04888,CUST0381,Retail,WH_WEST,Priority,Clothing,6552.6,2026-05-11 13:40:00,2026-05-17 03:12:00,133.53,0,0,0
ORD04889,CUST0054,Retail,WH_WEST,Express,Electronics,2168.95,2026-02-21 11:42:00,2026-02-27 12:38:00,144.93,0,0,0
ORD04890,CUST0976,Enterprise,WH_EAST,Express,Office Supplies,3007.23,2026-04-04 15:08:00,2026-04-15 09:09:00,258.02,1,1,0
ORD04891,CUST0566,Retail,WH_NORTH,Express,Industrial,936.68,2026-04-27 11:07:00,2026-04-30 08:49:00,69.7,0,1,0
ORD04892,CUST0708,Enterprise,WH_SOUTH,Express,Clothing,681.69,2026-01-17 13:28:00,2026-01-25 15:43:00,194.25,1,0,0
ORD04893,CUST0807,Enterprise,WH_WEST,Priority,Clothing,1146.47,2026-04-21 17:02:00,2026-04-30 21:41:00,220.65,1,0,0
ORD04894,CUST0805,Retail,WH_WEST,Standard,Electronics,1637.27,2026-01-28 15:26:00,2026-02-05 08:49:00,185.38,1,0,1
ORD04895,CUST0179,Retail,WH_WEST,Standard,Clothing,771.72,2026-05-20 16:30:00,2026-05-24 07:05:00,86.58,0,0,0
ORD04896,CUST0380,SMB,WH_WEST,Express,Electronics,1793.86,2026-05-13 10:41:00,2026-05-16 03:19:00,64.63,0,0,0
ORD04897,CUST0023,Retail,WH_WEST,Express,Industrial,468.34,2026-05-20 15:36:00,2026-05-29 02:15:00,202.65,1,0,0
ORD04898,CUST0430,Retail,WH_SOUTH,Standard,Industrial,738.01,2026-02-24 08:40:00,2026-03-04 14:45:00,198.08,1,0,0
ORD04899,CUST0495,Retail,WH_EAST,Express,Office Supplies,3092.48,2026-06-02 08:40:00,2026-06-08 15:52:00,151.2,0,0,0
ORD04900,CUST0196,SMB,WH_NORTH,Express,Clothing,2930.81,2026-01-15 12:57:00,2026-01-23 21:13:00,200.27,1,0,0
ORD04901,CUST0092,Enterprise,WH_WEST,Standard,Electronics,1321.47,2026-02-16 12:32:00,2026-02-24 19:00:00,198.47,1,0,0
ORD04902,CUST0959,SMB,WH_SOUTH,Express,Clothing,800.94,2026-05-16 11:07:00,2026-05-23 11:22:00,168.25,1,0,0
ORD04903,CUST0099,SMB,WH_EAST,Standard,Office Supplies,794.79,2026-04-02 12:39:00,2026-04-11 18:13:00,221.57,1,0,0
ORD04904,CUST0243,SMB,WH_NORTH,Standard,Industrial,1341.29,2026-04-29 08:42:00,2026-05-07 00:52:00,184.17,1,0,0
ORD04905,CUST0131,Enterprise,WH_NORTH,Standard,Electronics,3027.87,2026-05-07 17:45:00,2026-05-15 18:38:00,192.88,1,0,0
ORD04906,CUST0820,SMB,WH_EAST,Express,Industrial,3799.39,2026-02-19 10:37:00,2026-02-25 08:09:00,141.53,0,1,0
ORD04907,CUST0232,SMB,WH_EAST,Priority,Furniture,1215.33,2026-04-20 17:54:00,2026-04-27 08:32:00,158.63,0,1,0
ORD04908,CUST0622,Retail,WH_WEST,Express,Electronics,718.53,2026-04-25 16:14:00,2026-05-02 13:15:00,165.02,0,0,0
ORD04909,CUST0724,Retail,WH_WEST,Express,Furniture,2240.1,2026-02-05 16:36:00,2026-02-14 06:27:00,205.85,1,0,0
ORD04910,CUST0408,Retail,WH_SOUTH,Priority,Industrial,935.59,2026-06-27 14:47:00,2026-07-02 09:27:00,114.67,0,0,0
ORD04911,CUST1000,SMB,WH_SOUTH,Express,Clothing,1194.4,2026-03-11 08:55:00,2026-03-16 01:49:00,112.9,0,0,0
ORD04912,CUST0406,Retail,WH_SOUTH,Priority,Office Supplies,5219.83,2026-03-25 13:18:00,2026-03-29 05:48:00,88.5,0,0,0
ORD04913,CUST0147,Enterprise,WH_NORTH,Priority,Office Supplies,3504.11,2026-03-23 16:55:00,2026-03-30 02:38:00,153.72,0,0,0
ORD04914,CUST0841,Retail,WH_EAST,Priority,Furniture,2051.61,2026-03-23 14:57:00,2026-03-30 21:30:00,174.55,1,0,1
ORD04915,CUST0668,Enterprise,WH_NORTH,Priority,Electronics,653.58,2026-01-14 11:04:00,2026-01-22 03:37:00,184.55,1,0,0
ORD04916,CUST0182,Retail,WH_WEST,Express,Clothing,2141.19,2026-01-10 15:24:00,2026-01-18 13:06:00,189.7,1,0,0
ORD04917,CUST0013,Enterprise,WH_WEST,Priority,Industrial,4230.71,2026-05-09 08:23:00,2026-05-13 18:07:00,105.73,0,0,0
ORD04918,CUST0922,Retail,WH_EAST,Priority,Industrial,1338.75,2026-03-01 09:17:00,2026-03-05 12:36:00,99.32,0,0,0
ORD04919,CUST0152,Retail,WH_NORTH,Priority,Electronics,5328.85,2026-02-17 15:58:00,2026-02-22 14:59:00,119.02,0,0,0
ORD04920,CUST0771,Enterprise,WH_NORTH,Priority,Industrial,5085.74,2026-02-05 11:16:00,2026-02-11 14:51:00,147.58,0,0,0
ORD04921,CUST0848,SMB,WH_NORTH,Express,Furniture,6843.03,2026-03-02 16:11:00,2026-03-04 22:45:00,54.57,0,0,0
ORD04922,CUST0666,Enterprise,WH_NORTH,Express,Office Supplies,2308.13,2026-01-30 17:46:00,2026-02-09 00:14:00,222.47,1,0,0
ORD04923,CUST0570,SMB,WH_NORTH,Express,Clothing,2892.61,2026-01-03 13:26:00,2026-01-10 19:55:00,174.48,1,0,1
ORD04924,CUST0148,Enterprise,WH_EAST,Priority,Office Supplies,5604.64,2026-02-17 12:08:00,2026-02-28 13:17:00,265.15,1,0,0
ORD04925,CUST0039,SMB,WH_WEST,Standard,Furniture,2586.12,2026-03-12 12:06:00,2026-03-22 09:20:00,237.23,1,0,0
ORD04926,CUST0384,Enterprise,WH_EAST,Express,Industrial,1210.77,2026-02-12 12:50:00,2026-02-22 00:26:00,227.6,1,0,0
ORD04927,CUST0447,Enterprise,WH_NORTH,Express,Clothing,1262.9,2026-03-12 10:46:00,2026-03-22 15:50:00,245.07,1,1,0
ORD04928,CUST0482,Enterprise,WH_WEST,Priority,Furniture,2188.22,2026-03-02 13:53:00,2026-03-08 04:50:00,134.95,0,0,0
ORD04929,CUST0239,Enterprise,WH_WEST,Express,Furniture,643.9,2026-04-23 16:27:00,2026-05-01 03:32:00,179.08,1,1,0
ORD04930,CUST0237,SMB,WH_NORTH,Express,Office Supplies,1612.26,2026-03-28 16:25:00,2026-04-04 03:37:00,155.2,0,1,0
ORD04931,CUST0897,Enterprise,WH_WEST,Standard,Electronics,4346.98,2026-06-08 17:22:00,2026-06-14 20:47:00,147.42,0,0,0
ORD04932,CUST0875,Retail,WH_NORTH,Express,Office Supplies,313.25,2026-01-22 12:47:00,2026-01-28 18:52:00,150.08,0,0,1
ORD04933,CUST0191,Enterprise,WH_EAST,Priority,Furniture,6170.81,2026-06-12 10:16:00,2026-06-22 06:55:00,236.65,1,0,0
ORD04934,CUST0189,Enterprise,WH_WEST,Priority,Industrial,4437.73,2026-04-16 13:44:00,2026-04-23 05:00:00,159.27,0,0,0
ORD04935,CUST0780,Enterprise,WH_EAST,Standard,Office Supplies,1251.61,2026-04-02 10:11:00,2026-04-10 00:23:00,182.2,1,0,0
ORD04936,CUST0502,SMB,WH_SOUTH,Priority,Clothing,2792.56,2026-04-29 11:46:00,2026-05-07 16:49:00,197.05,1,0,0
ORD04937,CUST0249,Retail,WH_EAST,Priority,Electronics,1812.6,2026-06-09 17:07:00,2026-06-17 03:30:00,178.38,1,0,0
ORD04938,CUST0504,SMB,WH_SOUTH,Express,Industrial,4836.72,2026-03-14 12:56:00,2026-03-19 12:50:00,119.9,0,0,0
ORD04939,CUST0006,Retail,WH_NORTH,Express,Electronics,3968.51,2026-03-17 17:27:00,2026-03-20 17:11:00,71.73,0,0,0
ORD04940,CUST0764,SMB,WH_SOUTH,Priority,Furniture,589.89,2026-01-24 14:55:00,2026-02-01 13:07:00,190.2,1,0,0
ORD04941,CUST0188,SMB,WH_EAST,Standard,Industrial,2892.31,2026-06-08 15:14:00,2026-06-13 16:02:00,120.8,0,0,0
ORD04942,CUST0209,SMB,WH_NORTH,Standard,Electronics,1533.79,2026-01-26 10:58:00,2026-01-30 02:14:00,87.27,0,0,0
ORD04943,CUST0866,Retail,WH_NORTH,Standard,Furniture,1931.91,2026-03-23 17:24:00,2026-03-30 21:19:00,171.92,1,0,0
ORD04944,CUST0246,Enterprise,WH_NORTH,Priority,Furniture,1009.75,2026-04-14 11:13:00,2026-04-22 03:07:00,183.9,1,0,0
ORD04945,CUST0173,SMB,WH_WEST,Express,Electronics,7321.05,2026-03-07 17:10:00,2026-03-13 06:49:00,133.65,0,1,0
ORD04946,CUST0423,Enterprise,WH_WEST,Standard,Industrial,4154.92,2026-04-09 14:05:00,2026-04-15 14:54:00,144.82,0,1,0
ORD04947,CUST0109,Retail,WH_NORTH,Standard,Industrial,1000.43,2026-01-14 08:14:00,2026-01-21 12:23:00,172.15,1,0,0
ORD04948,CUST0119,Enterprise,WH_EAST,Standard,Furniture,621.61,2026-02-11 10:26:00,2026-02-22 00:08:00,253.7,1,1,0
ORD04949,CUST0827,SMB,WH_EAST,Standard,Clothing,1328.04,2026-06-11 11:22:00,2026-06-20 09:46:00,214.4,1,1,0
ORD04950,CUST0990,Retail,WH_EAST,Priority,Industrial,2559.59,2026-06-08 15:52:00,2026-06-12 13:54:00,94.03,0,0,0
ORD04951,CUST0642,Enterprise,WH_EAST,Standard,Electronics,2191.11,2026-04-06 12:02:00,2026-04-12 13:05:00,145.05,0,0,0
ORD04952,CUST0291,Enterprise,WH_WEST,Express,Industrial,4927.1,2026-05-24 09:56:00,2026-05-29 02:31:00,112.58,0,0,0
ORD04953,CUST0305,SMB,WH_WEST,Express,Clothing,3401.38,2026-03-10 13:13:00,2026-03-17 17:36:00,172.38,1,0,0
ORD04954,CUST0745,Retail,WH_SOUTH,Standard,Industrial,3927.09,2026-06-19 12:02:00,2026-06-23 19:01:00,102.98,0,0,0
ORD04955,CUST0203,SMB,WH_NORTH,Standard,Electronics,2348.39,2026-06-23 08:08:00,2026-07-01 02:27:00,186.32,1,0,0
ORD04956,CUST0400,Retail,WH_SOUTH,Express,Furniture,595.0,2026-02-02 12:08:00,2026-02-07 04:41:00,112.55,0,0,0
ORD04957,CUST0434,SMB,WH_NORTH,Express,Office Supplies,1546.02,2026-05-12 09:28:00,2026-05-17 10:36:00,121.13,0,1,1
ORD04958,CUST0430,Retail,WH_NORTH,Standard,Industrial,4222.03,2026-05-13 09:22:00,2026-05-18 03:26:00,114.07,0,0,0
ORD04959,CUST0820,Retail,WH_NORTH,Priority,Office Supplies,1735.03,2026-02-23 09:39:00,2026-03-01 06:39:00,141.0,0,0,0
ORD04960,CUST0530,Enterprise,WH_WEST,Express,Office Supplies,2703.96,2026-03-30 08:14:00,2026-04-05 22:31:00,158.28,0,0,0
ORD04961,CUST0638,Enterprise,WH_NORTH,Standard,Clothing,1401.08,2026-06-24 10:06:00,2026-07-02 18:49:00,200.72,1,0,0
ORD04962,CUST0430,Enterprise,WH_WEST,Express,Furniture,793.26,2026-01-12 14:08:00,2026-01-19 15:52:00,169.73,1,0,0
ORD04963,CUST0109,Enterprise,WH_WEST,Priority,Electronics,1638.15,2026-03-24 10:09:00,2026-03-31 03:10:00,161.02,0,1,0
ORD04964,CUST0840,Enterprise,WH_EAST,Express,Clothing,2315.17,2026-06-27 15:22:00,2026-07-05 20:45:00,197.38,1,0,0
ORD04965,CUST0127,Enterprise,WH_WEST,Standard,Industrial,1070.04,2026-02-03 12:20:00,2026-02-13 00:08:00,227.8,1,0,0
ORD04966,CUST0682,Retail,WH_NORTH,Express,Furniture,1497.32,2026-02-16 14:51:00,2026-02-23 12:14:00,165.38,0,0,1
ORD04967,CUST0343,Retail,WH_WEST,Standard,Office Supplies,852.72,2026-04-25 13:23:00,2026-04-30 09:34:00,116.18,0,0,0
ORD04968,CUST0348,Retail,WH_EAST,Priority,Furniture,4426.64,2026-05-23 16:18:00,2026-05-28 02:02:00,105.73,0,0,0
ORD04969,CUST0506,SMB,WH_WEST,Standard,Electronics,1428.58,2026-06-26 11:06:00,2026-07-06 03:39:00,232.55,1,0,0
ORD04970,CUST0943,Enterprise,WH_WEST,Priority,Industrial,5780.26,2026-02-11 16:40:00,2026-02-20 16:45:00,216.08,1,0,0
ORD04971,CUST0046,Enterprise,WH_SOUTH,Priority,Electronics,6142.57,2026-05-15 15:13:00,2026-05-23 14:10:00,190.95,1,0,0
ORD04972,CUST0016,Retail,WH_EAST,Standard,Clothing,1694.53,2026-04-18 13:01:00,2026-04-28 18:07:00,245.1,1,0,0
ORD04973,CUST0823,Retail,WH_EAST,Express,Furniture,806.93,2026-03-01 12:48:00,2026-03-09 23:24:00,202.6,1,0,0
ORD04974,CUST0627,Retail,WH_WEST,Priority,Furniture,340.8,2026-06-19 14:21:00,2026-06-22 01:49:00,59.47,0,0,0
ORD04975,CUST0866,SMB,WH_NORTH,Priority,Furniture,556.89,2026-04-01 16:31:00,2026-04-07 11:05:00,138.57,0,0,0
ORD04976,CUST0862,Enterprise,WH_EAST,Standard,Clothing,602.41,2026-03-20 17:36:00,2026-03-28 15:59:00,190.38,1,0,0
ORD04977,CUST0930,Retail,WH_SOUTH,Standard,Clothing,5446.76,2026-05-14 09:12:00,2026-05-23 23:03:00,229.85,1,1,0
ORD04978,CUST0360,Retail,WH_EAST,Priority,Industrial,1983.58,2026-05-19 08:25:00,2026-05-26 23:05:00,182.67,1,0,0
ORD04979,CUST0657,SMB,WH_SOUTH,Standard,Electronics,2469.28,2026-05-21 12:32:00,2026-05-30 07:39:00,211.12,1,0,0
ORD04980,CUST0108,Enterprise,WH_WEST,Priority,Clothing,306.02,2026-06-29 15:18:00,2026-07-05 10:08:00,138.83,0,0,0
ORD04981,CUST0158,Enterprise,WH_NORTH,Priority,Furniture,693.41,2026-03-14 17:11:00,2026-03-21 19:37:00,170.43,1,0,0
ORD04982,CUST0630,Enterprise,WH_SOUTH,Priority,Clothing,3676.31,2026-01-11 08:52:00,2026-01-14 17:18:00,80.43,0,0,0
ORD04983,CUST0132,Retail,WH_EAST,Priority,Electronics,2274.28,2026-04-17 11:13:00,2026-04-20 14:21:00,75.13,0,0,1
ORD04984,CUST0923,Enterprise,WH_SOUTH,Priority,Clothing,1607.18,2026-02-08 15:01:00,2026-02-14 01:05:00,130.07,0,0,0
ORD04985,CUST0919,SMB,WH_EAST,Express,Electronics,2840.89,2026-03-27 13:42:00,2026-04-02 01:06:00,131.4,0,0,0
ORD04986,CUST0094,SMB,WH_SOUTH,Standard,Office Supplies,6691.8,2026-01-26 14:09:00,2026-01-30 05:01:00,86.87,0,0,0
ORD04987,CUST0539,Enterprise,WH_NORTH,Standard,Industrial,1514.99,2026-02-03 11:40:00,2026-02-08 11:39:00,119.98,0,0,0
ORD04988,CUST0869,SMB,WH_EAST,Standard,Office Supplies,1911.22,2026-03-23 16:02:00,2026-03-31 20:21:00,196.32,1,0,0
ORD04989,CUST0161,Enterprise,WH_SOUTH,Priority,Office Supplies,2109.23,2026-06-02 12:25:00,2026-06-09 05:40:00,161.25,0,0,0
ORD04990,CUST0283,SMB,WH_NORTH,Express,Clothing,12254.98,2026-01-16 11:27:00,2026-01-25 10:56:00,215.48,1,0,1
ORD04991,CUST0780,SMB,WH_EAST,Express,Clothing,337.15,2026-02-04 12:40:00,2026-02-08 22:30:00,105.83,0,0,0
ORD04992,CUST0578,SMB,WH_EAST,Priority,Electronics,3123.09,2026-01-04 11:23:00,2026-01-06 18:43:00,55.33,0,0,0
ORD04993,CUST0118,Enterprise,WH_SOUTH,Priority,Furniture,1649.39,2026-05-12 17:10:00,2026-05-22 03:44:00,226.57,1,0,0
ORD04994,CUST0689,Enterprise,WH_EAST,Priority,Furniture,2845.28,2026-06-10 14:51:00,2026-06-14 13:36:00,94.75,0,0,0
ORD04995,CUST0688,Retail,WH_NORTH,Express,Industrial,1068.6,2026-05-02 17:57:00,2026-05-10 07:49:00,181.87,1,0,0
ORD04996,CUST0122,Retail,WH_EAST,Standard,Clothing,1738.59,2026-02-17 09:52:00,2026-02-25 22:36:00,204.73,1,0,0
ORD04997,CUST0199,Enterprise,WH_WEST,Express,Office Supplies,3194.32,2026-05-20 12:16:00,2026-05-26 01:00:00,132.73,0,0,0
ORD04998,CUST0783,SMB,WH_NORTH,Priority,Clothing,21814.46,2026-06-08 09:51:00,2026-06-14 12:52:00,147.02,0,0,0
ORD04999,CUST0747,Enterprise,WH_NORTH,Standard,Clothing,3451.03,2026-05-31 09:12:00,2026-06-09 21:00:00,227.8,1,0,0
ORD05000,CUST0473,Enterprise,WH_WEST,Express,Industrial,917.4,2026-03-15 11:22:00,2026-03-25 17:48:00,246.43,1,0,0
